config,level,group,runs,domain_gm_mean,domain_gm_sd,phase_gm_mean,phase_gm_sd,total_gm_mean,total_gm_sd,domain_med_abs_log_mean,domain_med_abs_log_sd,phase_med_abs_log_mean,phase_med_abs_log_sd,total_med_abs_log_mean,total_med_abs_log_sd,recall_mean,recall_sd
A,field,all,3,0.8973318865077154,0.001770910057489712,0.9333578854672337,0.02087599984077319,0.8375084444806022,0.017155249660083506,0.10498981281837873,0.0012219294252170517,0.07340365290831981,0.014016582327481061,0.17876750345910367,0.017404872295741915,nan,nan
A,cell,all,3,1.0015705384139701,0.0024138277146862866,0.9291583651833024,0.016209184967926952,0.9305934757947498,0.014159179686316081,0.041850026974373955,0.0008712729877507606,0.10205381766551917,0.01096345528537021,0.1319914107399407,0.008148568323432859,0.5928018413894119,0.0023972461262585726
A,cell,edge,3,0.9815285676062898,0.004387979386497554,0.7970924206956994,0.013664023948616849,0.7823669217119402,0.013655533685118848,0.075586531719732,0.007974279109839144,0.2668511659687398,0.0172419493803845,0.3033289048653757,0.019990234378410993,0.21189164370982552,0.0032546939574742547
A,cell,interior,3,1.0055135893917884,0.0022867007863419542,0.9572863286633139,0.017057593346788705,0.962538549237399,0.014953889504691717,0.038166018416350984,0.0010239660974285037,0.08965298048465553,0.008969296284244237,0.11613225614701296,0.007515143849537318,0.9117647058823529,0.0017301038062284002
B,field,all,3,0.9091645756708319,0.005459584530254104,0.9294392306264446,0.017005584834015236,0.8449981016943257,0.015067694556923228,0.09562615958285288,0.004215121574297269,0.08102764281867718,0.017837155270765567,0.1763947925491094,0.01301277546600015,nan,nan
B,cell,all,3,1.009842238129637,0.005783447829073189,0.9263156981231241,0.015371714687906447,0.9353743565583229,0.01033943891651702,0.04333781758258657,0.00069251204404434,0.11837101891296027,0.014193522408852147,0.1451799137212866,0.010583155594676511,0.6005440468717305,0.003206016623989207
B,cell,edge,3,0.9969170100187773,0.008382861512635639,0.8190639303051551,0.011903851236239346,0.8165011077681296,0.009727696374270789,0.08115558955700107,0.0022908666665718835,0.25329385844854196,0.008259019298575974,0.3062383492805962,0.011501574715824494,0.2201561065197429,0.005076525341482094
B,cell,interior,3,1.0124474570323283,0.005353027986297126,0.9494699255010017,0.01813986421686284,0.9612260790761574,0.01358537451640614,0.039429334303155095,0.00047943107073910603,0.10431264405939089,0.012767525321761442,0.129665067391406,0.008903599492496696,0.9190695886197616,0.002400998845981706
B1,field,all,3,0.8941171691714827,0.002434891849466908,0.9250267996897309,0.01166620574630351,0.827064865465078,0.008405712759616317,0.10987875629166273,0.003558655130674758,0.08577401742180397,0.011658756566908075,0.18109095726567712,0.012650989328342795,nan,nan
B1,cell,all,3,1.000374687599197,0.0017200943625170853,0.9380015855283043,0.013287851197893708,0.9383378709607667,0.011694154075045687,0.044332643522776105,0.000571974277546258,0.11755047190074021,0.004580597431277642,0.14458928965633125,0.004375882624614716,0.5885122410546139,0.0014383476757551437
B1,cell,edge,3,0.9794127361264243,0.0022044229396028926,0.8345276209489098,0.020658320936857537,0.817373669352016,0.021878448943805324,0.0737968424402196,0.003659788946786439,0.23168534858374487,0.015663797264492824,0.29696297531480337,0.007487533091886779,0.20775941230486686,0.00039762415233444103
B1,cell,interior,3,1.0044458387540256,0.002488610077261701,0.9592806061790693,0.012514967076225583,0.9635254399818184,0.010309860846711188,0.04123491276920242,0.00010348687823203236,0.10739296139321114,0.004374990334605031,0.1309716435109829,0.003477468140491303,0.9073433294886581,0.0026004900535310646
classical,field,all,1,0.8574976924137089,nan,1.0548154567153607,nan,0.9045018200557342,nan,0.1408215785753944,nan,0.061265858347949065,nan,0.09524458168613122,nan,nan,nan
classical,cell,all,1,0.9662455277898905,nan,1.0139681948294723,nan,0.9797422335751661,nan,0.04609889650252811,nan,0.11881896465601834,nan,0.16876922060946423,nan,0.5869428750784683,nan
classical,cell,edge,1,0.919134944396114,nan,0.9516871162264907,nan,0.8747288846553336,nan,0.09527907095286225,nan,0.2117473476067923,nan,0.30848318462164465,nan,0.22520661157024793,nan
classical,cell,interior,1,0.9765354358245665,nan,1.0276817714420743,nan,1.0035676665641484,nan,0.04134567735132822,nan,0.10574568314113189,nan,0.15205932404066108,nan,0.8898500576701269,nan
