run,level,group,excluded,n,domain_gm,phase_gm,total_gm,domain_med_abs_log,phase_med_abs_log,total_med_abs_log,n_reference_cells,recall
A_s42,field,all,0,113,0.8985273457322146,0.9262726580122622,0.8322813128280814,0.10560839759828816,0.08306362562258672,0.185232560031663,,
A_s42,cell,all,0,1897,1.003507261913123,0.9221715030716917,0.9254058000617824,0.04116408214893462,0.10795259154963538,0.13571916422576932,3186,0.5954174513496547
A_s42,cell,edge,0,313,0.9865467745565194,0.798464060336286,0.7877221433240651,0.06709361303128208,0.26351623296036514,0.2879956038802861,1452,0.21556473829201103
A_s42,cell,interior,0,1584,1.0068930148106363,0.9487960991244265,0.9553361646879651,0.037906911726809094,0.09421138032170348,0.1213282157020811,1734,0.9134948096885813
A_s1337,field,all,0,113,0.895297396524479,0.9568543718335194,0.8566692279556157,0.10358228267057758,0.05732741048470945,0.15905523420804274,,
A_s1337,cell,all,0,1887,0.9988662645692519,0.947689265963083,0.9466148370649209,0.041555640468175975,0.0894038791003644,0.12264575237876707,3186,0.5922787193973634
A_s1337,cell,edge,0,306,0.9784131949254357,0.810018893260991,0.7925331733054517,0.08291387996736627,0.2515202947657282,0.2960531030431466,1452,0.21074380165289255
A_s1337,cell,interior,0,1581,1.0028740331959187,0.9769229505898609,0.9797306595797112,0.03729649500668364,0.07931996041487673,0.10751523240005895,1734,0.9117647058823529
A_s2024,field,all,0,113,0.8981709172664526,0.9169466265559194,0.8235747926581095,0.10577875818627046,0.07981992261766324,0.1920147161376053,,
A_s2024,cell,all,0,1882,1.0023380887595355,0.9176143265151324,0.9197597902575462,0.042830358306011285,0.10880498234655775,0.13760931561528567,3186,0.5907093534212178
A_s2024,cell,edge,0,304,0.9796257333369143,0.7827943084898211,0.7668454485063039,0.07675210216054763,0.28551697018012606,0.32593800767269443,1452,0.209366391184573
A_s2024,cell,interior,0,1578,1.0067737201688096,0.9461399362756542,0.9525488234445207,0.039294648515560214,0.09542760071738639,0.11955332033889884,1734,0.9100346020761245
B_s42,field,all,0,113,0.9035005810373162,0.9253889292116381,0.8360894352282148,0.10012226285214504,0.08111183228087405,0.18154496975187623,,
B_s42,cell,all,0,1909,1.0061921189893712,0.9332792958355486,0.9390582722856788,0.043052649596387105,0.1140205751516037,0.14431623063718105,3186,0.5991839296924043
B_s42,cell,edge,0,314,0.9900560628659136,0.8325720048009863,0.824292961125645,0.07882565194898361,0.24474556314912593,0.29626173562250546,1452,0.2162534435261708
B_s42,cell,interior,0,1595,1.009399595462922,0.9544960664038455,0.963467943298992,0.03888161878445286,0.10223948456498297,0.13009958362065063,1734,0.919838523644752
B_s1337,field,all,0,113,0.9095994003119942,0.9481042794520398,0.8623950840228107,0.09499243177879396,0.06314854182940187,0.16159517608716584,,
B_s1337,cell,all,0,1906,1.0068241849106634,0.9369732359776997,0.9433673145963541,0.04412738097712168,0.10686189544283559,0.13505506444714113,3186,0.5982423101067169
B_s1337,cell,edge,0,317,0.994434115666166,0.8101074814663178,0.8055985169265028,0.08123584036029734,0.2539065329821753,0.303634778484074,1452,0.21831955922865015
B_s1337,cell,interior,0,1589,1.009314370154151,0.9645667416058523,0.9735510732755525,0.03977290529309839,0.09270856677759201,0.12055216536205329,1734,0.9163783160322952
B_s2024,field,all,0,113,0.9143937456631848,0.9148244832156563,0.8365097858319512,0.09176378411761965,0.09882255434575563,0.1860442318082861,,
B_s2024,cell,all,0,1925,1.016510410488877,0.9086945625561238,0.9236974827929358,0.042833422174250936,0.13423058614444155,0.1561684460795377,3186,0.6042059008160703
B_s2024,cell,edge,0,328,1.0062608515242524,0.8145123046481617,0.8196118452522405,0.08340527636172224,0.26122947921432454,0.31881853373520896,1452,0.22589531680440772
B_s2024,cell,interior,0,1597,1.0186284054799122,0.9293469684933071,0.9466592206539276,0.039633478831914044,0.11798988083559772,0.13834345319151406,1734,0.9209919261822376
B1_s42,field,all,0,113,0.8915396979865008,0.9343530313708057,0.8330128194010997,0.11387781405028566,0.0792237344784393,0.1714058434947428,,
B1_s42,cell,all,0,1874,0.9987821861057938,0.9494020248270764,0.9482458298500545,0.04371020883117159,0.11717193239980012,0.14191967658232352,3186,0.5881983678593848
B1_s42,cell,edge,0,301,0.981354857197816,0.857877319117415,0.8418820739957161,0.07244616636841882,0.21496423976521092,0.28839185543116186,1452,0.20730027548209368
B1_s42,cell,interior,0,1573,1.00215208583183,0.9679981152418273,0.9700813302708773,0.04112372627800113,0.10610043351215759,0.1289689547266444,1734,0.9071510957324106
B1_s1337,field,all,0,113,0.8944331869032652,0.9287819026921715,0.8307333571630374,0.10706088816639264,0.07886353423380925,0.17646269267574485,,
B1_s1337,cell,all,0,1871,1.0001429894847702,0.9411945923633628,0.9413291732931933,0.04483513518779021,0.11317089018589664,0.14220882725680842,3186,0.5872567482736974
B1_s1337,cell,edge,0,302,0.979866668504637,0.8270788717818365,0.8104270186834419,0.07100435540169382,0.234074476475655,0.3022309199863933,1452,0.20798898071625344
B1_s1337,cell,interior,0,1569,1.0040936477498013,0.9649032432202395,0.968853217210624,0.04125258890656721,0.10380985550060534,0.12895890215570802,1734,0.9048442906574394
B1_s2024,field,all,0,113,0.8963786226246822,0.9119454650062153,0.8174484198310966,0.10869756665830992,0.09923478355316338,0.19540433562654372,,
B1_s2024,cell,all,0,1880,1.0021988872070267,0.9234081393944737,0.9254386097390526,0.04445258654936653,0.12230859311652387,0.1496393651298618,3186,0.5900816070307596
B1_s2024,cell,edge,0,302,0.9770166826768198,0.8186266719474778,0.7998119153768901,0.07794000555054614,0.2460173295103687,0.3002661505268549,1452,0.20798898071625344
B1_s2024,cell,interior,0,1578,1.0070917826804457,0.9449404600751409,0.9516417724639542,0.04132842312303893,0.11226859516687049,0.13498707365059623,1734,0.9100346020761245
classical,field,all,0,113,0.8574976924137089,1.0548154567153607,0.9045018200557342,0.1408215785753944,0.061265858347949065,0.09524458168613122,,
classical,cell,all,0,1870,0.9662455277898905,1.0139681948294723,0.9797422335751661,0.04609889650252811,0.11881896465601834,0.16876922060946423,3186,0.5869428750784683
classical,cell,edge,0,327,0.919134944396114,0.9516871162264907,0.8747288846553336,0.09527907095286225,0.2117473476067923,0.30848318462164465,1452,0.22520661157024793
classical,cell,interior,0,1543,0.9765354358245665,1.0276817714420743,1.0035676665641484,0.04134567735132822,0.10574568314113189,0.15205932404066108,1734,0.8898500576701269
