stem,r_squared,surface_peak_to_valley_rad,conjugated,skewness,agreement,valid,reason
NCI_01,0.9963290067465,14.736949920654297,True,-2.1633132650077216,0.9650913780907867,True,
NCI_02,0.9973708574778981,19.536449432373047,True,-2.215000656064715,0.9622774381239884,True,
NCI_03,0.9967510602577148,19.13938331604004,True,-2.2834934192826224,0.9628409931800961,True,
NCI_04,0.997274644445965,26.470901489257812,False,2.198639836847012,0.9698716476060478,True,
NCI_05,0.9937841215566043,16.777530670166016,False,1.9755612223585,0.9648749861032644,True,
NCI_06,0.9960762682438444,20.331701278686523,True,-1.9086687910143825,0.9676650598420891,True,
NCI_07,0.9960203376621782,22.21100425720215,True,-2.269655600788235,0.967705109912694,True,
NCI_08,0.9918270259830028,17.186487197875977,True,-2.106902472955475,0.9654907120642531,True,
NCI_09,0.9962567793244592,23.459793090820312,True,-2.2192305976298465,0.9720225278704215,True,
NCI_10,0.9953831543368031,17.44970703125,False,2.2482802035845793,0.9649008999705134,True,
NCI_11,0.991158350161096,13.895478248596191,False,2.173891214919367,0.9645545869453498,True,
NCI_12,0.9971984856121147,18.564453125,True,-3.1721030953996245,0.9647812770383734,True,
NCI_13,0.9945550602716801,16.8884334564209,True,-2.4948222686466717,0.9647864621627867,True,
NCI_14,0.9962539263686827,15.769891738891602,True,-1.9236056960740247,0.9663019414574349,True,
NCI_15,0.9971764682537068,16.630008697509766,False,1.5736122081550494,0.962230433181994,True,
NCI_16,0.9957072785473087,16.737890243530273,False,2.8036206000994155,0.966993719048282,True,
NCI_17,0.9954548175614039,15.497406005859375,True,-3.071593348003761,0.9679000487357345,True,
NCI_18,0.9983850246382923,22.058218002319336,True,-2.4909247784246213,0.9570407461055008,True,
NCI_19,0.99835723014899,19.440975189208984,True,-1.909605313946733,0.9536512306385676,True,
NCI_20,0.9984938794819439,21.501089096069336,True,-1.7513702621579208,0.9655280011246695,True,
NCI_21,0.9968909297726019,20.73012351989746,True,-2.7894897536619903,0.9688979522120303,True,
NCI_22,0.998472230127187,20.87351417541504,True,-1.7279913581886395,0.9682978538815876,True,
NCI_23,0.9970519353106854,16.587854385375977,False,2.4935405843748777,0.9667650209728621,True,
NCI_24,0.9981167765304096,20.200328826904297,True,-2.2256392131674994,0.9646294105153,True,
NCI_25,0.9961562828500746,20.75861930847168,True,-2.4283048226802695,0.9690722802204444,True,
NCI_26,0.9942192449261014,18.160682678222656,False,1.9054825249041705,0.9725975034050166,True,
NCI_27,0.995376250874222,13.884231567382812,False,3.0257622683524175,0.9697209545633925,True,
NCI_28,0.9980637382156633,20.315425872802734,True,-1.5807274632620547,0.9689857513053515,True,
NCI_29,0.9972270012709049,16.69709587097168,True,-2.203054361107648,0.9629544853040649,True,
NCI_30,0.9978219945349068,15.646699905395508,True,-3.825083681900237,0.9467761891409363,True,
NCI_31,0.9973605930853872,19.044723510742188,True,-2.7671050985683463,0.9713585878118166,True,
NCI_32,0.9980188848031432,18.246337890625,False,1.8443894350179704,0.9704969170943538,True,
NCI_33,0.9967073669445073,16.509429931640625,False,1.8793862871675049,0.975041579837508,True,
NCI_34,0.9979863256225119,18.964548110961914,True,-4.475752184057809,0.963040047899447,True,
NCI_35,0.9983895957705449,21.425060272216797,True,-1.8978429519039397,0.9524031529254903,True,
NCI_36,0.9982750014420815,17.22500991821289,True,-1.8711256886159782,0.9511248711864821,True,
NCI_37,0.9973912805376425,19.399850845336914,True,-2.601940999556113,0.9676998038366498,True,
NCI_38,0.9958494927476529,16.217466354370117,False,1.7970685472275678,0.971596659855308,True,
NCI_39,0.9983418175642405,20.736358642578125,False,1.8262380931113085,0.9710924834507451,True,
NCI_40,0.9963143040018808,16.922584533691406,False,1.7143626741826223,0.9670397291738604,True,
NCI_41,0.9978431317596623,17.72589683532715,True,-2.2465906769747566,0.956264420483895,True,
NCI_42,0.9967898970086394,15.781082153320312,True,-1.8828366448580687,0.9693947438755923,True,
NCI_43,0.9973061504667964,16.557193756103516,True,-1.920236847566412,0.9695540379711722,True,
NCI_44,0.997760557583915,16.983728408813477,True,-1.7910245384848327,0.9681703615277915,True,
NCI_45,0.9975983920403454,21.16486358642578,False,2.3158898714373595,0.9701055406242218,True,
NCI_46,0.9956726652933932,14.473257064819336,False,1.622329540332692,0.973084113797154,True,
NCI_47,0.9949052199941549,14.091558456420898,True,-1.942449599054443,0.9739719881860704,True,
NCI_48,0.9971906578836744,15.186586380004883,True,-1.6319742446012881,0.9692783904079402,True,
NCI_49,0.998613054196516,23.437517166137695,True,-1.867980813274564,0.9737197993721846,True,
NCI_50,0.9968011287875175,15.434962272644043,False,1.671341190897218,0.9664903467803345,True,
NCI_Blebbistatin_5uM_01,0.9982966444260114,21.366138458251953,False,1.1752821934386455,0.969148175782633,True,
NCI_Blebbistatin_5uM_02,0.9964332103047832,22.34674835205078,True,-1.8565918859048254,0.9574824465552584,True,
NCI_Blebbistatin_5uM_03,0.997619077844025,16.415830612182617,False,2.241582466211027,0.9672733229114181,True,
NCI_Blebbistatin_5uM_04,0.9956852735406748,16.812110900878906,True,-0.8006410930357754,0.9694279042825513,True,
NCI_Blebbistatin_5uM_05,0.9967950073505443,18.550079345703125,True,-1.2693772409257231,0.9722647667660166,True,
NCI_Blebbistatin_5uM_06,0.9957796366013877,17.93019676208496,True,-1.352101616915528,0.9730248433578421,True,
NCI_Blebbistatin_5uM_07,0.9955284174060405,21.13539695739746,True,-1.4747178910874315,0.972092437883749,True,
NCI_Blebbistatin_5uM_08,0.9910717382725142,17.460895538330078,True,-0.9931226545721888,0.9690994480162229,True,
NCI_Blebbistatin_5uM_09,0.9934836350574164,18.037368774414062,True,-1.730274892027275,0.9662289513850911,True,
NCI_Blebbistatin_5uM_10,0.9901730445248961,14.750441551208496,True,-1.4560567382282072,0.9702910878882526,True,
NCI_Blebbistatin_5uM_11,0.9999566220366695,431.57562255859375,True,-1.1836665033295473,0.004805172567441007,False,surface 432 rad exceeds 45 rad
NCI_Blebbistatin_5uM_12,0.9945936875092362,18.708850860595703,True,-1.2165278441479002,0.9713596716744477,True,
NCI_Blebbistatin_5uM_13,0.997712252323753,22.20419692993164,True,-2.036383298094616,0.9688782633577346,True,
NCI_Blebbistatin_5uM_14,0.9973749052284538,17.32884407043457,True,-2.4663127244401273,0.9689418973919358,True,
NCI_Blebbistatin_5uM_15,0.9979110749355354,24.13779067993164,True,-1.8266350796482305,0.9722667704017373,True,
NCI_Blebbistatin_5uM_16,0.9958352681168233,18.67223358154297,False,1.7483006752170596,0.9704895503734186,True,
NCI_Blebbistatin_5uM_17,0.998612183432108,18.632661819458008,True,-3.639166554752038,0.9533693156904686,True,
NCI_Blebbistatin_5uM_18,0.9986942578013441,18.20583724975586,False,3.456122136501228,0.9408552737219833,True,
NCI_Blebbistatin_5uM_19,0.9980893736923502,16.24578285217285,False,2.4623250789636706,0.9569780851282051,True,
NCI_Blebbistatin_5uM_20,0.9981486039589312,18.57248306274414,True,-2.1382266669868533,0.9580473369726836,True,
NCI_Blebbistatin_5uM_21,0.9977361305508368,18.245716094970703,False,2.7019138589146694,0.9672244365763019,True,
NCI_Blebbistatin_5uM_22,0.998069909993435,14.931929588317871,True,-2.5070341295818377,0.9548813990742249,True,
NCI_Blebbistatin_5uM_23,0.997760591951642,19.09357452392578,True,-2.0440563432641525,0.9695454788228282,True,
NCI_Blebbistatin_5uM_24,0.9968027187906661,16.996875762939453,False,2.037238394635703,0.9670166161320003,True,
NCI_Blebbistatin_5uM_25,0.9980841604162491,17.068531036376953,False,3.3128777484323297,0.9634291755766407,True,
NCI_Blebbistatin_5uM_26,0.9983834636722883,24.129989624023438,True,-1.7817080459834365,0.9655002253234712,True,
NCI_Blebbistatin_5uM_27,0.9985661231078365,17.74593162536621,False,2.1982986288733133,0.9418282962767449,True,
NCI_Blebbistatin_5uM_28,0.9982155691021692,18.986574172973633,True,-3.6909237811670517,0.9490074388148102,True,
NCI_Blebbistatin_5uM_29,0.9978151479090818,19.107053756713867,True,-2.630129497013745,0.9653616032321106,True,
NCI_Blebbistatin_5uM_30,0.998356764473065,18.000934600830078,False,4.630589092992925,0.9458561236341948,True,
NCI_Blebbistatin_5uM_31,0.9982409144587575,18.105342864990234,True,-4.4765103306275575,0.9606334824236752,True,
NCI_Blebbistatin_5uM_32,0.9989187736507196,21.49190330505371,True,-3.5676434857659762,0.9261576518980364,True,
NCI_Blebbistatin_5uM_33,0.998680111067091,18.629528045654297,False,2.7044556027659468,0.9392865948145175,True,
NCI_Blebbistatin_5uM_34,0.9970895318546422,17.220863342285156,False,2.851965892303291,0.9687286934493302,True,
NCI_Blebbistatin_5uM_35,0.9987048969304305,24.048189163208008,True,-2.67890713247719,0.961846914706148,True,
NCI_Blebbistatin_5uM_36,0.9999744240986025,399.9001770019531,True,-0.31883755126510627,-0.001575098051302875,False,surface 400 rad exceeds 45 rad
NCI_Blebbistatin_5uM_37,0.998063809592494,19.329174041748047,True,-2.71989776455279,0.9543556697578922,True,
NCI_Blebbistatin_5uM_38,0.9985215936218244,17.375913619995117,True,-4.112389843710352,0.9143126727511609,True,
NCI_Blebbistatin_5uM_39,0.9985858718058693,22.05087661743164,True,-2.295118707744697,0.9683714471458301,True,
NCI_Blebbistatin_5uM_40,0.997978741957981,21.649084091186523,False,1.7682769003174426,0.969811590285003,True,
NCI_Blebbistatin_5uM_41,0.9989684087580648,24.84119415283203,True,-2.864279883597407,0.9365726616685665,True,
NCI_Blebbistatin_5uM_42,0.9974240914180652,16.34893798828125,True,-1.6380126677767064,0.9648257343554324,True,
NCI_Blebbistatin_5uM_43,0.9953183561284201,15.263527870178223,True,-2.241316780062742,0.9652750766082365,True,
NCI_Blebbistatin_5uM_44,0.9987519933410921,23.575746536254883,False,2.0844437310456545,0.968710843894129,True,
NCI_Blebbistatin_5uM_45,0.9988588393575086,21.39192771911621,True,-2.3785284198635654,0.955780004115617,True,
NCI_Blebbistatin_5uM_46,0.9980428376547369,20.241558074951172,False,1.8734020094274961,0.9685059023963992,True,
NCI_Blebbistatin_5uM_47,0.997679996034182,16.755943298339844,True,-2.119115219028045,0.9698617484991934,True,
NCI_Blebbistatin_5uM_48,0.9964064368093883,18.01849365234375,False,2.1685693303219074,0.9728485610080413,True,
NCI_Blebbistatin_5uM_49,0.9959226117595357,16.045001983642578,True,-1.914605555030265,0.9699713697700554,True,
NCI_Blebbistatin_5uM_50,0.9984880166849537,19.97689437866211,True,-2.2892284136400693,0.9588874807257405,True,
NCI_FCCP_10uM_01,0.9954189269310559,22.831344604492188,True,-1.496638673957742,0.9687575939558628,True,
NCI_FCCP_10uM_02,0.9958573131954274,16.53978157043457,True,-1.4943859758610256,0.9669169381701826,True,
NCI_FCCP_10uM_03,0.9955222727039166,19.42006492614746,True,-2.158848941974766,0.97230762365809,True,
NCI_FCCP_10uM_04,0.9981338695051748,17.977479934692383,False,2.4206955981861316,0.969266134524348,True,
NCI_FCCP_10uM_05,0.9981864943349364,18.595775604248047,True,-2.2148257265353353,0.96748509969028,True,
NCI_FCCP_10uM_06,0.998017822653495,16.767229080200195,True,-3.108734580147611,0.9594977110804268,True,
NCI_FCCP_10uM_07,0.9988351541000402,22.29399299621582,True,-4.180156593260391,0.9645025435208872,True,
NCI_FCCP_10uM_08,0.9970771782094384,20.612619400024414,True,-2.4924172194498944,0.9677051989128729,True,
NCI_FCCP_10uM_09,0.997366482281684,19.277755737304688,True,-2.2947446139325187,0.9651574844345677,True,
NCI_FCCP_10uM_10,0.9963997458042246,16.019254684448242,True,-2.1244814404566417,0.9606025607419906,True,
NCI_FCCP_10uM_11,0.998540737765158,18.311931610107422,True,-2.5324285080175515,0.9453994764017136,True,
NCI_FCCP_10uM_12,0.9982242754875611,18.00098419189453,False,2.3701142253639396,0.9680635199287599,True,
NCI_FCCP_10uM_13,0.9985214684548138,17.853160858154297,True,-3.3608609786277577,0.9257289698265374,True,
NCI_FCCP_10uM_14,0.9984370802475656,21.131444931030273,True,-2.43578626296136,0.9613873666942425,True,
NCI_FCCP_10uM_15,0.9981042142841936,20.164100646972656,False,2.531472668617787,0.9632415686850375,True,
NCI_FCCP_10uM_16,0.9974171118438642,16.05983543395996,True,-4.103016753458588,0.9485126695034233,True,
NCI_FCCP_10uM_17,0.9990055718565254,23.045345306396484,False,3.359763768092819,0.9479409322605614,True,
NCI_FCCP_10uM_18,0.998534456756694,17.07719612121582,True,-2.907411874694535,0.9547782673326902,True,
NCI_FCCP_10uM_19,0.9973876305887057,17.440555572509766,False,2.700902925636951,0.9514110921285759,True,
NCI_FCCP_10uM_20,0.9977902632689126,16.900663375854492,True,-2.1002321819284653,0.957647808934192,True,
NCI_FCCP_10uM_21,0.9980109020781,19.175403594970703,True,-2.1712509756722307,0.964820387772644,True,
NCI_FCCP_10uM_22,0.9972787231180278,19.033985137939453,True,-1.9763225774109887,0.9563277037860948,True,
NCI_FCCP_10uM_23,0.9990434687801674,19.983354568481445,True,-3.3308041741300456,0.9229771701397141,True,
NCI_FCCP_10uM_24,0.999080108598622,23.026247024536133,True,-3.4079221241806494,0.9414112795573853,True,
NCI_FCCP_10uM_25,0.9976682976522901,13.463970184326172,True,-3.5741677563282948,0.944578721911664,True,
NCI_FCCP_10uM_26,0.9976565758165024,20.813440322875977,False,2.0144259522872883,0.964421655496432,True,
NCI_FCCP_10uM_27,0.9984370431968043,19.833036422729492,True,-1.9701930280900475,0.9493357707187795,True,
NCI_FCCP_10uM_28,0.9974135122668466,15.233785629272461,True,-3.1717332560799227,0.9453818799159979,True,
NCI_FCCP_10uM_29,0.9968571301635045,16.359458923339844,False,2.0841749563719243,0.9616699698245724,True,
NCI_FCCP_10uM_30,0.9979394822190266,15.533732414245605,True,-2.596702681587022,0.9614946671578434,True,
NCI_FCCP_10uM_31,0.9979314211362935,17.546119689941406,True,-2.1680928049343855,0.9608688423182186,True,
NCI_FCCP_10uM_32,0.9981532625815281,21.87705421447754,True,-1.7424313005093581,0.9654939079466666,True,
NCI_FCCP_10uM_33,0.9976993035036777,16.725860595703125,True,-1.5451261939993075,0.957951411646213,True,
NCI_FCCP_10uM_34,0.997674421392489,20.791635513305664,True,-1.9736744928656276,0.9662336634642956,True,
NCI_FCCP_10uM_35,0.9984613332077552,17.59385108947754,True,-2.4131921146489512,0.9304308906483754,True,
NCI_FCCP_10uM_36,0.9980095319073587,16.368850708007812,True,-2.388309617549804,0.9694873317897486,True,
NCI_FCCP_10uM_37,0.9976645228497003,17.927547454833984,False,2.698410850641941,0.9523353270361482,True,
NCI_FCCP_10uM_38,0.9974333189004322,17.18133544921875,True,-1.745852126486155,0.9631963028577921,True,
NCI_FCCP_10uM_39,0.9981425580823996,19.80864143371582,True,-1.7775085225627874,0.9609908169117954,True,
NCI_FCCP_10uM_40,0.9971605262584254,17.52500343322754,True,-1.566861488232777,0.9693812530677002,True,
NCI_FCCP_10uM_41,0.9971618141660538,16.491741180419922,True,-2.0224464971528437,0.9623548812711782,True,
NCI_FCCP_10uM_42,0.9981489528651613,24.448741912841797,True,-1.6239319518497417,0.9630896330743056,True,
NCI_FCCP_10uM_43,0.9959366006061401,14.196553230285645,True,-2.375076957518315,0.9647310433747744,True,
NCI_FCCP_10uM_44,0.9975267400266785,15.398262977600098,True,-2.0754269616506438,0.9339045981150473,True,
NCI_FCCP_10uM_45,0.9969920498585054,16.665485382080078,True,-2.0794837923595377,0.9576944124703155,True,
NCI_FCCP_10uM_46,0.9981043957944489,15.579277038574219,True,-2.3083116236330925,0.9490983257342693,True,
NCI_FCCP_10uM_47,0.9990552481848233,25.48680877685547,False,2.2400856682313797,0.9560056879378457,True,
NCI_FCCP_10uM_48,0.9980558682939727,18.104167938232422,True,-2.3830544385138426,0.960139765168958,True,
NCI_FCCP_10uM_49,0.9990845973145153,22.977916717529297,True,-3.090174133216821,0.922671240128414,True,
NCI_FCCP_10uM_50,0.9984372998573893,18.907794952392578,True,-2.8551253256313087,0.9523084031334607,True,
NCI_Staurosporine_100nM_01,0.9969651691004312,16.82976531982422,False,2.0162478253427576,0.944075681933098,True,
NCI_Staurosporine_100nM_02,0.9977358318459364,17.01637840270996,False,3.114432607964106,0.9505940093794428,True,
NCI_Staurosporine_100nM_03,0.9976077813764801,18.932933807373047,True,-2.816767827594828,0.9562653540541913,True,
NCI_Staurosporine_100nM_04,0.996073959716252,15.037280082702637,True,-1.9088701101418024,0.9512971854937348,True,
NCI_Staurosporine_100nM_05,0.9969924058177635,17.154277801513672,False,2.983076436498628,0.945731141459197,True,
NCI_Staurosporine_100nM_06,0.9974982125193792,20.775447845458984,True,-2.6015194874045053,0.9448515790741518,True,
NCI_Staurosporine_100nM_07,0.9977724177851778,21.349952697753906,False,2.8367978608394853,0.951496548193422,True,
NCI_Staurosporine_100nM_08,0.9975397280096897,17.251026153564453,True,-2.750566252384009,0.9440294226229397,True,
NCI_Staurosporine_100nM_09,0.998325120297572,16.497331619262695,True,-2.6227859080041394,0.9437378629289807,True,
NCI_Staurosporine_100nM_10,0.9982423683624433,19.523286819458008,True,-3.1893087636900948,0.9504827427006538,True,
NCI_Staurosporine_100nM_11,0.9986177134658559,17.598413467407227,True,-4.414371573516289,0.9365497212198366,True,
NCI_Staurosporine_100nM_12,0.9981436881596649,22.296321868896484,False,3.7377008596534624,0.944232155398428,True,
NCI_Staurosporine_100nM_13,0.9977900334758182,22.473648071289062,True,-3.007942793637154,0.9466730868137815,True,
NCI_Staurosporine_100nM_14,0.9990501793078523,23.133644104003906,True,-3.243119477055805,0.9338072294485438,True,
NCI_Staurosporine_100nM_15,0.9980291311506708,17.514543533325195,True,-3.04348083532751,0.9442553093608588,True,
NCI_Staurosporine_100nM_16,0.998629152557527,21.431774139404297,True,-2.3232399478064365,0.9425087389040788,True,
NCI_Staurosporine_100nM_17,0.997434536735262,17.267436981201172,True,-2.61891408781192,0.9416707801446471,True,
NCI_Staurosporine_100nM_18,0.9970916812881822,18.078651428222656,True,-2.0841767800553677,0.9488294447117038,True,
NCI_Staurosporine_100nM_19,0.9975383640094729,16.51885414123535,True,-2.912267065023263,0.9321484145481916,True,
NCI_Staurosporine_100nM_20,0.9975843090855463,15.315770149230957,True,-2.8102981829353335,0.9359922123549204,True,
NCI_Staurosporine_100nM_21,0.9964821873495412,15.214178085327148,True,-1.6031561810991894,0.941538440258596,True,
NCI_Staurosporine_100nM_22,0.9972375645176852,17.64735221862793,True,-2.3816142398338456,0.9482084893457601,True,
NCI_Staurosporine_100nM_23,0.9971576669094797,17.39752197265625,True,-2.4704245214043272,0.9431025060651248,True,
NCI_Staurosporine_100nM_24,0.9976921689342153,16.119245529174805,True,-2.4210702541305427,0.9356504173562511,True,
NCI_Staurosporine_100nM_25,0.997710270193608,21.512819290161133,True,-2.344849534709061,0.9500338616570863,True,
NCI_Staurosporine_100nM_26,0.996893709709826,19.8690242767334,False,2.6088789878189136,0.943768238484221,True,
NCI_Staurosporine_100nM_27,0.9984292075668777,19.14268684387207,True,-3.8966244359797364,0.9379038864066427,True,
NCI_Staurosporine_100nM_28,0.9985698092167148,21.824186325073242,True,-4.054335234656743,0.924291698275328,True,
NCI_Staurosporine_100nM_29,0.9966371188079004,16.009653091430664,True,-3.1926980707963097,0.9523806108096612,True,
NCI_Staurosporine_100nM_30,0.9977367330730645,19.302692413330078,False,3.050095685234899,0.9453140413772763,True,
NCI_Staurosporine_100nM_31,0.9977529435706691,15.683825492858887,True,-2.8813015620644085,0.9373568541826311,True,
NCI_Staurosporine_100nM_32,0.9978673263416256,16.239103317260742,True,-2.473581157682542,0.9491436741166484,True,
NCI_Staurosporine_100nM_33,0.998218536401689,19.81730079650879,True,-2.8075260420364336,0.9412302200091517,True,
NCI_Staurosporine_100nM_34,0.9979596567519614,18.986595153808594,False,2.351003647525295,0.9469315472008414,True,
NCI_Staurosporine_100nM_35,0.9999717466151827,410.42413330078125,False,-0.0014332471902345713,-0.0012804122703216245,False,surface 410 rad exceeds 45 rad
NCI_Staurosporine_100nM_36,0.998626862958897,20.147510528564453,True,-4.723372214050576,0.9252438955151925,True,
NCI_Staurosporine_100nM_37,0.997124308934475,17.676803588867188,True,-3.3081131600003455,0.944318629746897,True,
NCI_Staurosporine_100nM_38,0.9971133270643099,15.7427978515625,True,-2.5828307790719,0.95225439932165,True,
NCI_Staurosporine_100nM_39,0.9977662734389984,17.608013153076172,True,-2.03637735889631,0.9462974354667898,True,
NCI_Staurosporine_100nM_40,0.9984342717813355,23.140682220458984,True,-2.5883778902930423,0.9463283519670934,True,
NCI_Staurosporine_100nM_41,0.9980451742915003,21.62624168395996,True,-2.714082053625641,0.939221320726638,True,
NCI_Staurosporine_100nM_42,0.9999888867270308,423.69537353515625,False,-0.010552964487825571,-0.0016891329200778283,False,surface 424 rad exceeds 45 rad
NCI_Staurosporine_100nM_43,0.9977055986599651,17.574981689453125,True,-4.562984266729283,0.939878417789321,True,
NCI_Staurosporine_100nM_44,0.9978060121413272,16.0250244140625,True,-3.232160735186472,0.934259110418568,True,
NCI_Staurosporine_100nM_45,0.9986168098105058,20.16116714477539,True,-2.8307176492330175,0.9112670946049631,True,
NCI_Staurosporine_100nM_46,0.9981686654728502,20.036334991455078,True,-3.1438987848510553,0.9197257130811224,True,
NCI_Staurosporine_100nM_47,0.997727224437886,17.032779693603516,True,-2.8409941438761264,0.9356893116907022,True,
NCI_Staurosporine_100nM_48,0.9984821895519812,19.05105972290039,True,-3.0037243453066034,0.9315015763245351,True,
NCI_Staurosporine_100nM_49,0.998684094760472,19.64800453186035,True,-4.039122851249938,0.9196995195589841,True,
NCI_Staurosporine_100nM_50,0.9989311595407699,19.231964111328125,False,3.4755754267884926,0.8780124888514663,True,
NCI_rotenone_500nM_01,0.9976841804363124,21.856918334960938,True,-1.6184295057649456,0.9699385556460853,True,
NCI_rotenone_500nM_02,0.9982752268861474,20.50882911682129,True,-2.986747669758486,0.9644475007959262,True,
NCI_rotenone_500nM_03,0.9970277496344021,20.117307662963867,True,-3.4378253244542933,0.972402535696812,True,
NCI_rotenone_500nM_04,0.9980576264130177,18.91476058959961,True,-3.4177812075885425,0.9645952992061886,True,
NCI_rotenone_500nM_05,0.99724795371206,16.246395111083984,False,2.480243650418764,0.972171840280424,True,
NCI_rotenone_500nM_06,0.9970842148370204,23.68120574951172,False,2.1905786775027476,0.9704313191010295,True,
NCI_rotenone_500nM_07,0.9962345653129081,18.603229522705078,True,-2.5224662424393176,0.9679338780158273,True,
NCI_rotenone_500nM_08,0.9977412930473868,24.379581451416016,True,-2.7147175334249343,0.9649819641819286,True,
NCI_rotenone_500nM_09,0.9958782345054791,18.853965759277344,True,-3.204209195772287,0.9660357886560974,True,
NCI_rotenone_500nM_10,0.9981602808828606,20.121870040893555,True,-3.3230028356619887,0.9659291808488605,True,
NCI_rotenone_500nM_11,0.9960837512451112,18.993186950683594,True,-3.1981460143159324,0.9657305581643713,True,
NCI_rotenone_500nM_12,0.997661553156701,17.799175262451172,True,-4.721962696374203,0.9547397708062326,True,
NCI_rotenone_500nM_13,0.9973739443442177,16.545894622802734,True,-3.429934484411741,0.964623378779964,True,
NCI_rotenone_500nM_14,0.9975472753914016,14.642127990722656,True,-3.558689402948859,0.962345809321289,True,
NCI_rotenone_500nM_15,0.9983858942755152,23.331026077270508,False,2.0453327734152595,0.9690629943599686,True,
NCI_rotenone_500nM_16,0.9976526184121499,19.457517623901367,True,-1.7270478510781209,0.9715825550401238,True,
NCI_rotenone_500nM_17,0.997497655898336,19.994098663330078,True,-1.8309706957678742,0.9683139777053169,True,
NCI_rotenone_500nM_18,0.994247887841515,13.23907470703125,False,1.6635944142407584,0.9734094273236982,True,
NCI_rotenone_500nM_19,0.9967145744016234,19.215774536132812,False,1.9227378881118717,0.9709574507632217,True,
NCI_rotenone_500nM_20,0.9966904293298963,18.135578155517578,True,-1.6110430423704059,0.9684714047867071,True,
NCI_rotenone_500nM_21,0.9959859020279539,18.53862762451172,False,1.905493276471721,0.972508025796775,True,
NCI_rotenone_500nM_22,0.9976582673214368,22.0341739654541,True,-2.1457228520623657,0.9700221068261539,True,
NCI_rotenone_500nM_23,0.9966200317981098,17.542972564697266,True,-2.1895937838420925,0.9676779758276197,True,
NCI_rotenone_500nM_24,0.9957440063901011,17.194183349609375,True,-1.4423547474562832,0.974174719114329,True,
NCI_rotenone_500nM_25,0.9985765630424865,22.704063415527344,True,-2.7189188786483225,0.957891171299617,True,
NCI_rotenone_500nM_26,0.9983355230902492,24.449127197265625,True,-4.111384082527366,0.9647001604744853,True,
NCI_rotenone_500nM_27,0.9959871053673852,17.079591751098633,False,1.7101919991692445,0.9688186354493807,True,
NCI_rotenone_500nM_28,0.9978406473206856,21.117294311523438,True,-2.6476162549326614,0.9631742173328685,True,
NCI_rotenone_500nM_29,0.9958853375832296,16.7513427734375,False,1.7647604966627626,0.9652723002751519,True,
NCI_rotenone_500nM_30,0.9986591519491986,22.23453140258789,False,1.4917487620712901,0.9678713099334457,True,
NCI_rotenone_500nM_31,0.9982660489072591,17.283199310302734,True,-2.994613851490102,0.9613877456226744,True,
NCI_rotenone_500nM_32,0.9960835511368338,14.528294563293457,True,-1.9561802417150658,0.9527528934630095,True,
NCI_rotenone_500nM_33,0.995169276371654,14.750631332397461,False,2.1032776135936397,0.9718101850302607,True,
NCI_rotenone_500nM_34,0.9960839674643094,15.995013236999512,True,-1.69583345424412,0.969648705913409,True,
NCI_rotenone_500nM_35,0.9977465865851919,20.20652198791504,True,-2.124795837981492,0.9681091542077492,True,
NCI_rotenone_500nM_36,0.9962710238710178,18.670385360717773,True,-1.7078015117511025,0.973363303896478,True,
NCI_rotenone_500nM_37,0.9965789180677351,21.464916229248047,True,-2.479932342717329,0.9660908506238968,True,
NCI_rotenone_500nM_38,0.9976332743613662,23.355064392089844,True,-1.5032139195857308,0.9713485353927511,True,
NCI_rotenone_500nM_39,0.9999681498323733,423.88006591796875,False,0.08812580364808477,0.0004882469473617044,False,surface 424 rad exceeds 45 rad
NCI_rotenone_500nM_40,0.9960619524070488,22.42453956604004,True,-3.686838821275318,0.9624889853760245,True,
NCI_rotenone_500nM_41,0.9986997668808378,24.196802139282227,False,4.332700996112531,0.9580487004738729,True,
NCI_rotenone_500nM_42,0.9980407719902656,16.28649139404297,True,-2.992790437804355,0.9506444316176661,True,
NCI_rotenone_500nM_43,0.9982951777195207,19.41515350341797,True,-3.0669651968444445,0.9638936667386419,True,
NCI_rotenone_500nM_44,0.9981669664530544,22.024967193603516,False,4.231686036723854,0.956932005073656,True,
NCI_rotenone_500nM_45,0.9987546660909109,24.83465576171875,False,2.2356446705615562,0.9691868292200051,True,
NCI_rotenone_500nM_46,0.9987036795220837,21.357046127319336,True,-2.8158205517317465,0.9675389481100272,True,
NCI_rotenone_500nM_47,0.997967647182759,19.245845794677734,True,-3.7959285544138117,0.9609990379385971,True,
NCI_rotenone_500nM_48,0.9987191709402686,21.033708572387695,True,-2.718594843250399,0.9721252983877214,True,
NCI_rotenone_500nM_49,0.9982459817188156,19.28559112548828,True,-2.6694233220184915,0.9727263005986032,True,
NCI_rotenone_500nM_50,0.9962744694188477,16.165117263793945,True,-2.4161799027294766,0.969828784794693,True,
SNU_01,0.9999866422749867,483.86859130859375,False,0.2682702952297773,0.0004071750522598873,False,surface 484 rad exceeds 45 rad
SNU_02,0.9987079813414678,17.98384666442871,True,-1.9672287472391126,0.9392895620135564,True,
SNU_03,0.9975476398467876,16.89737892150879,True,-2.3993324853901528,0.9614971800698482,True,
SNU_04,0.9979200846027485,14.892722129821777,True,-3.4962269880755836,0.9242863340153068,True,
SNU_05,0.9982850080575535,16.503036499023438,True,-2.509113293776247,0.9306590834247679,True,
SNU_06,0.998344474215543,16.81123161315918,True,-3.322914470608294,0.8916371476065982,True,
SNU_07,0.9988262248001272,18.85015869140625,True,-3.742945225279179,0.9282747894376044,True,
SNU_08,0.9986057734841068,18.193078994750977,False,2.3569655616481624,0.9266738692190056,True,
SNU_09,0.9988181772726857,17.442310333251953,False,2.8100002470004024,0.9120266223311358,True,
SNU_100,0.9985775181197463,15.153928756713867,False,2.639488512481406,0.8851980330648307,True,
SNU_10,0.99860035254909,17.57097625732422,True,-4.151660069174795,0.9103284982446447,True,
SNU_11,0.9984062640222071,15.889256477355957,True,-2.686056702828927,0.9189272169702599,True,
SNU_12,0.9983364332267639,16.069772720336914,True,-4.496588453195576,0.9079000449699289,True,
SNU_13,0.9991181584293868,21.631546020507812,False,2.6451211120054814,0.9122959531605448,True,
SNU_14,0.999048911680354,20.036367416381836,True,-3.1935340171678357,0.926500894654975,True,
SNU_15,0.9987432002724599,19.929887771606445,False,2.693932304802477,0.9343160078332668,True,
SNU_16,0.998728688383881,18.008419036865234,True,-1.7511274616202748,0.9432682864286399,True,
SNU_17,0.9984032475782088,19.231826782226562,True,-1.4460499413257555,0.9392462673272566,True,
SNU_18,0.9987399982397176,18.297679901123047,True,-2.1546029089693497,0.9295700022424433,True,
SNU_19,0.9984482822165452,18.19167709350586,True,-2.1797427209304523,0.9339911458310993,True,
SNU_20,0.9983723037118049,16.70220184326172,False,2.837489569298487,0.9391923268953155,True,
SNU_21,0.998645841260889,17.200973510742188,True,-3.257017007276813,0.9220891260331551,True,
SNU_22,0.9986415723503624,17.973617553710938,True,-2.6057648088358905,0.9309782616426904,True,
SNU_23,0.9986378951675942,18.50999641418457,True,-3.612847976672724,0.9317021207846605,True,
SNU_24,0.998555746408434,16.68103790283203,True,-2.6526190400253222,0.9107347518456157,True,
SNU_25,0.998889552182803,18.74796485900879,False,3.4360747690613938,0.906928470516903,True,
SNU_26,0.9978989203418535,15.24669361114502,True,-2.3458047364155585,0.9346477997212147,True,
SNU_27,0.9979369665768945,14.580934524536133,False,2.724848348712595,0.9351214031301545,True,
SNU_28,0.9989389981446388,19.251035690307617,True,-3.3784729005667313,0.8978914814065705,True,
SNU_29,0.998760869210435,18.4492130279541,True,-3.019568754159752,0.8888723862603076,True,
SNU_30,0.9986790584207446,17.68726348876953,True,-3.497354927383684,0.9183066382956492,True,
SNU_31,0.9984889036738208,14.49048900604248,True,-2.553514199954226,0.905149853553982,True,
SNU_32,0.9989658945098963,18.156002044677734,True,-3.5236246537123073,0.8955668379973202,True,
SNU_33,0.9986422001154367,17.81705093383789,True,-4.075997416828803,0.8986155940534276,True,
SNU_34,0.9986760845426896,16.96987533569336,False,2.82363475401575,0.8850545269764734,True,
SNU_35,0.9985975502272769,17.324783325195312,False,2.9623651876192296,0.9172360704106203,True,
SNU_36,0.9983911906237748,16.12372589111328,True,-3.7921381931961564,0.8757671579153524,True,
SNU_37,0.998888515923978,17.60196304321289,False,2.9936399688107547,0.9174015710748843,True,
SNU_38,0.9986669494385861,18.027069091796875,True,-2.770482758123604,0.9214091434923287,True,
SNU_39,0.9987641145825356,17.38058853149414,True,-3.1203976175684387,0.8787063702071032,True,
SNU_40,0.9983948268783109,15.989712715148926,True,-2.1186040135978543,0.908838998045409,True,
SNU_41,0.9986144256548481,19.01910972595215,True,-2.3285208773471324,0.9340361067216842,True,
SNU_42,0.998786564325725,19.79302406311035,True,-2.2794605969740855,0.9258040718629554,True,
SNU_43,0.9982458721469233,17.618976593017578,False,2.2676778773924084,0.9062022636305792,True,
SNU_44,0.9983566568063056,14.211226463317871,True,-2.1947037432740597,0.9295815601013847,True,
SNU_45,0.9986422144151276,16.663223266601562,True,-2.872028833055248,0.8762551538747695,True,
SNU_46,0.9983495501483831,15.955601692199707,False,2.366842702870706,0.9070608609040647,True,
SNU_47,0.9984982085012324,14.430231094360352,True,-3.2257476736894914,0.9255319878333361,True,
SNU_48,0.9981647227996363,15.238792419433594,False,3.780929298362705,0.9005846664350802,True,
SNU_49,0.9989865168200432,19.959867477416992,True,-2.643000607483917,0.8939983544454897,True,
SNU_50,0.9990536923533235,20.764963150024414,False,3.100496102297367,0.8720168269358848,True,
SNU_51,0.9989661678897729,18.466588973999023,False,2.5110040550083936,0.8805714411736618,True,
SNU_52,0.9989616302281901,18.44245719909668,False,3.51280419061725,0.8487181495546804,True,
SNU_53,0.9985473473039782,17.283428192138672,False,4.705276346170484,0.8856145950180053,True,
SNU_54,0.9975782642853497,13.127179145812988,True,-3.642320705995666,0.8759643697720793,True,
SNU_55,0.9979898944675262,15.334531784057617,True,-2.839987073459876,0.8332222936267563,True,
SNU_56,0.9992327159757012,20.510358810424805,False,2.916555556763811,0.8646544443763152,True,
SNU_57,0.9978152219711667,18.1671142578125,True,-2.3725793400123734,0.8922859357675621,True,
SNU_58,0.9992919956657208,21.10161781311035,False,3.6436137368003205,0.8018114290724542,True,
SNU_59,0.9986276797824268,16.09479331970215,True,-3.6689463563869973,0.8407088758222415,True,
SNU_60,0.9988201287299969,17.625316619873047,True,-3.2047673769091753,0.8340537096957047,True,
SNU_61,0.9984261594638727,15.011768341064453,True,-3.79367108118112,0.8636921183121891,True,
SNU_62,0.9988576002222905,16.942527770996094,True,-4.3611790169283,0.8337198636125186,True,
SNU_63,0.9979523838268295,16.91776466369629,False,1.6808521816087163,0.9311968505650766,True,
SNU_64,0.9968960852813522,15.136785507202148,True,-0.5942629817029705,0.914633858959531,True,
SNU_65,0.9974302026007372,15.338985443115234,True,-1.8029732388518362,0.9192920355580576,True,
SNU_66,0.9978766361912755,15.054516792297363,True,-2.0846560538849292,0.878995742875075,True,
SNU_67,0.9977876863724265,15.88235855102539,False,2.456520567116001,0.9062571301559987,True,
SNU_68,0.9985467073184202,16.30613136291504,True,-2.651222699274567,0.8979394408099921,True,
SNU_69,0.9987440784141042,17.545759201049805,True,-2.063295234245288,0.9109102797789115,True,
SNU_70,0.9978151732552346,14.153450965881348,True,-2.4746615097721634,0.9040648617753954,True,
SNU_71,0.9973365151117101,16.083385467529297,True,-0.9441174432772618,0.9219229223124409,True,
SNU_72,0.997579203410616,16.803678512573242,True,-1.041884466060204,0.9104447624602492,True,
SNU_73,0.9985656056689879,18.114124298095703,False,1.706799905162295,0.9226521148026243,True,
SNU_74,0.9990169491322208,21.119007110595703,True,-2.37575334662708,0.8857255863648951,True,
SNU_75,0.9987892441043946,20.079509735107422,True,-2.24270393492288,0.9087570394097384,True,
SNU_76,0.9984556569649033,16.644817352294922,True,-2.123918458247607,0.9185971209564654,True,
SNU_77,0.9978302434657156,15.010994911193848,True,-1.8049744187747194,0.9135801570398661,True,
SNU_78,0.9983872372682866,17.179325103759766,True,-1.4761817474088184,0.9296968752406715,True,
SNU_79,0.9987247910405442,17.73834228515625,True,-2.7593281549683364,0.9085827593834173,True,
SNU_80,0.9983881164394451,18.52252197265625,True,-1.6208058471972748,0.938087286697517,True,
SNU_81,0.9985635134957535,18.38582992553711,True,-1.239954980463291,0.929300438237948,True,
SNU_82,0.9988286160994068,18.514671325683594,True,-1.5261548247845231,0.9310388029005995,True,
SNU_83,0.997689096805457,18.006471633911133,False,1.5993293280447645,0.9234505517361126,True,
SNU_84,0.9987028132419281,18.57466697692871,True,-2.2259946304137372,0.9177847741236475,True,
SNU_85,0.9989023206134409,18.798686981201172,True,-2.6890898510990615,0.9085203485044647,True,
SNU_86,0.9983412137621498,15.132482528686523,True,-2.9216036662209603,0.8809927113250905,True,
SNU_87,0.9990464913249973,20.316425323486328,True,-3.318415023600988,0.8885266746990526,True,
SNU_88,0.9990847872697367,21.95439910888672,True,-3.6302761593988766,0.8543470295486382,True,
SNU_89,0.9989425009875281,18.690956115722656,False,4.0439121792586175,0.8633176237021769,True,
SNU_90,0.9986832529127531,18.309070587158203,True,-3.264350557168962,0.8840491000866327,True,
SNU_91,0.9985553143729287,19.00040626525879,True,-3.690013568898215,0.8649544687850934,True,
SNU_92,0.998360623793631,17.708356857299805,False,2.90117914386736,0.9150045703574374,True,
SNU_93,0.998474855659845,16.23615264892578,True,-2.94194616544544,0.907530937176431,True,
SNU_94,0.9978505684693915,16.42206382751465,False,2.7074287789698728,0.879020896508631,True,
SNU_95,0.9985206265844764,17.593944549560547,True,-2.004437673319608,0.9130486571353367,True,
SNU_96,0.9987390918740419,21.54672622680664,True,-3.221092968895383,0.895994577771136,True,
SNU_97,0.9976715179966991,15.229047775268555,True,-2.589990437795023,0.9046087028301222,True,
SNU_98,0.998677017142572,16.71942138671875,True,-3.2087403643307533,0.9020876095833414,True,
SNU_99,0.9986089648229365,16.024539947509766,True,-3.1082598820970153,0.8590667546201597,True,
SNU_FCCP_10uM_01,0.9986811847639946,18.69794273376465,True,-2.7876508163523326,0.9527439784368339,True,
SNU_FCCP_10uM_02,0.9981596969267996,15.240707397460938,True,-2.4684956072272946,0.9520442540555583,True,
SNU_FCCP_10uM_03,0.9989388240984068,19.995384216308594,False,2.3050129595468336,0.9474178012015664,True,
SNU_FCCP_10uM_04,0.9985638841094409,17.15614128112793,True,-3.2249703240822827,0.9414594285878546,True,
SNU_FCCP_10uM_05,0.99764382550075,15.549517631530762,True,-1.6873966693455955,0.9541372703534106,True,
SNU_FCCP_10uM_06,0.9985302176399127,17.670780181884766,True,-2.140217556234303,0.9429874994967014,True,
SNU_FCCP_10uM_07,0.9988942968697732,20.472972869873047,True,-3.639986702446667,0.9412344364346047,True,
SNU_FCCP_10uM_08,0.9989011594410825,21.23201560974121,True,-3.9736341201326844,0.9470086544625315,True,
SNU_FCCP_10uM_09,0.9977249607573948,19.038833618164062,True,-2.964313780142617,0.9450598698853635,True,
SNU_FCCP_10uM_10,0.9983742866743256,17.276124954223633,False,2.725590936312221,0.9342517603864742,True,
SNU_FCCP_10uM_11,0.9982416791194152,17.48187255859375,False,2.374777496597762,0.9496569205518369,True,
SNU_FCCP_10uM_12,0.9988009566937927,17.747753143310547,True,-3.329191241848141,0.9283747495317416,True,
SNU_FCCP_10uM_13,0.9986749329820869,18.409011840820312,True,-3.194880972048536,0.9347705340187775,True,
SNU_FCCP_10uM_14,0.9989142009564207,20.578304290771484,True,-3.6138322550267232,0.9268773641212796,True,
SNU_FCCP_10uM_15,0.9985638960516667,15.072175025939941,True,-2.347040124059555,0.9438874614800437,True,
SNU_FCCP_10uM_16,0.99817685188379,16.441200256347656,False,2.3916281408646913,0.9547751037814173,True,
SNU_FCCP_10uM_17,0.9986041492106026,17.45193099975586,True,-2.1464105462529033,0.9174066685403132,True,
SNU_FCCP_10uM_18,0.998896482062506,18.427001953125,False,2.8623060024385727,0.9308955741139862,True,
SNU_FCCP_10uM_19,0.9989062789369708,19.254880905151367,False,2.5304648703491104,0.945184701761793,True,
SNU_FCCP_10uM_20,0.9979872277181608,19.201519012451172,False,2.0574576339885073,0.9561738438321146,True,
SNU_FCCP_10uM_21,0.9982847010457899,16.962209701538086,True,-2.8308908617464987,0.9295804355288524,True,
SNU_FCCP_10uM_22,0.9978454561569555,14.36922550201416,True,-4.069169968102562,0.9392696840907437,True,
SNU_FCCP_10uM_23,0.9980876606829151,15.348099708557129,True,-2.015298435476179,0.9528879015788297,True,
SNU_FCCP_10uM_24,0.9981134023990402,15.67232894897461,False,2.259578222499316,0.9324918376526482,True,
SNU_FCCP_10uM_25,0.9974000188268377,14.470968246459961,True,-2.357502126493926,0.9341879083607388,True,
SNU_FCCP_10uM_26,0.9987553393827577,16.845998764038086,True,-2.6024750093136713,0.8983765711363348,True,
SNU_FCCP_10uM_27,0.9976608190870198,15.282157897949219,False,1.8321655724556734,0.9474928130294068,True,
SNU_FCCP_10uM_28,0.9970363638653008,14.875409126281738,True,-2.4933692400412606,0.9433734632892451,True,
SNU_FCCP_10uM_29,0.9980417099574075,15.915506362915039,True,-3.3936344225911927,0.9382297423266339,True,
SNU_FCCP_10uM_30,0.9987497134231145,18.644569396972656,True,-2.501147137685693,0.9405062285294242,True,
SNU_FCCP_10uM_31,0.9985738454427884,18.836429595947266,True,-2.5264925323191876,0.9289549748845809,True,
SNU_FCCP_10uM_32,0.9992241382094754,22.381269454956055,True,-3.5479943888017695,0.9056908807558848,True,
SNU_FCCP_10uM_33,0.9991797904934547,22.743545532226562,True,-3.3427521058939607,0.9260742778144134,True,
SNU_FCCP_10uM_34,0.9984658171693548,19.870235443115234,True,-3.171685401871664,0.9406520407810129,True,
SNU_FCCP_10uM_35,0.9984290619092787,20.58513641357422,True,-2.581587544063284,0.9483854572213117,True,
SNU_FCCP_10uM_36,0.9970710120336349,15.813154220581055,False,2.6957971261384444,0.9417179315074496,True,
SNU_FCCP_10uM_37,0.9986823889365728,20.560821533203125,True,-2.283968560133231,0.9437515126317386,True,
SNU_FCCP_10uM_38,0.9975280424710516,14.663546562194824,True,-2.1186206927843863,0.9346006223346799,True,
SNU_FCCP_10uM_39,0.9977720835409413,17.79549789428711,True,-2.3329690403543246,0.9437694279300581,True,
SNU_FCCP_10uM_40,0.9988125681876198,19.56303596496582,True,-1.6759046452397597,0.9427545675715563,True,
SNU_FCCP_10uM_41,0.9986150378163388,17.093135833740234,True,-2.1843462393412234,0.9178887715733188,True,
SNU_FCCP_10uM_42,0.9979494103859429,16.828861236572266,False,3.273358936138172,0.9208308358037142,True,
SNU_FCCP_10uM_43,0.9984531504871497,18.506900787353516,False,1.6514001396650568,0.9459768894816138,True,
SNU_FCCP_10uM_44,0.9986491387698616,16.471881866455078,False,3.024999544790327,0.9324742097615217,True,
SNU_FCCP_10uM_45,0.9981884364846098,17.194852828979492,True,-3.4695723072273257,0.9357136457645577,True,
SNU_FCCP_10uM_46,0.9987050904939815,18.740203857421875,True,-2.1199817215398524,0.9364996353693126,True,
SNU_FCCP_10uM_47,0.998921722614127,18.29062843322754,True,-2.6710128203203203,0.9281761759963223,True,
SNU_FCCP_10uM_48,0.9988064814857148,16.87202262878418,True,-2.9395320370075075,0.913992852793325,True,
SNU_FCCP_10uM_49,0.998796816640472,17.89218521118164,True,-3.5636079113332526,0.9066576936304809,True,
SNU_FCCP_10uM_50,0.9987192794710456,16.832168579101562,False,3.0727261611917007,0.9299477367430021,True,
SNU_Rotenone_500nM_01,0.9985585625169499,18.57637596130371,True,-2.2974561645120297,0.9458148403259131,True,
SNU_Rotenone_500nM_02,0.9983174075871045,16.31716537475586,False,2.748720790170644,0.9522033902301621,True,
SNU_Rotenone_500nM_03,0.9977120606301991,17.45718765258789,False,3.240204685034718,0.953890413785588,True,
SNU_Rotenone_500nM_04,0.9972891065643359,18.022483825683594,False,2.3340586577867573,0.9587657590059562,True,
SNU_Rotenone_500nM_05,0.9973364823377222,15.024144172668457,True,-3.458878706597987,0.9395439461782628,True,
SNU_Rotenone_500nM_06,0.9987823022026112,21.829833984375,True,-3.5357059608742496,0.9403497247546011,True,
SNU_Rotenone_500nM_07,0.9985933616100042,18.525360107421875,False,2.0138437734539707,0.9414297198398612,True,
SNU_Rotenone_500nM_08,0.9981838294783869,17.77450942993164,False,3.0878111337651357,0.9169342099717864,True,
SNU_Rotenone_500nM_09,0.9982404817911086,19.49953842163086,False,1.8939488182048718,0.9506220574382088,True,
SNU_Rotenone_500nM_10,0.9993908585793978,28.267715454101562,True,-2.4509925219424544,0.9490598839714934,True,
SNU_Rotenone_500nM_11,0.997083918197946,16.214109420776367,True,-1.594847643692565,0.9558156247278816,True,
SNU_Rotenone_500nM_12,0.9965532402746509,14.618928909301758,True,-1.5360284846817038,0.9566141402973447,True,
SNU_Rotenone_500nM_13,0.9981293663654173,17.191329956054688,True,-1.7675238686923338,0.947060782531164,True,
SNU_Rotenone_500nM_14,0.9986005234723971,16.099502563476562,True,-3.372534745022895,0.8892364680660089,True,
SNU_Rotenone_500nM_15,0.9990678310359761,22.147613525390625,True,-4.082220714687292,0.9002798552452399,True,
SNU_Rotenone_500nM_16,0.9978387825463403,14.421917915344238,True,-3.1817885139843676,0.9219113420737816,True,
SNU_Rotenone_500nM_17,0.9984307339831276,14.410478591918945,False,2.5410494715754273,0.8949810926870692,True,
SNU_Rotenone_500nM_18,0.9979596750553679,16.53655242919922,True,-3.7856810391265676,0.9376723680022817,True,
SNU_Rotenone_500nM_19,0.9981052330110953,13.875457763671875,True,-2.4492565139121165,0.9423060084903783,True,
SNU_Rotenone_500nM_20,0.9974011007054381,16.06460952758789,True,-1.743226029930184,0.9549117175908898,True,
SNU_Rotenone_500nM_21,0.9981315489368634,19.282987594604492,True,-1.274800051763419,0.9499784989059059,True,
SNU_Rotenone_500nM_22,0.9981542603188882,17.517353057861328,True,-1.5091210306581824,0.9370026213503926,True,
SNU_Rotenone_500nM_23,0.9979000023274418,16.85097312927246,True,-2.971207628714167,0.934332904765449,True,
SNU_Rotenone_500nM_24,0.9980545152024086,15.522624015808105,True,-4.216098916817525,0.9152400778717347,True,
SNU_Rotenone_500nM_25,0.9985754937722817,16.350032806396484,True,-2.343344804068961,0.9343709536794865,True,
SNU_Rotenone_500nM_26,0.998409000633184,16.954187393188477,True,-2.935164821195795,0.8756106185222526,True,
SNU_Rotenone_500nM_27,0.9984173703752562,17.930835723876953,True,-1.4955113412524046,0.9514047405740628,True,
SNU_Rotenone_500nM_28,0.998407106708865,17.52745246887207,True,-1.6563910575720084,0.9504155876363324,True,
SNU_Rotenone_500nM_29,0.9969939410582657,17.958999633789062,False,1.237452141795801,0.9469437015559229,True,
SNU_Rotenone_500nM_30,0.9973847407795549,16.752702713012695,True,-1.393671992793586,0.9500154790005411,True,
SNU_Rotenone_500nM_31,0.9984711001688445,20.39310646057129,False,1.0454520474855158,0.9393147225600769,True,
SNU_Rotenone_500nM_32,0.9977497556052362,16.054269790649414,True,-0.927328532185184,0.9419722772975788,True,
SNU_Rotenone_500nM_33,0.998569089277134,18.218936920166016,True,-2.38258696638851,0.9385928590863124,True,
SNU_Rotenone_500nM_34,0.9986062442981642,19.99859046936035,True,-1.9133591230396856,0.9415972040596335,True,
SNU_Rotenone_500nM_35,0.9978388700611246,15.139278411865234,True,-1.5305467340959467,0.9307883231183205,True,
SNU_Rotenone_500nM_36,0.9980644790456932,15.548386573791504,True,-1.7344550373304533,0.9319132344377915,True,
SNU_Rotenone_500nM_37,0.9970978278429883,13.113157272338867,True,-2.2706186822911016,0.9371349965008343,True,
SNU_Rotenone_500nM_38,0.9989195158440528,19.998401641845703,True,-3.2323287473101945,0.9054397900813846,True,
SNU_Rotenone_500nM_39,0.998835850466359,20.833467483520508,True,-2.4569541042075707,0.9388005004855741,True,
SNU_Rotenone_500nM_40,0.9983658429386442,18.17723846435547,True,-1.420168692105456,0.932726877911873,True,
SNU_Rotenone_500nM_41,0.99832488674646,18.43087387084961,False,2.0192832960236813,0.9264751703707341,True,
SNU_Rotenone_500nM_42,0.9988365871609488,16.951740264892578,True,-2.078392517444334,0.9258767371873137,True,
SNU_Rotenone_500nM_43,0.9986108606327093,16.2408447265625,True,-2.0748664773441585,0.9342521503286642,True,
SNU_Rotenone_500nM_44,0.9986231728034387,18.516876220703125,False,1.8872454332536512,0.9372315012631302,True,
SNU_Rotenone_500nM_45,0.9978509246072376,15.35893726348877,False,1.8859465792584156,0.9362354806197234,True,
SNU_Rotenone_500nM_46,0.9983771140276886,15.19533920288086,True,-2.3716905382166114,0.8994696559419165,True,
SNU_Rotenone_500nM_47,0.9984610529667914,18.147470474243164,True,-1.9486365949932507,0.9241955683593032,True,
SNU_Rotenone_500nM_48,0.9983417398921656,19.59105110168457,False,1.8020558689615676,0.9378679833597614,True,
SNU_Rotenone_500nM_49,0.9984107109693043,17.397035598754883,True,-1.9800301606610757,0.9391316352546011,True,
SNU_Rotenone_500nM_50,0.9985707183860097,18.878650665283203,False,1.8904366820519376,0.9326550135655877,True,
SNU_blebbistatin_01,0.9986921995605753,18.584121704101562,True,-1.9762159503570669,0.921447375206836,True,
SNU_blebbistatin_02,0.996983649105697,15.766292572021484,True,-2.410204232942938,0.9527444348494996,True,
SNU_blebbistatin_03,0.9976889590016773,16.721012115478516,True,-2.289649709535087,0.9382455215938812,True,
SNU_blebbistatin_04,0.997350024169105,16.026615142822266,True,-1.7340312929613755,0.9348424087298889,True,
SNU_blebbistatin_05,0.9986253555332797,20.12593650817871,True,-1.9069975653297297,0.9144166102079886,True,
SNU_blebbistatin_06,0.9990788319555272,22.45521354675293,True,-2.405712697139008,0.9081457973372904,True,
SNU_blebbistatin_07,0.9978499321281161,16.457799911499023,True,-2.3461543928369983,0.9515556953459656,True,
SNU_blebbistatin_08,0.9988032631778462,20.00786590576172,True,-1.5374177850827337,0.9167366098865414,True,
SNU_blebbistatin_09,0.9980193530148134,17.0155086517334,False,1.6543055321271347,0.9133597152037669,True,
SNU_blebbistatin_10,0.9975566011726403,14.234353065490723,True,-2.367716128815936,0.9155952705796064,True,
SNU_blebbistatin_11,0.998831261410966,18.072696685791016,True,-1.7129439110689222,0.9036470909275812,True,
SNU_blebbistatin_12,0.9973080629464631,15.28130054473877,True,-1.6686089400523167,0.9330856902868898,True,
SNU_blebbistatin_13,0.9982121516391449,17.885421752929688,True,-0.9635668021608247,0.9265336470465793,True,
SNU_blebbistatin_14,0.9984756218942037,18.253398895263672,True,-1.0284879852164903,0.9372609606414172,True,
SNU_blebbistatin_15,0.998934114980748,23.233694076538086,True,-1.631191027787943,0.9328050584534263,True,
SNU_blebbistatin_16,0.9986575946995466,20.160655975341797,True,-1.4511634687126356,0.9259918748274297,True,
SNU_blebbistatin_17,0.9983474557054436,16.654190063476562,True,-1.3157202393871552,0.9231112098224364,True,
SNU_blebbistatin_18,0.998987953412912,19.05132293701172,True,-2.023651819947476,0.9098457705208951,True,
SNU_blebbistatin_19,0.9975909895540127,15.864011764526367,False,2.21404793335586,0.8851472124038924,True,
SNU_blebbistatin_20,0.9987869018456074,19.65643310546875,False,2.4323103384890556,0.922884999511284,True,
SNU_blebbistatin_21,0.9988543092572091,19.91014862060547,True,-1.362414832834996,0.9088857227202175,True,
SNU_blebbistatin_22,0.99810034913244,17.792827606201172,True,-2.273372121940421,0.9025484199326851,True,
SNU_blebbistatin_23,0.9990117531175066,20.35689926147461,True,-1.7239093630932565,0.9006245416101485,True,
SNU_blebbistatin_24,0.997984984437515,17.163593292236328,False,1.2775669591849899,0.9123031691303316,True,
SNU_blebbistatin_25,0.9987708692338224,18.43809700012207,False,2.693886234883949,0.9134673219154834,True,
SNU_blebbistatin_26,0.9976646558092946,13.992030143737793,False,2.1564214661788257,0.9068021665078109,True,
SNU_blebbistatin_27,0.9980532577561259,16.809947967529297,True,-1.9875895006702538,0.9020778569372455,True,
SNU_blebbistatin_28,0.9975748540419239,13.826543807983398,False,1.4896457286953904,0.9012754092317645,True,
SNU_blebbistatin_29,0.999143802624963,21.035356521606445,True,-2.429929540400754,0.8874644470806915,True,
SNU_blebbistatin_30,0.9983133004330529,16.1577091217041,True,-1.6573902281866588,0.9190616614188737,True,
SNU_blebbistatin_31,0.9986311055647684,17.49030876159668,True,-1.8306465415094544,0.9236516648751927,True,
SNU_blebbistatin_32,0.9982524467400851,17.27375030517578,True,-2.4191247502093303,0.9080597917173641,True,
SNU_blebbistatin_33,0.9981610893223052,17.39243507385254,True,-2.4173539825484474,0.9129439519649037,True,
SNU_blebbistatin_34,0.9984758761626427,17.33708381652832,False,1.5087071201371585,0.8770196849777112,True,
SNU_blebbistatin_35,0.9980848123941038,15.79831600189209,True,-1.813285309876066,0.9143723733169664,True,
SNU_blebbistatin_36,0.9986432094896215,15.603813171386719,True,-2.5720629254110756,0.891978619214607,True,
SNU_blebbistatin_37,0.9992766593240479,24.805227279663086,True,-2.8066529817403962,0.8811370445467758,True,
SNU_blebbistatin_38,0.9977665764604291,15.573958396911621,False,1.4084643858501151,0.8912275301555954,True,
SNU_blebbistatin_39,0.998231774142864,16.80755615234375,True,-1.28993783533708,0.9087701525522551,True,
SNU_blebbistatin_40,0.9988196317727647,17.98988151550293,True,-2.4497062477595244,0.9129094114640034,True,
SNU_blebbistatin_41,0.9988803094098515,19.978361129760742,True,-2.0001398377495723,0.8766613634280653,True,
SNU_blebbistatin_42,0.9991646324716968,21.12920379638672,True,-2.7245377490085345,0.8612415483584127,True,
SNU_blebbistatin_43,0.9986246384996202,16.891773223876953,True,-2.7632993598568216,0.9017670277444504,True,
SNU_blebbistatin_44,0.9971438722076902,15.35095500946045,True,-2.2926644663099407,0.9165522516636042,True,
SNU_blebbistatin_45,0.9989850579578248,20.54660415649414,True,-2.704163949889877,0.895695019513726,True,
SNU_blebbistatin_46,0.9979250107801655,16.103126525878906,False,1.8638918348265185,0.910678574399543,True,
SNU_blebbistatin_47,0.9976360398527103,13.67609977722168,True,-1.7761155688920853,0.9019378116830821,True,
SNU_blebbistatin_48,0.9988535393265425,16.972501754760742,True,-3.268423441956686,0.8437077945671746,True,
SNU_blebbistatin_49,0.9999925347116716,377.2344970703125,False,0.004622602084385187,4.63506111818932e-05,False,surface 377 rad exceeds 45 rad
SNU_blebbistatin_50,0.9982146647845094,15.614655494689941,False,2.3207925857415344,0.8672958758861095,True,
SNU_staurosporine_01,0.9979899752186842,17.72066879272461,True,-2.3001563219163526,0.9087399943423061,True,
SNU_staurosporine_02,0.9968085262777542,19.56913185119629,False,1.7700063901019834,0.9080051795254175,True,
SNU_staurosporine_03,0.9962271691774439,19.45758819580078,True,-2.4816396193779786,0.9294301062976734,True,
SNU_staurosporine_04,0.9972722110487973,18.7496337890625,True,-1.6541167788357232,0.9170896465878234,True,
SNU_staurosporine_05,0.9977619782923544,20.64044189453125,True,-2.014103440814304,0.9164034672202671,True,
SNU_staurosporine_06,0.9980382270862818,20.623517990112305,True,-2.132941952906772,0.8920903764750036,True,
SNU_staurosporine_07,0.9978374443143713,19.491493225097656,False,2.846345019723612,0.9295484631248672,True,
SNU_staurosporine_08,0.9972553746990394,18.37876319885254,True,-2.8298101866695617,0.9241467956366576,True,
SNU_staurosporine_09,0.9986794198557811,21.889511108398438,True,-1.9890898836949984,0.907629125893702,True,
SNU_staurosporine_10,0.9978628869270272,18.08648681640625,True,-1.8399897053017449,0.918182177460659,True,
SNU_staurosporine_11,0.9983411357285744,20.58713150024414,True,-2.029055023019936,0.9142566192159866,True,
SNU_staurosporine_12,0.9981613637884486,19.30021858215332,True,-1.5461752573530132,0.8995740423554907,True,
SNU_staurosporine_13,0.9999895832821766,379.9434814453125,False,-0.00600748773193576,-0.000311036568354024,False,surface 380 rad exceeds 45 rad
SNU_staurosporine_14,0.9964646239211917,16.072965621948242,True,-2.2040039942003076,0.9040848611745351,True,
SNU_staurosporine_15,0.9979425505620875,16.81612777709961,False,1.677106797561173,0.90438687985185,True,
SNU_staurosporine_16,0.9984381993107613,18.535066604614258,True,-1.6710479753852,0.8763088513277584,True,
SNU_staurosporine_17,0.9978807888264212,16.498424530029297,True,-2.4095536313187993,0.9039078486504696,True,
SNU_staurosporine_18,0.9978349013806839,16.61399269104004,True,-2.294088017114861,0.8980454148565461,True,
SNU_staurosporine_19,0.9983989412570832,17.651369094848633,False,3.014669123422937,0.898804345735977,True,
SNU_staurosporine_20,0.9979590811102469,16.953603744506836,True,-3.404751672175219,0.9222773672264989,True,
SNU_staurosporine_21,0.9981656360364259,17.82506561279297,True,-2.243282453171558,0.8820347973881799,True,
SNU_staurosporine_22,0.998139597828699,15.929282188415527,True,-2.27638351472497,0.8997193978036568,True,
SNU_staurosporine_23,0.9981126804036544,16.23590850830078,True,-2.092501678022545,0.9043575672134185,True,
SNU_staurosporine_24,0.9985148466197281,18.751081466674805,True,-2.17304916117899,0.8698428827613002,True,
SNU_staurosporine_25,0.9982093924112208,17.961713790893555,True,-2.2975063779778653,0.908635369599716,True,
SNU_staurosporine_26,0.9977101764067404,16.66730308532715,False,1.8537187257807146,0.8820324421997435,True,
SNU_staurosporine_27,0.99671562607812,15.117547035217285,True,-1.163499685615744,0.9015943805808339,True,
SNU_staurosporine_28,0.9978235431419046,15.4426851272583,True,-1.953070003441511,0.8985787776953493,True,
SNU_staurosporine_29,0.9975907465631598,16.655746459960938,False,2.2011083729807717,0.89723587584053,True,
SNU_staurosporine_30,0.9980241232500684,15.62224292755127,True,-2.0135811902201803,0.8909306436439813,True,
SNU_staurosporine_31,0.9980248353064037,17.595640182495117,False,2.0194743445059227,0.8823550573926955,True,
SNU_staurosporine_32,0.9983068005606544,18.15619659423828,True,-2.21303777143309,0.8991652941427103,True,
SNU_staurosporine_33,0.999993258521008,446.51824951171875,False,0.019350841697772507,-0.0006165228235308876,False,surface 447 rad exceeds 45 rad
SNU_staurosporine_34,0.9975218147735911,17.047563552856445,True,-2.4466614610736657,0.8954982021369903,True,
SNU_staurosporine_35,0.9983261719812608,17.493858337402344,False,3.166178986861731,0.8987901548698604,True,
SNU_staurosporine_36,0.9979513144783331,16.14259147644043,True,-3.1842243284863687,0.8745494475644637,True,
SNU_staurosporine_37,0.9986869152652796,18.77497100830078,True,-1.9974340197854674,0.8854727504070248,True,
SNU_staurosporine_38,0.9988068352919217,19.26901626586914,False,2.445441975655188,0.8791003788098272,True,
SNU_staurosporine_39,0.9981303273704447,18.095565795898438,True,-2.207357241246457,0.8957954392385828,True,
SNU_staurosporine_40,0.9978922525679298,16.64033317565918,True,-1.763506176308839,0.9124850490938582,True,
SNU_staurosporine_41,0.9983423250070387,17.10085105895996,True,-2.483758703827325,0.8971117140636214,True,
SNU_staurosporine_42,0.9989688472628748,24.555269241333008,True,-2.237773471623337,0.8957753385703248,True,
SNU_staurosporine_43,0.9984510518686353,17.576871871948242,True,-3.05105750107748,0.89155722020216,True,
SNU_staurosporine_44,0.99793394097087,14.625539779663086,False,2.882772702590348,0.8223547614780456,True,
SNU_staurosporine_45,0.9987177280064297,18.549158096313477,True,-2.953796532653393,0.8884836753083629,True,
SNU_staurosporine_46,0.9982939806739243,16.94476890563965,False,3.354835466330122,0.9041075029385585,True,
SNU_staurosporine_47,0.9984804104062912,20.089200973510742,True,-2.0892670679393985,0.866253655342424,True,
SNU_staurosporine_48,0.9988223974645454,17.372745513916016,False,4.2944061894667795,0.8545770582331953,True,
SNU_staurosporine_49,0.9989553425288148,21.061279296875,True,-2.818528203705017,0.8413595786084633,True,
SNU_staurosporine_50,0.9981498697064773,16.61697006225586,True,-1.8810595131993029,0.9126533458812545,True,
T24_01,0.9934787479951709,14.941615104675293,True,-2.4627520680866186,0.9702820058075751,True,
T24_02,0.9954653357161478,16.57939910888672,True,-2.4062064425639655,0.9712008782871793,True,
T24_03,0.9973285108072506,14.651884078979492,False,1.9442044154583142,0.9708308983072166,True,
T24_04,0.9973960169975379,18.00653839111328,True,-1.8082651705647221,0.9693263163355575,True,
T24_05,0.998399607148471,21.584016799926758,True,-2.1594452142031795,0.9608202340475843,True,
T24_06,0.9986800520632478,20.234773635864258,True,-2.33661228155016,0.9587261431369752,True,
T24_07,0.9981652534097334,18.20833969116211,True,-2.7962446286459066,0.9587753256421846,True,
T24_08,0.9986544200519369,21.033203125,False,2.1440602994473545,0.959771689874563,True,
T24_09,0.9980105631175865,16.35574722290039,False,3.6792220781103895,0.9404581252385698,True,
T24_10,0.9981285197554445,15.001425743103027,False,3.248744277636725,0.87380985199502,True,
T24_11,0.997495872059757,17.279077529907227,True,-2.544729891586862,0.9530093660395071,True,
T24_12,0.9984199991888534,16.817058563232422,False,1.9307554030074772,0.9475836818170658,True,
T24_13,0.9989973021447721,21.10222816467285,False,2.9570427020860843,0.9374404896200916,True,
T24_14,0.9979926845206912,17.26658821105957,False,3.713916162503525,0.9358836196118515,True,
T24_15,0.9979567652433887,18.594959259033203,False,2.115351037232637,0.9383745702242042,True,
T24_16,0.9988604045662428,19.83157730102539,True,-3.1687589940475167,0.9530890470343878,True,
T24_17,0.9982876282437424,14.780380249023438,True,-3.9065443675913443,0.8832595478847728,True,
T24_18,0.9986788018572658,21.265018463134766,True,-2.8654646461231303,0.9618667903515676,True,
T24_19,0.9982784612156915,16.393009185791016,False,2.2897374211774713,0.951961261208281,True,
T24_20,0.9972645204501679,16.099227905273438,True,-2.207318676594059,0.9630029673929473,True,
T24_21,0.9989902430523574,20.379165649414062,False,2.2396276158954276,0.9445599426466362,True,
T24_22,0.9985604905069081,19.383155822753906,True,-2.986405479967352,0.9537275073256145,True,
T24_23,0.9981120360939378,16.227977752685547,True,-2.665999533662345,0.9548632062674385,True,
T24_24,0.9985213779444431,17.278076171875,False,4.269377434051085,0.9033589885195339,True,
T24_25,0.9967926132431657,12.261087417602539,True,-3.4875041103817312,0.9377195304599028,True,
T24_26,0.9985989239788,16.81279945373535,False,2.753693311353691,0.925015436781176,True,
T24_27,0.9988978702340012,22.676372528076172,True,-2.313059722298754,0.966280133047761,True,
T24_28,0.998620203091669,17.275264739990234,True,-2.305285696597145,0.9483945561494366,True,
T24_29,0.9985813118026364,18.483840942382812,True,-2.2490778643946356,0.9540631538940516,True,
T24_30,0.9990174353694455,18.890480041503906,False,2.7493005956351224,0.9167768897205091,True,
T24_31,0.9990673629603145,24.114978790283203,True,-2.5780387923303296,0.9560515683309381,True,
T24_32,0.9982984346837164,14.600015640258789,True,-2.862504835237526,0.8753066869156704,True,
T24_33,0.9989977751154816,21.048023223876953,True,-3.17214293812253,0.9444387835772691,True,
T24_34,0.9985878896348304,20.19215965270996,True,-2.6157391252744087,0.960627660584189,True,
T24_35,0.9989638958353091,19.023075103759766,False,3.494788604552537,0.8650344378086545,True,
T24_36,0.9986267307849762,16.910749435424805,True,-2.5740414969528445,0.911136673519359,True,
T24_37,0.9988062071084742,18.345861434936523,False,2.1877041393589884,0.9556554754884652,True,
T24_38,0.9979288859817008,19.610158920288086,True,-2.875396180735836,0.9522400223142401,True,
T24_39,0.9986781566466698,17.479103088378906,True,-2.407039804209532,0.943497216675716,True,
T24_40,0.997438301584914,15.041851997375488,False,1.1824743986557764,0.9550670789648356,True,
T24_41,0.998940603826576,21.026918411254883,True,-2.057240430546252,0.9430192574201962,True,
T24_42,0.9984159270882925,17.56311798095703,True,-1.957495046275252,0.9523713495269572,True,
T24_43,0.9986116486164163,17.8587703704834,True,-1.692181054750767,0.9375736172046849,True,
T24_44,0.9983013500823893,15.564261436462402,True,-2.052866890594871,0.9271201743451958,True,
T24_45,0.9986904387067735,17.56839370727539,True,-2.440506443305691,0.9404337939599827,True,
T24_46,0.9983148553476722,16.67841148376465,True,-1.93373979022198,0.9324100582345656,True,
T24_47,0.9979114875321855,17.27609634399414,True,-1.8497039675555427,0.9577333104642727,True,
T24_48,0.9977954125746131,15.302270889282227,True,-1.75514177471862,0.9264678855424038,True,
T24_49,0.998076204247494,14.97762393951416,True,-2.172084673273433,0.9496643807514937,True,
T24_50,0.9989688965840424,20.1649169921875,True,-2.093953839659467,0.9218130809879056,True,
T24_Blebbistatin_5uM_01,0.9989832836090632,21.303773880004883,False,2.1898911570907864,0.936461190905081,True,
T24_Blebbistatin_5uM_02,0.9990065304114625,24.365955352783203,True,-1.9795612566459373,0.955894238163667,True,
T24_Blebbistatin_5uM_03,0.9988343974886933,19.20590591430664,True,-2.9069175400336174,0.9275507162416161,True,
T24_Blebbistatin_5uM_04,0.9985859249391675,20.880935668945312,False,2.3155226138212734,0.9649722391853963,True,
T24_Blebbistatin_5uM_05,0.9999727862284914,386.66290283203125,False,0.11507906917275171,8.319175790743378e-06,False,surface 387 rad exceeds 45 rad
T24_Blebbistatin_5uM_06,0.9970003919521058,16.88717269897461,True,-3.1449559195498584,0.9630579070241477,True,
T24_Blebbistatin_5uM_07,0.9982734868047444,20.088407516479492,True,-3.4228459670777553,0.9638137455080575,True,
T24_Blebbistatin_5uM_08,0.9980080017028089,21.844430923461914,True,-2.9117894114325997,0.963100424256885,True,
T24_Blebbistatin_5uM_09,0.9980224035948645,17.776498794555664,True,-3.247872385036329,0.9559526007844782,True,
T24_Blebbistatin_5uM_10,0.9993227064302367,23.316818237304688,True,-2.9415932147164234,0.9328473916766373,True,
T24_Blebbistatin_5uM_11,0.9967409911182813,18.233673095703125,True,-2.021597188820978,0.9686374632368562,True,
T24_Blebbistatin_5uM_12,0.9971515380912602,16.173675537109375,True,-1.9720346104702902,0.9646552749164887,True,
T24_Blebbistatin_5uM_13,0.9981197605578563,17.722463607788086,True,-2.129093857440347,0.9541831033571315,True,
T24_Blebbistatin_5uM_14,0.9989691061518086,21.95400619506836,True,-4.123125584459257,0.9511296090050053,True,
T24_Blebbistatin_5uM_15,0.9983423674896874,17.547264099121094,True,-3.2093996011043653,0.9489214797719641,True,
T24_Blebbistatin_5uM_16,0.9990707630350361,23.125694274902344,True,-3.47020081367624,0.9348559377136377,True,
T24_Blebbistatin_5uM_17,0.9984210842779064,19.515121459960938,True,-2.439938838720738,0.9600568536376741,True,
T24_Blebbistatin_5uM_18,0.9986481724123668,19.058156967163086,True,-2.8244875128245215,0.944312167781456,True,
T24_Blebbistatin_5uM_19,0.9986885289606281,20.725074768066406,True,-2.323004376837898,0.9548161862639765,True,
T24_Blebbistatin_5uM_20,0.9987645320135954,19.906150817871094,True,-1.876656471152438,0.9510544538294916,True,
T24_Blebbistatin_5uM_21,0.9978425585301769,21.304264068603516,True,-1.8728478993269344,0.9596354954527243,True,
T24_Blebbistatin_5uM_22,0.9999805833290223,424.29742431640625,False,-0.06501021956113956,-0.001579887692810589,False,surface 424 rad exceeds 45 rad
T24_Blebbistatin_5uM_23,0.997167092717709,14.209781646728516,True,-2.0400159188097184,0.9557905296714865,True,
T24_Blebbistatin_5uM_24,0.9980453624764631,19.71805191040039,True,-2.039681737429251,0.9569404788246774,True,
T24_Blebbistatin_5uM_25,0.998653415073192,20.648460388183594,True,-2.2179871357182575,0.9591434925040426,True,
T24_Blebbistatin_5uM_26,0.9973642877255992,17.196142196655273,False,1.7649963112962423,0.9636937640646752,True,
T24_Blebbistatin_5uM_27,0.9973860081965564,16.497154235839844,True,-2.2543523876915175,0.9624679025752346,True,
T24_Blebbistatin_5uM_28,0.9977279756029857,15.699706077575684,True,-1.9505335528160923,0.9628928150738013,True,
T24_Blebbistatin_5uM_29,0.9981741803320329,16.13112449645996,True,-2.745054003728804,0.9428022438860807,True,
T24_Blebbistatin_5uM_30,0.9980843774983155,16.833118438720703,True,-1.7647131717293272,0.9558935341722153,True,
T24_Blebbistatin_5uM_31,0.9987063690816906,19.849966049194336,False,1.8761789176653758,0.9490372047038169,True,
T24_Blebbistatin_5uM_32,0.9987316341937604,19.10617446899414,False,1.968236813555767,0.9588897598273094,True,
T24_Blebbistatin_5uM_33,0.9999765601177948,386.6143798828125,True,-0.6744344516119927,0.0015148438211029268,False,surface 387 rad exceeds 45 rad
T24_Blebbistatin_5uM_34,0.9984808905802809,19.946855545043945,True,-1.5319923652677712,0.9617386317024936,True,
T24_Blebbistatin_5uM_35,0.9983120256011605,19.483991622924805,False,1.738904868444882,0.9610748538793107,True,
T24_Blebbistatin_5uM_36,0.9986670918002563,19.814254760742188,True,-2.8131843440780515,0.9554653820745005,True,
T24_Blebbistatin_5uM_37,0.998748590550532,20.15799903869629,False,2.661329343476241,0.9345972562968169,True,
T24_Blebbistatin_5uM_38,0.9972555564687655,15.835641860961914,False,1.756483732797932,0.9671153701647884,True,
T24_Blebbistatin_5uM_39,0.9999734475498783,379.03955078125,False,-0.07312483276092609,3.4293403978358905e-06,False,surface 379 rad exceeds 45 rad
T24_Blebbistatin_5uM_40,0.9979522434350236,15.933119773864746,True,-1.85877153941085,0.9629090428409616,True,
T24_Blebbistatin_5uM_41,0.9999817646429408,384.7019958496094,False,5.010411076644215,0.0012170801309984618,False,surface 385 rad exceeds 45 rad
T24_Blebbistatin_5uM_42,0.9989054849259547,18.304685592651367,True,-2.1295108750733514,0.9474660866871727,True,
T24_Blebbistatin_5uM_43,0.9999881949202541,409.51995849609375,False,-0.058323243942290576,-0.00034885901165045233,False,surface 410 rad exceeds 45 rad
T24_Blebbistatin_5uM_44,0.9983254960925064,18.014362335205078,True,-2.051303683274498,0.9546855439568136,True,
T24_Blebbistatin_5uM_45,0.9984150701270605,17.170686721801758,True,-1.935057345202965,0.9469605507735723,True,
T24_Blebbistatin_5uM_46,0.9991316098697565,21.09412384033203,True,-2.377420838740307,0.9242419032427306,True,
T24_Blebbistatin_5uM_47,0.9984203670444078,19.76270866394043,False,2.1006299615404638,0.9463798799886867,True,
T24_Blebbistatin_5uM_48,0.9982315550385884,16.29149055480957,False,1.5337310223273752,0.955513711832058,True,
T24_Blebbistatin_5uM_49,0.9985208757043933,17.894210815429688,True,-1.6887669509275363,0.9560749052843764,True,
T24_Blebbistatin_5uM_50,0.9985530284264814,17.325241088867188,True,-1.8302460710810968,0.949513827459232,True,
T24_FCCP_10uM_01,0.9974877650224003,17.423240661621094,False,2.631399821600242,0.9677753366254198,True,
T24_FCCP_10uM_02,0.9985009878942793,17.895240783691406,False,4.017508850821996,0.9491367894082593,True,
T24_FCCP_10uM_03,0.998032738053807,17.855566024780273,True,-3.166552083935004,0.9505311736909833,True,
T24_FCCP_10uM_04,0.9975114722573133,15.202159881591797,True,-3.8608872915706893,0.9478462781517112,True,
T24_FCCP_10uM_05,0.9962596735751688,13.556127548217773,False,2.384623437625826,0.9661639635432854,True,
T24_FCCP_10uM_06,0.9973376988838201,18.131454467773438,True,-2.266454695982823,0.9685707601235638,True,
T24_FCCP_10uM_07,0.9982703102584871,20.146682739257812,True,-2.8051421409832757,0.9653658087979776,True,
T24_FCCP_10uM_08,0.9986691394912602,18.320785522460938,False,2.319269038964492,0.961620064700825,True,
T24_FCCP_10uM_09,0.9984999707457778,20.31438446044922,True,-2.674028812554274,0.9658451871947465,True,
T24_FCCP_10uM_10,0.9979763356839134,18.817949295043945,True,-1.6716621439446855,0.9690649609873205,True,
T24_FCCP_10uM_11,0.9986991423987648,19.32219696044922,False,3.001953533742221,0.9500812165739003,True,
T24_FCCP_10uM_12,0.9978453708027287,15.828439712524414,True,-2.290563633164076,0.9622286784870238,True,
T24_FCCP_10uM_13,0.9980247504827547,19.683202743530273,True,-2.654426404890452,0.967917830801472,True,
T24_FCCP_10uM_14,0.9976701597386181,15.8226900100708,True,-2.330263885110715,0.9524328985287788,True,
T24_FCCP_10uM_15,0.997969097428698,15.352513313293457,True,-3.138044882173516,0.9510170059720899,True,
T24_FCCP_10uM_16,0.9988413473014706,22.486661911010742,True,-2.2176451870779186,0.9634808900523656,True,
T24_FCCP_10uM_17,0.9986676416347747,20.806642532348633,False,2.6988533458679695,0.9556752774575409,True,
T24_FCCP_10uM_18,0.9979336621574227,18.945289611816406,True,-3.4933798824065554,0.940138781441003,True,
T24_FCCP_10uM_19,0.9983457691433568,19.174875259399414,False,2.773242912560685,0.9540321031107469,True,
T24_FCCP_10uM_20,0.9989791881265572,21.97371482849121,True,-2.5177947698579546,0.9483137310584295,True,
T24_FCCP_10uM_21,0.998650592377975,19.02922248840332,True,-2.4765092989507513,0.9625926537822084,True,
T24_FCCP_10uM_22,0.99836105641057,17.14069366455078,True,-3.001302677821994,0.9585617116875643,True,
T24_FCCP_10uM_23,0.9983553353579072,18.330612182617188,True,-2.3351793257445523,0.9575368511618776,True,
T24_FCCP_10uM_24,0.9982284112413197,17.460161209106445,True,-3.9147826252406785,0.9510690911828331,True,
T24_FCCP_10uM_25,0.9989564882704857,22.194284439086914,True,-4.241806403201829,0.9329644527805183,True,
T24_FCCP_10uM_26,0.9986293831956047,16.833003997802734,True,-4.055210842366991,0.8844687960698031,True,
T24_FCCP_10uM_27,0.9986122883677403,17.742361068725586,False,3.1356808683263155,0.9546745905226673,True,
T24_FCCP_10uM_28,0.9985128301949157,19.057641983032227,True,-2.900090444449056,0.9591144058010421,True,
T24_FCCP_10uM_29,0.9986276897534929,17.296457290649414,False,3.906904269473287,0.9470451166171139,True,
T24_FCCP_10uM_30,0.9980188403907823,15.627848625183105,True,-2.176802317386415,0.9380030453874205,True,
T24_FCCP_10uM_31,0.9987827731092069,18.284282684326172,True,-3.158153467207028,0.9281262929805156,True,
T24_FCCP_10uM_32,0.9987229781115117,19.713603973388672,False,3.0850595016465157,0.9442805834009891,True,
T24_FCCP_10uM_33,0.9986036437422352,16.67584991455078,True,-2.5726350769425057,0.955687965985677,True,
T24_FCCP_10uM_34,0.9983641389992877,16.02174949645996,True,-2.397849881314725,0.9562782832163012,True,
T24_FCCP_10uM_35,0.9986905557552422,17.671985626220703,True,-3.0337751290744692,0.9573706662061843,True,
T24_FCCP_10uM_36,0.9986366945595372,17.864280700683594,True,-2.130122680587151,0.9619254894901395,True,
T24_FCCP_10uM_37,0.9983363980802596,18.982051849365234,True,-1.603462023069681,0.9624605546418717,True,
T24_FCCP_10uM_38,0.9985349279332048,21.944068908691406,True,-1.6551593863875536,0.9655650947620329,True,
T24_FCCP_10uM_39,0.9969753240179039,15.062454223632812,True,-1.4761171801556905,0.9533693470258953,True,
T24_FCCP_10uM_40,0.9982014684582055,18.772838592529297,True,-1.7752888750975984,0.9547179092725413,True,
T24_FCCP_10uM_41,0.9985837729324092,21.572738647460938,False,1.9220566812797948,0.9638967781637318,True,
T24_FCCP_10uM_42,0.9981885888233704,19.220949172973633,True,-1.2408545654928402,0.9615267648387341,True,
T24_FCCP_10uM_43,0.9975192122131256,15.990826606750488,True,-1.6198561669874574,0.9574300356400864,True,
T24_FCCP_10uM_44,0.997839680346204,17.965112686157227,True,-1.506724858246848,0.9634994655414991,True,
T24_FCCP_10uM_45,0.9999817363431341,378.95684814453125,False,0.05808973411722295,0.0008447516758526687,False,surface 379 rad exceeds 45 rad
T24_FCCP_10uM_46,0.9978908809909375,14.13162899017334,True,-2.378319635796822,0.9326936847650019,True,
T24_FCCP_10uM_47,0.9983871871113409,17.33445930480957,True,-3.3083558591239903,0.948506371223013,True,
T24_FCCP_10uM_48,0.9990493871279207,19.78905487060547,True,-4.06932083130828,0.9182072343977802,True,
T24_FCCP_10uM_49,0.9982271660981414,14.586108207702637,False,2.232530764075767,0.940530837870053,True,
T24_FCCP_10uM_50,0.9989408958523309,20.047876358032227,True,-3.5552049210835106,0.9362594027744126,True,
T24_Staurosporine_100nM_01,0.9978281938140794,18.129777908325195,True,-4.025872974948369,0.9339255453569527,True,
T24_Staurosporine_100nM_02,0.998694770583874,20.843463897705078,False,4.763851164693459,0.9196906236407013,True,
T24_Staurosporine_100nM_03,0.997561059816121,18.057640075683594,True,-4.1158849574460445,0.9451294206578735,True,
T24_Staurosporine_100nM_04,0.9985863485606227,17.16932487487793,False,5.071329310827242,0.9054097255499267,True,
T24_Staurosporine_100nM_05,0.9983331536034458,17.8220157623291,True,-4.9493174174955765,0.8826606510656166,True,
T24_Staurosporine_100nM_06,0.9976769084130487,17.699020385742188,True,-3.3802835414717394,0.9029871708867799,True,
T24_Staurosporine_100nM_07,0.9979381571983076,18.412405014038086,True,-3.8194834507401803,0.9460470279736901,True,
T24_Staurosporine_100nM_08,0.9987628907805894,19.190975189208984,True,-3.672055891868857,0.9175411172815923,True,
T24_Staurosporine_100nM_09,0.9976371936321227,17.000810623168945,True,-3.88075226569472,0.9356296087095798,True,
T24_Staurosporine_100nM_10,0.9999915476568271,404.7827453613281,False,-0.0016546605517197832,0.0020748644026804624,False,surface 405 rad exceeds 45 rad
T24_Staurosporine_100nM_11,0.9989321348770529,20.542112350463867,True,-3.4879425417666776,0.9058272140943703,True,
T24_Staurosporine_100nM_12,0.9982376677758829,17.972335815429688,True,-4.128399839729141,0.9150795489385993,True,
T24_Staurosporine_100nM_13,0.9984410546814525,19.400461196899414,True,-3.2851822735918317,0.9301105965658988,True,
T24_Staurosporine_100nM_14,0.9989841995758535,23.661409378051758,False,3.4047261083440516,0.9152589057640564,True,
T24_Staurosporine_100nM_15,0.9978742935579918,19.348756790161133,True,-2.4126906948000717,0.9380856924529591,True,
T24_Staurosporine_100nM_16,0.9981154539420849,15.546908378601074,True,-3.057401431589991,0.9119295661934645,True,
T24_Staurosporine_100nM_17,0.9984981778218055,17.030559539794922,False,3.7283440641264867,0.8983406852090708,True,
T24_Staurosporine_100nM_18,0.9981643194553994,17.293418884277344,True,-3.140815836130631,0.7959432482132943,True,
T24_Staurosporine_100nM_19,0.9983683757925682,18.004756927490234,False,4.465923259139324,0.8924008416844873,True,
T24_Staurosporine_100nM_20,0.9982544767993501,18.540542602539062,True,-3.443528531894319,0.9315278802973942,True,
T24_Staurosporine_100nM_21,0.9987346582846819,19.422489166259766,True,-3.5187164351251505,0.8946181421467337,True,
T24_Staurosporine_100nM_22,0.9977843232594404,18.853971481323242,True,-3.062825003713471,0.9270533438418989,True,
T24_Staurosporine_100nM_23,0.9985643114939169,20.626829147338867,False,3.5358219242946793,0.9278661861296872,True,
T24_Staurosporine_100nM_24,0.9977573434718384,15.351110458374023,True,-2.925061279158561,0.9303392027440016,True,
T24_Staurosporine_100nM_25,0.9983916241690415,20.98285484313965,True,-3.2148097215413682,0.9274045959131545,True,
T24_Staurosporine_100nM_26,0.9982314100027716,17.165769577026367,True,-2.60162917096398,0.9095718657593637,True,
T24_Staurosporine_100nM_27,0.9978365118914528,18.381322860717773,True,-2.374711686176337,0.9377337339484613,True,
T24_Staurosporine_100nM_28,0.998082186067764,17.173744201660156,True,-4.1177842742463335,0.9404306129547232,True,
T24_Staurosporine_100nM_29,0.998107371254943,14.934761047363281,True,-3.3829350229011688,0.8622057125341275,True,
T24_Staurosporine_100nM_30,0.9980870835329345,15.82412338256836,True,-3.0583272493232205,0.9134915240207664,True,
T24_Staurosporine_100nM_31,0.9984203195685927,18.288494110107422,True,-2.9157219142999065,0.9085164082274289,True,
T24_Staurosporine_100nM_32,0.9987061571559903,16.937637329101562,True,-5.301047668173055,0.8599658520877687,True,
T24_Staurosporine_100nM_33,0.9984829100313469,19.81296157836914,True,-2.656779351157708,0.9260981536160385,True,
T24_Staurosporine_100nM_34,0.9988505061991,18.19189453125,True,-3.851393032192566,0.879373899105904,True,
T24_Staurosporine_100nM_35,0.9999919927489904,435.22528076171875,False,-0.04979832369175889,0.00018539004887436933,False,surface 435 rad exceeds 45 rad
T24_Staurosporine_100nM_36,0.9986611309136854,17.2132568359375,True,-3.72346105554491,0.8559899460277173,True,
T24_Staurosporine_100nM_37,0.9979940239728666,16.788217544555664,True,-2.4143997227771092,0.9431705240281844,True,
T24_Staurosporine_100nM_38,0.9987952425591974,17.93561553955078,True,-3.8365955773866705,0.8711981832546706,True,
T24_Staurosporine_100nM_39,0.9978896229747773,17.1494083404541,False,3.034476315151862,0.8947554460764536,True,
T24_Staurosporine_100nM_40,0.9978783202577131,18.165307998657227,True,-3.2400199098151523,0.9256389533772842,True,
T24_Staurosporine_100nM_41,0.9982420209728546,16.15957260131836,True,-3.7409383673968803,0.8977588495388111,True,
T24_Staurosporine_100nM_42,0.9980294655209215,15.669195175170898,True,-3.298204234040471,0.925357629819779,True,
T24_Staurosporine_100nM_43,0.9984204681815068,19.046367645263672,True,-3.2266906730459786,0.9086499613606343,True,
T24_Staurosporine_100nM_44,0.9987140285273015,18.30316925048828,True,-3.078727074686037,0.9160440211162596,True,
T24_Staurosporine_100nM_45,0.9972655071422473,15.928327560424805,False,3.2365495078639075,0.923843398158416,True,
T24_Staurosporine_100nM_46,0.9981248743740314,18.04071807861328,True,-2.9602827385789108,0.9201483662986962,True,
T24_Staurosporine_100nM_47,0.9976060539556699,18.8519287109375,True,-2.703247172296155,0.9253398307020476,True,
T24_Staurosporine_100nM_48,0.9983856294733011,21.301021575927734,True,-3.043166429873986,0.9062481221235018,True,
T24_Staurosporine_100nM_49,0.9972222267558629,18.015775680541992,False,2.770420693876903,0.9242141903228785,True,
T24_Staurosporine_100nM_50,0.9987536324448624,18.727859497070312,True,-4.296988158816041,0.9138907218620472,True,
T24_rotenone_500nM_01,0.9964734028071719,17.38811683654785,True,-2.077193529761726,0.9674916961433273,True,
T24_rotenone_500nM_02,0.9981530001677518,19.737764358520508,True,-3.496267322348373,0.9514401584845282,True,
T24_rotenone_500nM_03,0.997455663402896,17.95157814025879,False,2.7883028832494046,0.9632389498299747,True,
T24_rotenone_500nM_04,0.9970856786047095,19.338001251220703,True,-2.63657711606594,0.9675900620528803,True,
T24_rotenone_500nM_05,0.9980069293748074,17.48152732849121,True,-3.0547023859958995,0.9643010219675362,True,
T24_rotenone_500nM_06,0.9999782245407338,393.12457275390625,False,1.2655188866399487,0.0016981875910958338,False,surface 393 rad exceeds 45 rad
T24_rotenone_500nM_07,0.9985759841109761,19.998626708984375,True,-3.131264304778536,0.9569835032743264,True,
T24_rotenone_500nM_08,0.9983224998029804,17.988140106201172,True,-3.520509226021389,0.9537550973191763,True,
T24_rotenone_500nM_09,0.9973530636242072,19.706649780273438,True,-4.3546867376139,0.9581824575757979,True,
T24_rotenone_500nM_10,0.9983490022408833,16.927202224731445,False,3.42748213483278,0.9568206291932178,True,
T24_rotenone_500nM_11,0.9981004341968387,16.951759338378906,True,-4.850501139134308,0.9454074374261326,True,
T24_rotenone_500nM_12,0.9985391977347656,18.510473251342773,False,3.4886375625116326,0.9473316281824297,True,
T24_rotenone_500nM_13,0.9988999847785819,20.393798828125,True,-3.5799217543616195,0.9506081206533373,True,
T24_rotenone_500nM_14,0.996096388769003,15.244464874267578,True,-4.419734287049825,0.9434828477877641,True,
T24_rotenone_500nM_15,0.9978424571646408,18.305187225341797,True,-3.6493431831432335,0.9670038012305896,True,
T24_rotenone_500nM_16,0.9975455581566263,16.485149383544922,True,-4.56177321694786,0.956621106814292,True,
T24_rotenone_500nM_17,0.9981875701226949,18.570919036865234,True,-3.9357858806629564,0.9470704931888201,True,
T24_rotenone_500nM_18,0.9982893155438031,19.64190673828125,True,-4.13442596267917,0.9443972956187725,True,
T24_rotenone_500nM_19,0.997715052656523,17.345735549926758,True,-2.113636354056502,0.9536424222922439,True,
T24_rotenone_500nM_20,0.998357842902392,23.589693069458008,True,-2.3565058118449893,0.9638029846101763,True,
T24_rotenone_500nM_21,0.9986055955342045,16.206987380981445,False,3.4963811762901247,0.9527318835417551,True,
T24_rotenone_500nM_22,0.9999879683925125,435.9120788574219,True,-0.6290163247922222,-0.0011239762755009268,False,surface 436 rad exceeds 45 rad
T24_rotenone_500nM_23,0.9976377479901404,19.899658203125,False,1.9923772008552305,0.9651454977468985,True,
T24_rotenone_500nM_24,0.9973306492946259,23.19095230102539,True,-2.3020940823328946,0.9552318615406622,True,
T24_rotenone_500nM_25,0.9988445608944694,26.6475830078125,True,-2.1842867749400523,0.9691030804196148,True,
T24_rotenone_500nM_26,0.9978667096288742,16.965818405151367,True,-1.6546967709287546,0.9667665280614753,True,
T24_rotenone_500nM_27,0.9978973387913529,18.76380729675293,True,-1.8315164955681016,0.9641381902105908,True,
T24_rotenone_500nM_28,0.9950673263203458,16.006189346313477,True,-1.6216758060413956,0.9639618954433326,True,
T24_rotenone_500nM_29,0.9982877799601954,16.859817504882812,True,-2.7679454696180867,0.9406805885903601,True,
T24_rotenone_500nM_30,0.9971499691273205,18.267868041992188,False,1.9480495746551096,0.9633482563358243,True,
T24_rotenone_500nM_31,0.9976945710455563,15.518501281738281,True,-2.7717315067883845,0.9525763788756273,True,
T24_rotenone_500nM_32,0.997840043409315,16.07565689086914,True,-2.63152055906621,0.9460170827821026,True,
T24_rotenone_500nM_33,0.9971455150053335,15.270051002502441,True,-3.2192251432448966,0.9524032903285968,True,
T24_rotenone_500nM_34,0.9987394386815389,17.0679988861084,True,-2.944320925081628,0.9531561549660783,True,
T24_rotenone_500nM_35,0.9983125493362371,16.277238845825195,True,-2.765188028332922,0.9560136001340694,True,
T24_rotenone_500nM_36,0.9987578463408836,15.632699966430664,True,-4.04971942541102,0.9141081456218897,True,
T24_rotenone_500nM_37,0.9987204505839719,16.28614616394043,True,-4.108100811740439,0.9267661517507343,True,
T24_rotenone_500nM_38,0.9982727516983503,16.589033126831055,False,3.7481706455611308,0.937742241078686,True,
T24_rotenone_500nM_39,0.9978143705007324,15.70673942565918,False,3.77021938472087,0.9565336589771342,True,
T24_rotenone_500nM_40,0.9986328486043047,21.06536865234375,True,-2.406458737614962,0.9478770673909747,True,
T24_rotenone_500nM_41,0.997858012723919,16.2915096282959,True,-2.447289385547828,0.9581970372011475,True,
T24_rotenone_500nM_42,0.9969178317152495,16.114892959594727,True,-2.170400104481195,0.9683251621144425,True,
T24_rotenone_500nM_43,0.9973392827436712,15.501869201660156,False,2.3830909484737917,0.9598554463868479,True,
T24_rotenone_500nM_44,0.9976317777329221,21.291122436523438,False,1.7384722805704595,0.9644553625249133,True,
T24_rotenone_500nM_45,0.9988737959644488,19.698020935058594,True,-2.492137838093893,0.943562003140335,True,
T24_rotenone_500nM_46,0.99783388145067,19.070085525512695,False,2.1385847113575807,0.9615748274911112,True,
T24_rotenone_500nM_47,0.9980752615031968,16.34218406677246,True,-1.6906452434127983,0.9600409219584146,True,
T24_rotenone_500nM_48,0.998691635089815,16.847919464111328,True,-3.0796361748358048,0.9435076192230801,True,
T24_rotenone_500nM_49,0.9983145285320453,17.81807518005371,True,-2.9666259162550954,0.9453071218510123,True,
T24_rotenone_500nM_50,0.998561233938672,19.973407745361328,True,-1.9553002491681615,0.9532415718188729,True,
