batch,item,amp_unity,amp_blend_0.25,amp_blend_0.50,amp_reference,amp_over_1.5,amp_inverted,phase_reference,phase_scaled_0.9,phase_scaled_0.5,aberration_mode,border_px,distance_um
0,0,0.9787272810935974,0.9714958071708679,0.9663782119750977,0.961345911026001,0.9593577980995178,0.9895386695861816,0.9787272810935974,0.9793988466262817,0.9836835265159607,global,79,33.77
1,0,0.5921550989151001,0.5788952708244324,0.5713427066802979,0.5696456432342529,0.578315258026123,0.6768888831138611,0.5921550989151001,0.5996893048286438,0.7212616801261902,global,79,33.77
2,0,0.7335593104362488,0.7130308747291565,0.6955698728561401,0.6729863882064819,0.6602026224136353,0.7649312019348145,0.7335593104362488,0.7351958751678467,0.7620958089828491,global,79,33.77
3,0,0.9701361060142517,0.9629220962524414,0.9586064219474792,0.9564864635467529,0.957836389541626,0.9884263873100281,0.9701361060142517,0.9694020748138428,0.9701492190361023,global,79,33.77
4,0,0.97902512550354,0.969452440738678,0.9616184234619141,0.9547803401947021,0.9533123970031738,0.9708842039108276,0.97902512550354,0.9794386029243469,0.9805928468704224,global,79,33.77
5,0,0.6788464188575745,0.660873532295227,0.6455540060997009,0.6256669163703918,0.6138623952865601,0.717136800289154,0.6788464188575745,0.6798445582389832,0.6989440321922302,global,79,33.77
6,0,0.6925161480903625,0.6740792393684387,0.6581977009773254,0.6380914449691772,0.6261917352676392,0.7248392105102539,0.6925161480903625,0.6930949687957764,0.7073345184326172,global,79,33.77
7,0,0.9783421158790588,0.9729058742523193,0.9700071215629578,0.9687124490737915,0.9693320393562317,0.9937623143196106,0.9783421158790588,0.9783813953399658,0.9807386994361877,global,79,33.77
8,0,0.9407057762145996,0.9336284399032593,0.9311081171035767,0.9332294464111328,0.9381948709487915,0.9862418174743652,0.9407057762145996,0.9401425123214722,0.9495802521705627,global,79,33.77
9,0,0.9551777839660645,0.9481417536735535,0.9438070058822632,0.9402557015419006,0.9391151666641235,0.983809769153595,0.9551777839660645,0.9556638598442078,0.9652969241142273,global,79,33.77
10,0,0.9791815876960754,0.9739698767662048,0.9711458683013916,0.9697427153587341,0.970045804977417,0.9892707467079163,0.9791815876960754,0.9788702130317688,0.9786545038223267,global,79,33.77
11,0,0.9828035235404968,0.9773833155632019,0.9748973250389099,0.9743822813034058,0.9753358364105225,0.9989322423934937,0.9828035235404968,0.9829728007316589,0.9835327863693237,global,79,33.77
12,0,0.6939347386360168,0.6772863864898682,0.6640400886535645,0.645261287689209,0.6316758394241333,0.7464481592178345,0.6939347386360168,0.6951914429664612,0.7115691900253296,global,79,33.77
13,0,0.9356961846351624,0.9259526133537292,0.9187046885490417,0.9131819605827332,0.9129167795181274,0.9353799223899841,0.9356961846351624,0.9359180927276611,0.9379430413246155,global,79,33.77
14,0,0.973964512348175,0.9689278602600098,0.9656744003295898,0.9631616473197937,0.9627017974853516,0.9806864857673645,0.973964512348175,0.9731622934341431,0.969375491142273,global,79,33.77
15,0,0.9761200547218323,0.9712058901786804,0.9684205651283264,0.9666294455528259,0.9663488268852234,0.9845828413963318,0.9761200547218323,0.9757060408592224,0.9756965041160583,global,79,33.77
16,0,0.9864869117736816,0.9820654392242432,0.9794649481773376,0.9778416156768799,0.9779105186462402,0.9963089227676392,0.9864869117736816,0.9869208931922913,0.9896660447120667,global,79,33.77
17,0,0.9774927496910095,0.9711847901344299,0.9666985869407654,0.9620690941810608,0.9595663547515869,0.9859558939933777,0.9774927496910095,0.9776560664176941,0.9802471995353699,global,79,33.77
18,0,0.979363203048706,0.970766544342041,0.9647217392921448,0.9591671228408813,0.9571343064308167,0.9867333769798279,0.979363203048706,0.9786086678504944,0.9761099815368652,global,79,33.77
19,0,0.8393821716308594,0.8255239725112915,0.8140839338302612,0.8000141382217407,0.7918316721916199,0.8583763241767883,0.8393821716308594,0.8401831388473511,0.8537625670433044,global,79,33.77
20,0,0.971806526184082,0.9600643515586853,0.9506627321243286,0.9436298608779907,0.9432147145271301,0.9571077227592468,0.971806526184082,0.9707111716270447,0.9659309387207031,global,79,33.77
21,0,0.9692517518997192,0.9597421884536743,0.9522275328636169,0.9443853497505188,0.9416381120681763,0.9800311326980591,0.9692517518997192,0.9675448536872864,0.9634842872619629,global,79,33.77
22,0,0.9852556586265564,0.9777883291244507,0.9721181392669678,0.9671189188957214,0.966178297996521,0.9863832592964172,0.9852556586265564,0.9859653115272522,0.9875837564468384,global,79,33.77
23,0,0.9818224906921387,0.9729071855545044,0.9657318592071533,0.9594212770462036,0.9575536251068115,0.9766480326652527,0.9818224906921387,0.9811205863952637,0.9791126847267151,global,79,33.77
24,0,0.9684199690818787,0.9608495831489563,0.9550216794013977,0.9501423239707947,0.9493731260299683,0.9661301970481873,0.9684199690818787,0.9673646092414856,0.9637482166290283,global,79,33.77
25,0,0.6356989741325378,0.615304172039032,0.5977323651313782,0.5765737295150757,0.5671080350875854,0.6725249886512756,0.6356989741325378,0.637370765209198,0.661744236946106,global,79,33.77
26,0,0.973919689655304,0.9646133184432983,0.9570172429084778,0.9490734934806824,0.9456791877746582,0.9755489230155945,0.973919689655304,0.9736193418502808,0.9733924269676208,global,79,33.77
27,0,0.968191921710968,0.9570955634117126,0.9471635818481445,0.9386219382286072,0.9370157122612,0.9505841135978699,0.968191921710968,0.967619001865387,0.9644094705581665,global,79,33.77
28,0,0.9838455319404602,0.9830079078674316,0.9835893511772156,0.9855736494064331,0.9870462417602539,0.9945223331451416,0.9838455319404602,0.9842451214790344,0.9842007756233215,global,79,33.77
29,0,0.9679966568946838,0.9637420773506165,0.9616647362709045,0.961988091468811,0.9639923572540283,0.9811061024665833,0.9679966568946838,0.9673625826835632,0.9680248498916626,global,79,33.77
30,0,0.9818156957626343,0.9772253036499023,0.9745504260063171,0.9725605249404907,0.9717023372650146,0.9886703491210938,0.9818156957626343,0.9818045496940613,0.9832121133804321,global,79,33.77
31,0,0.5988314151763916,0.5864952802658081,0.5773019194602966,0.5650249719619751,0.5581206679344177,0.6714003682136536,0.5988314151763916,0.601751983165741,0.6660236120223999,global,79,33.77
32,0,0.9854113459587097,0.9832958579063416,0.9823904633522034,0.9820840358734131,0.9821042418479919,0.9935729503631592,0.9854113459587097,0.9846361875534058,0.9807815551757812,global,79,33.77
33,0,0.733159601688385,0.7208959460258484,0.7109915614128113,0.6961013674736023,0.6854307651519775,0.7913265824317932,0.733159601688385,0.7341179847717285,0.7648334503173828,global,79,33.77
34,0,0.9682535529136658,0.9686006307601929,0.9696854948997498,0.9716023206710815,0.9727127552032471,0.9732494950294495,0.9682535529136658,0.969824492931366,0.9751632213592529,global,79,33.77
35,0,0.9825977087020874,0.9713279008865356,0.962571918964386,0.9536378979682922,0.9490456581115723,0.9808703064918518,0.9825977087020874,0.98258376121521,0.9840294718742371,global,79,33.77
36,0,0.9611839056015015,0.9530695080757141,0.9469995498657227,0.9425964951515198,0.942360520362854,0.9502967596054077,0.9611839056015015,0.9615886807441711,0.964091956615448,global,79,33.77
37,0,0.9829864501953125,0.9729633927345276,0.9651060104370117,0.9579671025276184,0.9555503726005554,0.9797348976135254,0.9829864501953125,0.9824643731117249,0.981253981590271,global,79,33.77
38,0,0.6337000727653503,0.6184645891189575,0.6067110300064087,0.5895974636077881,0.5773152709007263,0.6893149614334106,0.6337000727653503,0.6341851353645325,0.6426714658737183,global,79,33.77
39,0,0.9763481020927429,0.9658895134925842,0.9576404690742493,0.949671745300293,0.9463506937026978,0.9736874103546143,0.9763481020927429,0.9759423732757568,0.9756568074226379,global,79,33.77
40,0,0.9833819270133972,0.9723992347717285,0.9636680483818054,0.9563335180282593,0.9539919495582581,0.9734994769096375,0.9833819270133972,0.9832645654678345,0.9827932119369507,global,79,33.77
41,0,0.9905489087104797,0.9824849963188171,0.9765651822090149,0.97141432762146,0.9697862267494202,0.9877287149429321,0.9905489087104797,0.990138053894043,0.988412082195282,global,79,33.77
42,0,0.640997052192688,0.6211333870887756,0.6050320863723755,0.584980309009552,0.5722224116325378,0.6800119876861572,0.640997052192688,0.6407833695411682,0.6457065939903259,global,79,33.77
43,0,0.9854579567909241,0.9759480953216553,0.9694976210594177,0.9640153050422668,0.9618716835975647,0.9861739277839661,0.9854579567909241,0.9850696325302124,0.9837499856948853,global,79,33.77
44,0,0.5784799456596375,0.558151125907898,0.54250568151474,0.5244061946868896,0.5146151185035706,0.6208364963531494,0.5784799456596375,0.578980028629303,0.5903298258781433,global,79,33.77
45,0,0.9687325358390808,0.9571449756622314,0.9485467076301575,0.9415367841720581,0.9392210841178894,0.9653016924858093,0.9687325358390808,0.9684494137763977,0.9682022929191589,global,79,33.77
46,0,0.7665597796440125,0.7459878921508789,0.7297846674919128,0.7081498503684998,0.6922121047973633,0.8097473978996277,0.7665597796440125,0.7669048309326172,0.7722251415252686,global,79,33.77
47,0,0.9767835736274719,0.9663748145103455,0.959182858467102,0.9536511898040771,0.9517638683319092,0.9746930003166199,0.9767835736274719,0.9770634174346924,0.9785075187683105,global,79,33.77
48,0,0.9848959445953369,0.978702187538147,0.9755012392997742,0.9736036658287048,0.9728237986564636,0.9875826239585876,0.9848959445953369,0.9854585528373718,0.987339437007904,global,79,33.77
49,0,0.9720736145973206,0.9668830633163452,0.9641790986061096,0.9625058174133301,0.9618934988975525,0.9753106832504272,0.9720736145973206,0.9720768332481384,0.9721426367759705,global,79,33.77
50,0,0.9815258979797363,0.9751931428909302,0.9711527824401855,0.967913031578064,0.9667312502861023,0.9869950413703918,0.9815258979797363,0.9810752868652344,0.9791327714920044,global,79,33.77
51,0,0.9780522584915161,0.9721899032592773,0.96856290102005,0.966372013092041,0.9663799405097961,0.9778556823730469,0.9780522584915161,0.9778246879577637,0.976982593536377,global,79,33.77
52,0,0.8260218501091003,0.8139235973358154,0.804045557975769,0.7884201407432556,0.7753747701644897,0.8657755255699158,0.8260218501091003,0.8263512253761292,0.8323590159416199,global,79,33.77
53,0,0.496654212474823,0.48783746361732483,0.48133358359336853,0.4726892411708832,0.46877020597457886,0.552818238735199,0.496654212474823,0.4975537061691284,0.5204968452453613,global,79,33.77
54,0,0.622546374797821,0.609539270401001,0.5994921326637268,0.5848007798194885,0.5748779773712158,0.6883494853973389,0.622546374797821,0.6241545081138611,0.6486998796463013,global,79,33.77
55,0,0.9729001522064209,0.9672960638999939,0.9636980295181274,0.9608609080314636,0.9597552418708801,0.9756506681442261,0.9729001522064209,0.9726300239562988,0.9720888733863831,global,79,33.77
56,0,0.9712556004524231,0.9653862714767456,0.9617552161216736,0.9574731588363647,0.954100489616394,0.9832653403282166,0.9712556004524231,0.9714866280555725,0.9732682108879089,global,79,33.77
57,0,0.7057967185974121,0.6930684447288513,0.6830306649208069,0.6684161424636841,0.658285915851593,0.7624502778053284,0.7057967185974121,0.707186758518219,0.7328130602836609,global,79,33.77
58,0,0.6704028248786926,0.6551200151443481,0.6433538198471069,0.6268523335456848,0.6158409714698792,0.7331603765487671,0.6704028248786926,0.6715668439865112,0.6930370330810547,global,79,33.77
59,0,0.9745873212814331,0.9677403569221497,0.9632292985916138,0.9598795771598816,0.9586591124534607,0.9764270186424255,0.9745873212814331,0.9736031889915466,0.9701268672943115,global,79,33.77
60,0,0.7710879445075989,0.7571415901184082,0.7461315989494324,0.729194164276123,0.715573787689209,0.8181793093681335,0.7710879445075989,0.7717607617378235,0.7851215600967407,global,79,33.77
61,0,0.9886137247085571,0.9845374226570129,0.9826309680938721,0.9814093112945557,0.9808453321456909,0.9949740171432495,0.9886137247085571,0.9879761934280396,0.9854254126548767,global,79,33.77
62,0,0.6519964337348938,0.6409235596656799,0.6318985819816589,0.616838812828064,0.6052376627922058,0.7111585140228271,0.6519964337348938,0.6532315015792847,0.6722124218940735,global,79,33.77
63,0,0.989449679851532,0.9887319207191467,0.9887040853500366,0.9884116649627686,0.9875373244285583,0.9923109412193298,0.989449679851532,0.9887201189994812,0.9853034615516663,global,79,33.77
64,0,0.9740146994590759,0.9585307240486145,0.9459862112998962,0.9327666163444519,0.9266714453697205,0.9695332646369934,0.9740146994590759,0.9742622971534729,0.9754152297973633,global,79,33.77
65,0,0.9729809761047363,0.9612284898757935,0.9522637128829956,0.9443873763084412,0.9420057535171509,0.9595481753349304,0.9729809761047363,0.97267085313797,0.9723201990127563,global,79,33.77
66,0,0.7021323442459106,0.6828346848487854,0.6670846939086914,0.6468501687049866,0.6338909268379211,0.7404943704605103,0.7021323442459106,0.7027285099029541,0.7115270495414734,global,79,33.77
67,0,0.9907656908035278,0.9806705117225647,0.972797691822052,0.9661928415298462,0.9640846848487854,0.9821100234985352,0.9907656908035278,0.9904121160507202,0.9889748096466064,global,79,33.77
68,0,0.9865307211875916,0.9772806763648987,0.9705771207809448,0.9648607969284058,0.9625376462936401,0.9853360652923584,0.9865307211875916,0.9866130352020264,0.9868015050888062,global,79,33.77
69,0,0.7280852198600769,0.7099898457527161,0.6948283910751343,0.6748765707015991,0.6624215245246887,0.7622566223144531,0.7280852198600769,0.728808581829071,0.7377654910087585,global,79,33.77
70,0,0.7183636426925659,0.6994093060493469,0.6832894682884216,0.6619253158569336,0.6480957269668579,0.7543372511863708,0.7183636426925659,0.7189227938652039,0.7266178727149963,global,79,33.77
71,0,0.9844362735748291,0.9774551391601562,0.9727001786231995,0.9684497117996216,0.9673129320144653,0.9961197972297668,0.9844362735748291,0.9842367172241211,0.983156681060791,global,79,33.77
72,0,0.9781731963157654,0.971032977104187,0.9655318260192871,0.9596628546714783,0.9571011662483215,0.9866077303886414,0.9781731963157654,0.9779755473136902,0.9776179790496826,global,79,33.77
73,0,0.9679262042045593,0.9582692980766296,0.9505987763404846,0.9417446255683899,0.9368403553962708,0.9756774306297302,0.9679262042045593,0.9676788449287415,0.9679768085479736,global,79,33.77
74,0,0.6717878580093384,0.6563840508460999,0.6436421871185303,0.626349687576294,0.6155111193656921,0.7167485952377319,0.6717878580093384,0.6720775365829468,0.6812490224838257,global,79,33.77
75,0,0.980521023273468,0.9749103784561157,0.9713044166564941,0.9684436321258545,0.967324435710907,0.984154224395752,0.980521023273468,0.9802774786949158,0.979260265827179,global,79,33.77
76,0,0.6757404804229736,0.6581566333770752,0.643973171710968,0.6240750551223755,0.6098890900611877,0.7293093800544739,0.6757404804229736,0.6758112907409668,0.6819572448730469,global,79,33.77
77,0,0.9768248796463013,0.9675667881965637,0.960551381111145,0.9549514055252075,0.9533213973045349,0.969493567943573,0.9768248796463013,0.9766582250595093,0.9757819771766663,global,79,33.77
78,0,0.9785652756690979,0.9566953182220459,0.939321756362915,0.9248620271682739,0.9206559062004089,0.9486953616142273,0.9785652756690979,0.9780409336090088,0.9772717356681824,global,79,33.77
79,0,0.9793527722358704,0.9563108086585999,0.9378134608268738,0.9235464930534363,0.920362114906311,0.9398845434188843,0.9793527722358704,0.9793711304664612,0.9785165786743164,global,79,33.77
80,0,0.9939578771591187,0.9628084897994995,0.9391806125640869,0.9239222407341003,0.9209339022636414,0.9398753046989441,0.9939578771591187,0.9938902258872986,0.9932274222373962,global,79,33.77
81,0,0.9802847504615784,0.964389443397522,0.951848566532135,0.940542995929718,0.9369292259216309,0.9643836617469788,0.9802847504615784,0.980852484703064,0.983009934425354,global,79,33.77
82,0,0.9599859118461609,0.9387155175209045,0.9214800596237183,0.9079890847206116,0.9057686924934387,0.9257403612136841,0.9599859118461609,0.9598128199577332,0.9619780778884888,global,79,33.77
83,0,0.9789579510688782,0.9618232250213623,0.9485026597976685,0.9373248219490051,0.9343989491462708,0.958098292350769,0.9789579510688782,0.9786285161972046,0.9779574871063232,global,79,33.77
84,0,0.979371964931488,0.9614539742469788,0.9474764466285706,0.9355044364929199,0.931804358959198,0.9578057527542114,0.979371964931488,0.9789250493049622,0.9778345227241516,global,79,33.77
85,0,0.9710527658462524,0.9511281251907349,0.9359015226364136,0.9245006442070007,0.9228708744049072,0.9414114952087402,0.9710527658462524,0.9702132940292358,0.9680551290512085,global,79,33.77
86,0,0.9700931906700134,0.9456164240837097,0.9268373250961304,0.9124630689620972,0.9081615209579468,0.9364047050476074,0.9700931906700134,0.9699717164039612,0.9706870913505554,global,79,33.77
87,0,0.9833324551582336,0.9515968561172485,0.9291183948516846,0.9153838157653809,0.9143025875091553,0.9298950433731079,0.9833324551582336,0.9830989241600037,0.982036828994751,global,79,33.77
88,0,0.9827976226806641,0.9589763879776001,0.9409366250038147,0.9260556697845459,0.9213200211524963,0.9496700167655945,0.9827976226806641,0.982604444026947,0.9816599488258362,global,79,33.77
89,0,0.9737634658813477,0.9486126899719238,0.9288880228996277,0.913486897945404,0.9105525612831116,0.9316754341125488,0.9737634658813477,0.9730783104896545,0.9688857793807983,global,79,33.77
90,0,0.9755120277404785,0.9627432227134705,0.9537817239761353,0.9467517137527466,0.9452589750289917,0.9625288844108582,0.9755120277404785,0.9744619727134705,0.970828652381897,global,79,33.77
91,0,0.9763656258583069,0.966507077217102,0.9592270255088806,0.9540238380432129,0.953588604927063,0.9655101299285889,0.9763656258583069,0.9761685132980347,0.9766442775726318,global,79,33.77
92,0,0.9820091128349304,0.9716176390647888,0.9638844132423401,0.9562711119651794,0.9531503319740295,0.9803667068481445,0.9820091128349304,0.9824340343475342,0.985065758228302,global,79,33.77
93,0,0.983920693397522,0.9718531966209412,0.9624431729316711,0.9536454677581787,0.949974775314331,0.978588342666626,0.983920693397522,0.9841898679733276,0.9858558773994446,global,79,33.77
94,0,0.9876013398170471,0.9745835661888123,0.9640775322914124,0.9543442130088806,0.9518449306488037,0.9801555871963501,0.9876013398170471,0.9877318739891052,0.9889834523200989,global,79,33.77
95,0,0.9492010474205017,0.9347513318061829,0.9227353930473328,0.9111576080322266,0.9074199199676514,0.9380021691322327,0.9492010474205017,0.9493934512138367,0.9519977569580078,global,79,33.77
96,0,0.9862504601478577,0.9715536236763,0.9599913954734802,0.9490423798561096,0.9454091191291809,0.9699128866195679,0.9862504601478577,0.9865004420280457,0.9874516129493713,global,79,33.77
97,0,0.9645489454269409,0.9519649147987366,0.9420077204704285,0.9327985644340515,0.9300257563591003,0.958171546459198,0.9645489454269409,0.9641535878181458,0.964878499507904,global,79,33.77
98,0,0.9637107253074646,0.9489385485649109,0.9368309378623962,0.9269850254058838,0.9260182976722717,0.9425205588340759,0.9637107253074646,0.9629570841789246,0.9588919281959534,global,79,33.77
99,0,0.7578123807907104,0.38474005460739136,0.26554927229881287,0.27203986048698425,0.31454169750213623,0.6956201791763306,0.7578123807907104,0.7599987983703613,0.7914220094680786,global,79,33.77
100,0,0.9686939120292664,0.9564468264579773,0.9469390511512756,0.937614917755127,0.9337562322616577,0.9710003137588501,0.9686939120292664,0.9694614410400391,0.9729225635528564,global,79,33.77
101,0,0.9847146272659302,0.9754086136817932,0.9685842394828796,0.9626646637916565,0.9610655903816223,0.9864055514335632,0.9847146272659302,0.9849379658699036,0.9862951636314392,global,79,33.77
102,0,0.589594304561615,0.5716819763183594,0.557343602180481,0.5401995182037354,0.5316524505615234,0.6378121972084045,0.589594304561615,0.5902462005615234,0.6056275367736816,global,79,33.77
103,0,0.9819886088371277,0.9685177206993103,0.9573219418525696,0.9486685991287231,0.9472381472587585,0.9548433423042297,0.9819886088371277,0.9819269180297852,0.9807531237602234,global,79,33.77
104,0,0.9742596745491028,0.9594054818153381,0.9461854696273804,0.9329219460487366,0.9280143976211548,0.9570127129554749,0.9742596745491028,0.9746681451797485,0.976839005947113,global,79,33.77
105,0,0.7561578750610352,0.7433398365974426,0.7332533597946167,0.7191908955574036,0.7094032168388367,0.7980550527572632,0.7561578750610352,0.7570989727973938,0.7675022482872009,global,79,33.77
106,0,0.6760874390602112,0.6594594120979309,0.6467790007591248,0.6305574774742126,0.6205086708068848,0.726166307926178,0.6760874390602112,0.6778106093406677,0.6980716586112976,global,79,33.77
107,0,0.6349474787712097,0.6206996440887451,0.60930335521698,0.5938093662261963,0.5838861465454102,0.693576991558075,0.6349474787712097,0.6379162669181824,0.6867786645889282,global,79,33.77
108,0,0.755488395690918,0.7418205738067627,0.7309417128562927,0.715473473072052,0.7049145102500916,0.8080427646636963,0.755488395690918,0.7581944465637207,0.79241544008255,global,79,33.77
109,0,0.7833189964294434,0.7703874707221985,0.7602773308753967,0.7466527223587036,0.737500011920929,0.8314223885536194,0.7833189964294434,0.7858799695968628,0.8177789449691772,global,79,33.77
110,0,0.6403576731681824,0.625092625617981,0.6132713556289673,0.5977422595024109,0.5882483720779419,0.6934765577316284,0.6403576731681824,0.6422463059425354,0.6694402098655701,global,79,33.77
111,0,0.9545888304710388,0.949146032333374,0.9461162686347961,0.9447718262672424,0.9456399083137512,0.962073564529419,0.9545888304710388,0.9545263051986694,0.9554471373558044,global,79,33.77
112,0,0.9755616784095764,0.9696877002716064,0.9663754105567932,0.9652681350708008,0.9665017127990723,0.9741571545600891,0.9755616784095764,0.9748542904853821,0.9706124067306519,global,79,33.77
