shift_px,shift_um,dice,area_relative_error,mass_relative_error,area_signed,mass_signed,mass_over_area
-5,-1.4243549999999998,0.8452103960352562,0.2749296485557031,0.19717449155188593,-0.2747799676870978,-0.19655980716249694,0.7171816229632166
-4,-1.139484,0.8831230751018861,0.22769974255900022,0.16588735572184188,-0.22692835766909697,-0.16510335687323985,0.7285355435957865
-3,-0.854613,0.912697320148082,0.18281144596211973,0.1340024536060962,-0.18178732561856914,-0.13324399711042412,0.7330091007204372
-2,-0.569742,0.9453273311016057,0.1250126704132194,0.09335083938175608,-0.1229159332250047,-0.09019988711767979,0.7467310239289532
-1,-0.284871,0.9731140163852733,0.0663801579205224,0.04880939741459316,-0.06493370751992965,-0.047382372505801684,0.7353010137913971
0,0.0,1.0,0.0,0.0,0.0,0.0,nan
1,0.284871,0.974142315349982,0.07066985341157613,0.04970528619469915,0.0693330230803015,0.04841446253047908,0.7033449737785523
2,0.569742,0.949263356906423,0.162055143886403,0.10983606278731381,0.15031516987992694,0.09641633655173652,0.6777696785996896
3,0.854613,0.9254896571394577,0.21646294808030186,0.12443948154568041,0.21376228039795436,0.11935275620727853,0.574876590424689
4,1.139484,0.9056162613310194,0.2653678830798094,0.13758941801373353,0.2635982139567308,0.1317044704170723,0.5184855696058498
5,1.4243549999999998,0.8807908209288444,0.3277080272544789,0.1474280218835696,0.3262471225788862,0.14162771254555173,0.44987613858199943
