batch,config,train_crop,batch_size,min_foreground_pixels,crops_gated,cells,measurement_loss,segmentation_loss,measurement_grad_sum,segmentation_grad_sum,ratio_at_weight_1,cosine,phase_grad_sum,disconnected
0,config/v2/b_cell_ipp.yaml,512,4,370,0,14,0.9957681894302368,1.0521259307861328,145.730224609375,273.263427734375,0.5332957498836313,-0.02586641569167701,893.1001586914062,0
1,config/v2/b_cell_ipp.yaml,512,4,370,0,22,0.9873524308204651,1.0657382011413574,87.3108139038086,280.1470947265625,0.3116606081138492,-0.04705163063128491,608.3963012695312,0
2,config/v2/b_cell_ipp.yaml,512,4,370,0,19,0.9963570833206177,1.0464656352996826,115.47406005859375,255.9329071044922,0.45118879539569345,0.007017311911794149,748.3629150390625,0
3,config/v2/b_cell_ipp.yaml,512,4,370,0,12,0.9894688129425049,1.0479061603546143,83.47355651855469,256.5999755859375,0.32530617482696794,-0.1875142938413685,539.0382080078125,0
4,config/v2/b_cell_ipp.yaml,512,4,370,0,10,0.9892348051071167,1.0647575855255127,131.53939819335938,200.74911499023438,0.6552427302095863,-0.16884194916208833,948.4547119140625,0
5,config/v2/b_cell_ipp.yaml,512,4,370,0,14,0.983220100402832,1.0483195781707764,84.84628295898438,273.1195373535156,0.31065621954815537,-0.3010465960333746,591.41455078125,0
6,config/v2/b_cell_ipp.yaml,512,4,370,0,15,0.9811210036277771,1.042961597442627,95.1529769897461,262.5480041503906,0.3624212543441821,-0.3047081888805457,709.6724853515625,0
7,config/v2/b_cell_ipp.yaml,512,4,370,0,21,0.9910337328910828,1.0431551933288574,78.78892517089844,292.4936218261719,0.26936972053948743,0.23753932837601002,455.5005187988281,0
8,config/v2/b_cell_ipp.yaml,512,4,370,0,13,0.9951382875442505,1.078354835510254,120.12126159667969,260.41796875,0.46126333821455895,-0.08548627033293726,712.5517578125,0
9,config/v2/b_cell_ipp.yaml,512,4,370,0,17,0.9979619383811951,1.0609980821609497,93.89222717285156,239.98837280273438,0.3912365673233223,-0.08584790886138817,666.4828491210938,0
10,config/v2/b_cell_ipp.yaml,512,4,370,0,10,0.9890124201774597,1.0560986995697021,88.92855834960938,257.60552978515625,0.3452121482942391,-0.23733696990490272,685.496337890625,0
11,config/v2/b_cell_ipp.yaml,512,4,370,0,9,0.9869828224182129,1.0643310546875,93.24510955810547,226.00564575195312,0.41257867363386275,-0.2212243285712628,744.6203002929688,0
12,config/v2/b_cell_ipp.yaml,512,4,370,0,18,0.9850606322288513,1.0568370819091797,100.42325592041016,217.6033172607422,0.46149689804626665,-0.2975596590940079,761.436279296875,0
13,config/v2/b_cell_ipp.yaml,512,4,370,0,17,0.9840035438537598,1.057466983795166,88.765380859375,248.64410400390625,0.35699773061170387,-0.2051769042460853,686.7466430664062,0
14,config/v2/b_cell_ipp.yaml,512,4,370,0,11,0.9824891686439514,1.0471112728118896,92.40306091308594,246.96824645996094,0.37414956067263705,-0.3814536803450806,735.1263427734375,0
15,config/v2/b_cell_ipp.yaml,512,4,370,0,17,0.9730621576309204,1.041072964668274,164.3966064453125,275.4803771972656,0.596763399694315,-0.14283355751062404,831.299072265625,0
16,config/v2/b_cell_ipp.yaml,512,4,370,0,15,0.9886172413825989,1.0649542808532715,65.94437408447266,271.31927490234375,0.2430508267730263,-0.26390719044217437,443.914794921875,0
17,config/v2/b_cell_ipp.yaml,512,4,370,0,18,1.007211446762085,1.035322904586792,90.34687805175781,242.373291015625,0.3727592164680119,0.03735068855548168,718.6158447265625,0
18,config/v2/b_cell_ipp.yaml,512,4,370,0,14,0.984551727771759,1.0497119426727295,112.57445526123047,248.6282196044922,0.4527822925342481,-0.2317306037473599,959.81201171875,0
19,config/v2/b_cell_ipp.yaml,512,4,370,0,18,0.9744902849197388,1.0383392572402954,92.09327697753906,277.48577880859375,0.3318846730558537,-0.3866776877227553,596.4995727539062,0
20,config/v2/b_cell_ipp.yaml,512,4,370,0,15,0.9932258129119873,1.0500824451446533,84.04423522949219,257.785888671875,0.326023412928039,-0.14353565784805722,686.2227783203125,0
21,config/v2/b_cell_ipp.yaml,512,4,370,0,11,0.9832352995872498,1.0671948194503784,151.30191040039062,282.3699951171875,0.53582856895825,0.029402821095325,710.0286865234375,0
22,config/v2/b_cell_ipp.yaml,512,4,370,0,16,0.9955101013183594,1.0514872074127197,149.64617919921875,249.48757934570312,0.5998141454242943,-0.05539712724333627,1042.962646484375,0
23,config/v2/b_cell_ipp.yaml,512,4,370,0,15,0.982810914516449,1.04475998878479,96.86531066894531,285.84588623046875,0.3388725020546414,-0.17419621351909279,640.7623901367188,0
24,config/v2/b_cell_ipp.yaml,512,4,370,0,25,0.9904794096946716,1.0284314155578613,110.85682678222656,265.0185241699219,0.4182984081186284,-0.03635799918420541,819.385009765625,0
25,config/v2/b_cell_ipp.yaml,512,4,370,0,17,1.004023790359497,1.0333203077316284,97.62381744384766,252.97833251953125,0.3858979402368801,-0.02929726371963508,658.08935546875,0
26,config/v2/b_cell_ipp.yaml,512,4,370,0,10,0.9918726086616516,1.0489747524261475,81.9735336303711,249.35626220703125,0.328740625580566,-0.17064134166673817,664.5808715820312,0
27,config/v2/b_cell_ipp.yaml,512,4,370,0,12,0.9864804148674011,1.0426055192947388,68.17487335205078,268.2785339355469,0.25411974768145107,-0.324174729770191,489.15032958984375,0
28,config/v2/b_cell_ipp.yaml,512,4,370,0,21,0.9952813982963562,1.0513691902160645,103.26228332519531,233.924072265625,0.44143504482060797,-0.09333724208949977,797.4615478515625,0
29,config/v2/b_cell_ipp.yaml,512,4,370,0,14,0.9913368225097656,1.0470561981201172,76.15534210205078,255.7706756591797,0.29774852768317167,-0.18641411921248532,486.12493896484375,0
