stem,correlation,offset_y,offset_x
NCI_01,0.34407511353492737,314,282
NCI_02,0.49487069249153137,310,276
NCI_03,0.4727121889591217,310,282
NCI_04,0.4663035571575165,316,270
NCI_05,0.4642529785633087,316,274
NCI_06,0.4926939904689789,312,274
NCI_07,0.5445762276649475,312,280
NCI_08,0.5697835683822632,312,280
NCI_09,0.6340333819389343,312,284
NCI_10,0.5136956572532654,314,280
NCI_11,0.4304365813732147,314,286
NCI_12,0.591484546661377,318,282
NCI_13,0.5530251264572144,312,280
NCI_14,0.4538124203681946,320,292
NCI_15,0.5430014729499817,312,284
NCI_16,0.5717449188232422,314,288
NCI_17,0.4940994083881378,314,284
NCI_18,0.5768409967422485,312,284
NCI_19,0.5713121891021729,314,284
NCI_20,0.584194540977478,316,286
NCI_21,0.6258049607276917,314,280
NCI_22,0.5523834824562073,316,284
NCI_23,0.5181326866149902,312,270
NCI_24,0.514590322971344,310,286
NCI_25,0.5694513320922852,310,276
NCI_26,0.5013288855552673,316,290
NCI_27,0.6713997721672058,314,282
NCI_28,0.3922916650772095,314,272
NCI_29,0.43130770325660706,308,272
NCI_30,0.5048180818557739,314,286
NCI_31,0.6125402450561523,312,276
NCI_32,0.5040988922119141,308,272
NCI_33,0.5536327362060547,312,284
NCI_34,0.6001142263412476,310,284
NCI_35,0.49065855145454407,308,276
NCI_36,0.4814639985561371,322,282
NCI_37,0.6356030702590942,314,280
NCI_38,0.48875054717063904,318,278
NCI_39,0.5178642272949219,302,280
NCI_40,0.4901615083217621,316,288
NCI_41,0.4872015416622162,318,290
NCI_42,0.6455761194229126,318,290
NCI_43,0.4530092477798462,314,282
NCI_44,0.4962380528450012,306,278
NCI_45,0.5135777592658997,316,280
NCI_46,0.46571165323257446,318,286
NCI_47,0.49402129650115967,314,280
NCI_48,0.4941045641899109,318,286
NCI_49,0.43170231580734253,318,276
NCI_50,0.5365644693374634,314,286
NCI_Blebbistatin_5uM_01,0.47795531153678894,314,284
NCI_Blebbistatin_5uM_02,0.4102455973625183,312,274
NCI_Blebbistatin_5uM_03,0.4224632680416107,312,284
NCI_Blebbistatin_5uM_04,0.36128872632980347,314,286
NCI_Blebbistatin_5uM_05,0.330064594745636,310,280
NCI_Blebbistatin_5uM_06,0.3318284749984741,316,272
NCI_Blebbistatin_5uM_07,0.2961996793746948,310,272
NCI_Blebbistatin_5uM_08,0.3477923274040222,314,280
NCI_Blebbistatin_5uM_09,0.4144989848136902,318,278
NCI_Blebbistatin_5uM_10,0.4212885797023773,316,280
NCI_Blebbistatin_5uM_11,0.4246804118156433,306,272
NCI_Blebbistatin_5uM_12,0.3487797975540161,306,276
NCI_Blebbistatin_5uM_13,0.5327500700950623,302,288
NCI_Blebbistatin_5uM_14,0.33790338039398193,310,294
NCI_Blebbistatin_5uM_15,0.3051723539829254,306,280
NCI_Blebbistatin_5uM_16,0.30045706033706665,302,268
NCI_Blebbistatin_5uM_17,0.4689919352531433,308,276
NCI_Blebbistatin_5uM_18,0.6302751898765564,312,276
NCI_Blebbistatin_5uM_19,0.40830424427986145,316,280
NCI_Blebbistatin_5uM_20,0.4744482934474945,312,270
NCI_Blebbistatin_5uM_21,0.4968041777610779,316,278
NCI_Blebbistatin_5uM_22,0.3175719976425171,310,284
NCI_Blebbistatin_5uM_23,0.4668220579624176,312,284
NCI_Blebbistatin_5uM_24,0.44682684540748596,314,278
NCI_Blebbistatin_5uM_25,0.5449930429458618,306,282
NCI_Blebbistatin_5uM_26,0.4390053153038025,310,282
NCI_Blebbistatin_5uM_27,0.40626057982444763,318,282
NCI_Blebbistatin_5uM_28,0.5007801055908203,308,286
NCI_Blebbistatin_5uM_29,0.5943104028701782,310,280
NCI_Blebbistatin_5uM_30,0.5030366778373718,310,282
NCI_Blebbistatin_5uM_31,0.4390210509300232,310,266
NCI_Blebbistatin_5uM_32,0.5639768242835999,312,286
NCI_Blebbistatin_5uM_33,0.5122855305671692,308,278
NCI_Blebbistatin_5uM_34,0.5008099675178528,306,280
NCI_Blebbistatin_5uM_35,0.4259600341320038,318,280
NCI_Blebbistatin_5uM_36,0.438766747713089,302,276
NCI_Blebbistatin_5uM_37,0.4525248408317566,312,284
NCI_Blebbistatin_5uM_38,0.5536594390869141,314,274
NCI_Blebbistatin_5uM_39,0.5465326905250549,314,280
NCI_Blebbistatin_5uM_40,0.4856313169002533,312,286
NCI_Blebbistatin_5uM_41,0.4815085530281067,310,276
NCI_Blebbistatin_5uM_42,0.49611249566078186,306,282
NCI_Blebbistatin_5uM_43,0.4530300796031952,308,292
NCI_Blebbistatin_5uM_44,0.44832560420036316,308,276
NCI_Blebbistatin_5uM_45,0.4877409040927887,312,280
NCI_Blebbistatin_5uM_46,0.46817848086357117,314,282
NCI_Blebbistatin_5uM_47,0.5322026610374451,312,272
NCI_Blebbistatin_5uM_48,0.45964759588241577,314,270
NCI_Blebbistatin_5uM_49,0.4953177869319916,314,284
NCI_Blebbistatin_5uM_50,0.41298723220825195,302,276
NCI_FCCP_10uM_01,0.45078614354133606,310,274
NCI_FCCP_10uM_02,0.37742820382118225,308,278
NCI_FCCP_10uM_03,0.47824105620384216,314,274
NCI_FCCP_10uM_04,0.4067744314670563,300,272
NCI_FCCP_10uM_05,0.37356075644493103,304,268
NCI_FCCP_10uM_06,0.2921715974807739,314,308
NCI_FCCP_10uM_07,0.5625469088554382,310,282
NCI_FCCP_10uM_08,0.5093094110488892,314,278
NCI_FCCP_10uM_09,0.5329660773277283,312,280
NCI_FCCP_10uM_10,0.4545564353466034,316,270
NCI_FCCP_10uM_11,0.4599323272705078,310,280
NCI_FCCP_10uM_12,0.531194806098938,310,280
NCI_FCCP_10uM_13,0.5168500542640686,312,274
NCI_FCCP_10uM_14,0.4668385684490204,302,288
NCI_FCCP_10uM_15,0.5104019045829773,314,282
NCI_FCCP_10uM_16,0.699378490447998,314,280
NCI_FCCP_10uM_17,0.5339998602867126,306,274
NCI_FCCP_10uM_18,0.4427141845226288,314,284
NCI_FCCP_10uM_19,0.5163141489028931,312,284
NCI_FCCP_10uM_20,0.46837717294692993,320,290
NCI_FCCP_10uM_21,0.49914225935935974,308,278
NCI_FCCP_10uM_22,0.507382869720459,316,286
NCI_FCCP_10uM_23,0.564080536365509,310,290
NCI_FCCP_10uM_24,0.533810019493103,306,274
NCI_FCCP_10uM_25,0.47587230801582336,298,268
NCI_FCCP_10uM_26,0.5464948415756226,316,266
NCI_FCCP_10uM_27,0.43724754452705383,314,270
NCI_FCCP_10uM_28,0.5033632516860962,312,288
NCI_FCCP_10uM_29,0.45273980498313904,308,286
NCI_FCCP_10uM_30,0.48360663652420044,308,270
NCI_FCCP_10uM_31,0.5278304219245911,312,272
NCI_FCCP_10uM_32,0.5212759375572205,312,280
NCI_FCCP_10uM_33,0.5524499416351318,310,278
NCI_FCCP_10uM_34,0.42825162410736084,314,282
NCI_FCCP_10uM_35,0.5053625702857971,308,276
NCI_FCCP_10uM_36,0.6352965235710144,312,288
NCI_FCCP_10uM_37,0.4820196032524109,308,286
NCI_FCCP_10uM_38,0.4256104826927185,308,290
NCI_FCCP_10uM_39,0.4433884918689728,316,286
NCI_FCCP_10uM_40,0.464667409658432,312,280
NCI_FCCP_10uM_41,0.5609480142593384,312,278
NCI_FCCP_10uM_42,0.4914010167121887,310,288
NCI_FCCP_10uM_43,0.5294605493545532,308,272
NCI_FCCP_10uM_44,0.46657419204711914,310,280
NCI_FCCP_10uM_45,0.5263237357139587,316,298
NCI_FCCP_10uM_46,0.5527107119560242,312,286
NCI_FCCP_10uM_47,0.5989466309547424,312,288
NCI_FCCP_10uM_48,0.46146589517593384,310,274
NCI_FCCP_10uM_49,0.5238267779350281,316,274
NCI_FCCP_10uM_50,0.5759804248809814,318,288
NCI_Staurosporine_100nM_01,0.4766557812690735,312,290
NCI_Staurosporine_100nM_02,0.42152732610702515,316,280
NCI_Staurosporine_100nM_03,0.38265231251716614,312,274
NCI_Staurosporine_100nM_04,0.3834959864616394,300,282
NCI_Staurosporine_100nM_05,0.46429768204689026,312,286
NCI_Staurosporine_100nM_06,0.3953838050365448,312,286
NCI_Staurosporine_100nM_07,0.49887222051620483,318,274
NCI_Staurosporine_100nM_08,0.4620541036128998,312,290
NCI_Staurosporine_100nM_09,0.40021654963493347,320,294
NCI_Staurosporine_100nM_10,0.4788192808628082,310,280
NCI_Staurosporine_100nM_11,0.5270589590072632,324,272
NCI_Staurosporine_100nM_12,0.533558189868927,324,284
NCI_Staurosporine_100nM_13,0.520807147026062,308,288
NCI_Staurosporine_100nM_14,0.44291287660598755,320,284
NCI_Staurosporine_100nM_15,0.4107598662376404,322,270
NCI_Staurosporine_100nM_16,0.40554389357566833,314,284
NCI_Staurosporine_100nM_17,0.43004465103149414,308,276
NCI_Staurosporine_100nM_18,0.42418450117111206,312,280
NCI_Staurosporine_100nM_19,0.48260176181793213,312,294
NCI_Staurosporine_100nM_20,0.44173699617385864,316,290
NCI_Staurosporine_100nM_21,0.39082130789756775,312,286
NCI_Staurosporine_100nM_22,0.39405930042266846,310,268
NCI_Staurosporine_100nM_23,0.3863382637500763,314,282
NCI_Staurosporine_100nM_24,0.41928336024284363,318,288
NCI_Staurosporine_100nM_25,0.46340832114219666,312,280
NCI_Staurosporine_100nM_26,0.44791898131370544,312,286
NCI_Staurosporine_100nM_27,0.5346410870552063,316,276
NCI_Staurosporine_100nM_28,0.5393162965774536,314,280
NCI_Staurosporine_100nM_29,0.44355830550193787,314,276
NCI_Staurosporine_100nM_30,0.5140204429626465,314,290
NCI_Staurosporine_100nM_31,0.5212773680686951,314,286
NCI_Staurosporine_100nM_32,0.4979453980922699,310,270
NCI_Staurosporine_100nM_33,0.4291854798793793,316,288
NCI_Staurosporine_100nM_34,0.43253272771835327,314,278
NCI_Staurosporine_100nM_35,0.5011491775512695,316,282
NCI_Staurosporine_100nM_36,0.4734273850917816,332,280
NCI_Staurosporine_100nM_37,0.5765700340270996,314,280
NCI_Staurosporine_100nM_38,0.5552481412887573,314,286
NCI_Staurosporine_100nM_39,0.5674575567245483,312,280
NCI_Staurosporine_100nM_40,0.44050654768943787,304,284
NCI_Staurosporine_100nM_41,0.4641904830932617,316,292
NCI_Staurosporine_100nM_42,0.5064708590507507,314,284
NCI_Staurosporine_100nM_43,0.5946795344352722,310,284
NCI_Staurosporine_100nM_44,0.4533568024635315,320,300
NCI_Staurosporine_100nM_45,0.40423107147216797,326,270
NCI_Staurosporine_100nM_46,0.46884799003601074,306,294
NCI_Staurosporine_100nM_47,0.6276203989982605,314,284
NCI_Staurosporine_100nM_48,0.521893322467804,316,282
NCI_Staurosporine_100nM_49,0.5329489707946777,314,288
NCI_Staurosporine_100nM_50,0.6342512965202332,312,282
NCI_rotenone_500nM_01,0.44310253858566284,318,274
NCI_rotenone_500nM_02,0.5873599648475647,308,284
NCI_rotenone_500nM_03,0.5965878367424011,314,282
NCI_rotenone_500nM_04,0.5189929008483887,308,282
NCI_rotenone_500nM_05,0.5255610346794128,320,272
NCI_rotenone_500nM_06,0.5216482281684875,312,284
NCI_rotenone_500nM_07,0.5180469751358032,308,288
NCI_rotenone_500nM_08,0.5789327621459961,314,282
NCI_rotenone_500nM_09,0.6017916202545166,316,280
NCI_rotenone_500nM_10,0.6104744076728821,310,280
NCI_rotenone_500nM_11,0.6445828080177307,314,282
NCI_rotenone_500nM_12,0.6505319476127625,314,284
NCI_rotenone_500nM_13,0.6426324844360352,310,280
NCI_rotenone_500nM_14,0.5761973261833191,302,282
NCI_rotenone_500nM_15,0.5780524611473083,310,284
NCI_rotenone_500nM_16,0.507226288318634,316,286
NCI_rotenone_500nM_17,0.41621890664100647,314,276
NCI_rotenone_500nM_18,0.3762403428554535,314,278
NCI_rotenone_500nM_19,0.45698240399360657,312,282
NCI_rotenone_500nM_20,0.40278923511505127,312,288
NCI_rotenone_500nM_21,0.5546485781669617,312,282
NCI_rotenone_500nM_22,0.5490626096725464,312,278
NCI_rotenone_500nM_23,0.4913630485534668,316,280
NCI_rotenone_500nM_24,0.4161599576473236,314,280
NCI_rotenone_500nM_25,0.5930179953575134,314,278
NCI_rotenone_500nM_26,0.6857472062110901,314,284
NCI_rotenone_500nM_27,0.49895554780960083,312,288
NCI_rotenone_500nM_28,0.5886027812957764,314,282
NCI_rotenone_500nM_29,0.5125657916069031,310,282
NCI_rotenone_500nM_30,0.4762689173221588,318,276
NCI_rotenone_500nM_31,0.6408076882362366,316,282
NCI_rotenone_500nM_32,0.48121026158332825,314,280
NCI_rotenone_500nM_33,0.49392545223236084,322,282
NCI_rotenone_500nM_34,0.4302538335323334,314,282
NCI_rotenone_500nM_35,0.47582006454467773,314,282
NCI_rotenone_500nM_36,0.5083180665969849,308,286
NCI_rotenone_500nM_37,0.5390029549598694,308,280
NCI_rotenone_500nM_38,0.4915185570716858,314,282
NCI_rotenone_500nM_39,0.5556469559669495,310,272
NCI_rotenone_500nM_40,0.5711621642112732,314,280
NCI_rotenone_500nM_41,0.5754432082176208,314,282
NCI_rotenone_500nM_42,0.5132266879081726,316,284
NCI_rotenone_500nM_43,0.47650620341300964,308,296
NCI_rotenone_500nM_44,0.5901749134063721,314,282
NCI_rotenone_500nM_45,0.616550624370575,312,272
NCI_rotenone_500nM_46,0.5391156077384949,316,272
NCI_rotenone_500nM_47,0.5554724335670471,314,280
NCI_rotenone_500nM_48,0.6499488353729248,320,286
NCI_rotenone_500nM_49,0.6401830911636353,314,282
NCI_rotenone_500nM_50,0.525581955909729,310,284
SNU_01,0.41407638788223267,316,286
SNU_02,0.46971675753593445,314,282
SNU_03,0.5257866382598877,316,278
SNU_04,0.48596054315567017,320,284
SNU_05,0.5138717889785767,316,284
SNU_06,0.46971675753593445,312,282
SNU_07,0.5094998478889465,314,286
SNU_08,0.4968017637729645,312,290
SNU_09,0.563590943813324,314,294
SNU_100,0.613409161567688,316,292
SNU_10,0.5276443958282471,314,288
SNU_11,0.5626060366630554,312,282
SNU_12,0.5814821720123291,316,284
SNU_13,0.48214444518089294,316,272
SNU_14,0.5980101823806763,310,282
SNU_15,0.48483985662460327,316,282
SNU_16,0.403646320104599,320,286
SNU_17,0.3945334553718567,312,280
SNU_18,0.47719576954841614,308,278
SNU_19,0.4840843081474304,318,286
SNU_20,0.3997099995613098,316,282
SNU_21,0.3752623498439789,312,276
SNU_22,0.44947290420532227,316,270
SNU_23,0.439055472612381,310,286
SNU_24,0.43079134821891785,326,280
SNU_25,0.5607209205627441,312,276
SNU_26,0.544386625289917,316,292
SNU_27,0.4961422085762024,312,286
SNU_28,0.5531337261199951,316,278
SNU_29,0.46082183718681335,314,278
SNU_30,0.5862720608711243,310,278
SNU_31,0.4462911784648895,316,296
SNU_32,0.5039784908294678,316,276
SNU_33,0.5977689623832703,318,280
SNU_34,0.5293779969215393,316,268
SNU_35,0.575797975063324,312,284
SNU_36,0.5468305349349976,316,274
SNU_37,0.5727095007896423,316,290
SNU_38,0.4769672155380249,314,280
SNU_39,0.5707966089248657,312,290
SNU_40,0.46251434087753296,308,270
SNU_41,0.500382125377655,308,288
SNU_42,0.37208306789398193,314,280
SNU_43,0.28946930170059204,324,268
SNU_44,0.38939952850341797,320,284
SNU_45,0.47974395751953125,306,288
SNU_46,0.40524834394454956,300,274
SNU_47,0.4409435987472534,316,286
SNU_48,0.5516894459724426,316,286
SNU_49,0.47833919525146484,312,280
SNU_50,0.4766983091831207,320,280
SNU_51,0.5404064059257507,312,286
SNU_52,0.5545279383659363,314,276
SNU_53,0.538046658039093,308,280
SNU_54,0.6242539286613464,312,282
SNU_55,0.5240232348442078,312,290
SNU_56,0.6012404561042786,318,286
SNU_57,0.5581468939781189,312,276
SNU_58,0.540672242641449,312,284
SNU_59,0.5340527892112732,318,296
SNU_60,0.562307596206665,312,278
SNU_61,0.5829327702522278,312,284
SNU_62,0.704903781414032,314,282
SNU_63,0.22914914786815643,314,278
SNU_64,0.23507149517536163,316,280
SNU_65,0.40782153606414795,314,276
SNU_66,0.49921950697898865,320,284
SNU_67,0.46343594789505005,312,282
SNU_68,0.5305899381637573,316,288
SNU_69,0.5274173617362976,312,280
SNU_70,0.40231621265411377,312,288
SNU_71,0.21697182953357697,302,288
SNU_72,0.33029723167419434,318,270
SNU_73,0.39372068643569946,314,294
SNU_74,0.5211516618728638,314,282
SNU_75,0.4321112632751465,312,290
SNU_76,0.5459625720977783,316,286
SNU_77,0.47945424914360046,314,276
SNU_78,0.48786690831184387,320,278
SNU_79,0.4654593765735626,320,282
SNU_80,0.5065167546272278,314,288
SNU_81,0.41015347838401794,300,276
SNU_82,0.4724224805831909,322,286
SNU_83,0.4098128080368042,312,270
SNU_84,0.41845130920410156,316,284
SNU_85,0.47459638118743896,320,292
SNU_86,0.5229885578155518,316,286
SNU_87,0.6288950443267822,312,278
SNU_88,0.6104146838188171,314,282
SNU_89,0.6213967800140381,316,284
SNU_90,0.6344169974327087,314,288
SNU_91,0.5603829026222229,316,280
SNU_92,0.5363513827323914,318,276
SNU_93,0.4568815529346466,318,270
SNU_94,0.5647792220115662,318,284
SNU_95,0.4632188379764557,310,288
SNU_96,0.48473110795021057,314,278
SNU_97,0.5073593854904175,308,272
SNU_98,0.5641775727272034,310,286
SNU_99,0.6237736940383911,314,290
SNU_FCCP_10uM_01,0.39454227685928345,318,282
SNU_FCCP_10uM_02,0.5040110349655151,318,274
SNU_FCCP_10uM_03,0.48735544085502625,320,280
SNU_FCCP_10uM_04,0.5146819353103638,310,270
SNU_FCCP_10uM_05,0.35195350646972656,312,282
SNU_FCCP_10uM_06,0.43381598591804504,310,280
SNU_FCCP_10uM_07,0.5638683438301086,314,294
SNU_FCCP_10uM_08,0.35917049646377563,316,280
SNU_FCCP_10uM_09,0.5248507857322693,312,284
SNU_FCCP_10uM_10,0.5807908177375793,312,274
SNU_FCCP_10uM_11,0.47829845547676086,314,278
SNU_FCCP_10uM_12,0.4854253828525543,306,282
SNU_FCCP_10uM_13,0.42301151156425476,316,288
SNU_FCCP_10uM_14,0.4519233703613281,308,272
SNU_FCCP_10uM_15,0.3891887068748474,308,268
SNU_FCCP_10uM_16,0.4583287835121155,314,288
SNU_FCCP_10uM_17,0.39512553811073303,306,280
SNU_FCCP_10uM_18,0.6079792976379395,316,278
SNU_FCCP_10uM_19,0.44977006316185,314,282
SNU_FCCP_10uM_20,0.3777554929256439,312,284
SNU_FCCP_10uM_21,0.539087176322937,314,270
SNU_FCCP_10uM_22,0.5154080986976624,310,290
SNU_FCCP_10uM_23,0.3755251467227936,308,282
SNU_FCCP_10uM_24,0.46443718671798706,316,280
SNU_FCCP_10uM_25,0.4344862699508667,310,278
SNU_FCCP_10uM_26,0.5481832027435303,310,282
SNU_FCCP_10uM_27,0.5165762901306152,310,280
SNU_FCCP_10uM_28,0.5033361315727234,318,280
SNU_FCCP_10uM_29,0.5223854780197144,316,282
SNU_FCCP_10uM_30,0.44334328174591064,314,276
SNU_FCCP_10uM_31,0.4443526864051819,316,286
SNU_FCCP_10uM_32,0.5778167843818665,316,286
SNU_FCCP_10uM_33,0.46681612730026245,318,282
SNU_FCCP_10uM_34,0.5063599348068237,316,286
SNU_FCCP_10uM_35,0.4858528971672058,316,282
SNU_FCCP_10uM_36,0.46026620268821716,312,284
SNU_FCCP_10uM_37,0.44110381603240967,312,290
SNU_FCCP_10uM_38,0.37254297733306885,312,266
SNU_FCCP_10uM_39,0.4554215669631958,308,276
SNU_FCCP_10uM_40,0.37670502066612244,314,280
SNU_FCCP_10uM_41,0.30810168385505676,314,270
SNU_FCCP_10uM_42,0.510146975517273,314,286
SNU_FCCP_10uM_43,0.4247131049633026,310,280
SNU_FCCP_10uM_44,0.4459361135959625,316,274
SNU_FCCP_10uM_45,0.40241289138793945,316,284
SNU_FCCP_10uM_46,0.41811490058898926,310,280
SNU_FCCP_10uM_47,0.544220507144928,314,292
SNU_FCCP_10uM_48,0.48550301790237427,312,284
SNU_FCCP_10uM_49,0.5328571200370789,318,288
SNU_FCCP_10uM_50,0.4677348732948303,312,286
SNU_Rotenone_500nM_01,0.49555081129074097,316,282
SNU_Rotenone_500nM_02,0.43384677171707153,302,284
SNU_Rotenone_500nM_03,0.6477550268173218,312,282
SNU_Rotenone_500nM_04,0.4548702836036682,314,286
SNU_Rotenone_500nM_05,0.5131906867027283,320,292
SNU_Rotenone_500nM_06,0.5007277131080627,314,270
SNU_Rotenone_500nM_07,0.5060381293296814,314,286
SNU_Rotenone_500nM_08,0.4467538893222809,312,278
SNU_Rotenone_500nM_09,0.351619690656662,306,272
SNU_Rotenone_500nM_10,0.5763693451881409,314,284
SNU_Rotenone_500nM_11,0.4118252992630005,314,280
SNU_Rotenone_500nM_12,0.4238591492176056,314,280
SNU_Rotenone_500nM_13,0.3807292580604553,306,284
SNU_Rotenone_500nM_14,0.40302878618240356,298,290
SNU_Rotenone_500nM_15,0.380717933177948,308,282
SNU_Rotenone_500nM_16,0.580289900302887,312,280
SNU_Rotenone_500nM_17,0.5733875632286072,316,284
SNU_Rotenone_500nM_18,0.3576655089855194,314,278
SNU_Rotenone_500nM_19,0.5661519169807434,320,290
SNU_Rotenone_500nM_20,0.44376760721206665,314,280
SNU_Rotenone_500nM_21,0.40226683020591736,316,280
SNU_Rotenone_500nM_22,0.3390410244464874,320,276
SNU_Rotenone_500nM_23,0.40993738174438477,314,278
SNU_Rotenone_500nM_24,0.5792299509048462,314,288
SNU_Rotenone_500nM_25,0.5450965166091919,316,282
SNU_Rotenone_500nM_26,0.4879656732082367,302,270
SNU_Rotenone_500nM_27,0.473993182182312,310,278
SNU_Rotenone_500nM_28,0.4651361107826233,312,278
SNU_Rotenone_500nM_29,0.3805553913116455,316,284
SNU_Rotenone_500nM_30,0.4471455216407776,316,286
SNU_Rotenone_500nM_31,0.3811301589012146,312,272
SNU_Rotenone_500nM_32,0.36147159337997437,316,288
SNU_Rotenone_500nM_33,0.5434655547142029,318,272
SNU_Rotenone_500nM_34,0.4297085702419281,314,270
SNU_Rotenone_500nM_35,0.37632817029953003,308,278
SNU_Rotenone_500nM_36,0.41280612349510193,304,278
SNU_Rotenone_500nM_37,0.4813569486141205,318,270
SNU_Rotenone_500nM_38,0.48143255710601807,314,278
SNU_Rotenone_500nM_39,0.5063158273696899,310,276
SNU_Rotenone_500nM_40,0.4699300527572632,310,290
SNU_Rotenone_500nM_41,0.4223870635032654,318,286
SNU_Rotenone_500nM_42,0.4439014196395874,306,286
SNU_Rotenone_500nM_43,0.4484236240386963,300,268
SNU_Rotenone_500nM_44,0.49704059958457947,310,284
SNU_Rotenone_500nM_45,0.5804109573364258,314,282
SNU_Rotenone_500nM_46,0.5022587180137634,312,282
SNU_Rotenone_500nM_47,0.3925670087337494,314,276
SNU_Rotenone_500nM_48,0.48567938804626465,318,288
SNU_Rotenone_500nM_49,0.53476881980896,314,280
SNU_Rotenone_500nM_50,0.54859858751297,316,278
SNU_blebbistatin_01,0.3938469886779785,314,286
SNU_blebbistatin_02,0.32153698801994324,314,276
SNU_blebbistatin_03,0.282484233379364,314,282
SNU_blebbistatin_04,0.37862253189086914,316,284
SNU_blebbistatin_05,0.45559197664260864,312,284
SNU_blebbistatin_06,0.42041146755218506,316,280
SNU_blebbistatin_07,0.458197683095932,316,284
SNU_blebbistatin_08,0.3348287045955658,316,294
SNU_blebbistatin_09,0.4603307247161865,312,284
SNU_blebbistatin_10,0.3693324029445648,314,280
SNU_blebbistatin_11,0.3492841422557831,316,290
SNU_blebbistatin_12,0.42027369141578674,314,282
SNU_blebbistatin_13,0.1194082573056221,322,278
SNU_blebbistatin_14,0.16977424919605255,314,270
SNU_blebbistatin_15,0.35042068362236023,320,284
SNU_blebbistatin_16,0.3636089265346527,314,270
SNU_blebbistatin_17,0.17034746706485748,318,282
SNU_blebbistatin_18,0.36320748925209045,314,272
SNU_blebbistatin_19,0.33592861890792847,320,282
SNU_blebbistatin_20,0.37074267864227295,310,282
SNU_blebbistatin_21,0.32579728960990906,314,280
SNU_blebbistatin_22,0.42645829916000366,314,282
SNU_blebbistatin_23,0.41486451029777527,320,288
SNU_blebbistatin_24,0.3508359491825104,312,282
SNU_blebbistatin_25,0.46083927154541016,312,290
SNU_blebbistatin_26,0.46328720450401306,316,282
SNU_blebbistatin_27,0.41522839665412903,312,276
SNU_blebbistatin_28,0.3762069344520569,316,274
SNU_blebbistatin_29,0.4208204746246338,320,276
SNU_blebbistatin_30,0.426500529050827,314,286
SNU_blebbistatin_31,0.27874594926834106,312,282
SNU_blebbistatin_32,0.3807011842727661,312,290
SNU_blebbistatin_33,0.4293941259384155,312,272
SNU_blebbistatin_34,0.40378156304359436,308,280
SNU_blebbistatin_35,0.3833382725715637,316,276
SNU_blebbistatin_36,0.5068672299385071,312,286
SNU_blebbistatin_37,0.41730377078056335,310,272
SNU_blebbistatin_38,0.37852373719215393,310,270
SNU_blebbistatin_39,0.3425358533859253,316,274
SNU_blebbistatin_40,0.5476462244987488,318,284
SNU_blebbistatin_41,0.4640337824821472,314,274
SNU_blebbistatin_42,0.4193953275680542,310,274
SNU_blebbistatin_43,0.4841215908527374,314,284
SNU_blebbistatin_44,0.5088130235671997,310,274
SNU_blebbistatin_45,0.4988178312778473,314,276
SNU_blebbistatin_46,0.39176619052886963,316,282
SNU_blebbistatin_47,0.374327152967453,318,284
SNU_blebbistatin_48,0.42739179730415344,314,276
SNU_blebbistatin_49,0.5415314435958862,316,282
SNU_blebbistatin_50,0.24880775809288025,316,292
SNU_staurosporine_01,0.42070162296295166,312,288
SNU_staurosporine_02,0.3719214200973511,314,286
SNU_staurosporine_03,0.3645166754722595,316,272
SNU_staurosporine_04,0.2918647825717926,312,292
SNU_staurosporine_05,0.34650304913520813,316,286
SNU_staurosporine_06,0.3417354226112366,310,276
SNU_staurosporine_07,0.41681134700775146,314,282
SNU_staurosporine_08,0.3199070990085602,314,280
SNU_staurosporine_09,0.30925002694129944,312,282
SNU_staurosporine_10,0.3437041640281677,314,290
SNU_staurosporine_11,0.3944282829761505,314,284
SNU_staurosporine_12,0.4168347716331482,314,288
SNU_staurosporine_13,0.3858256936073303,316,278
SNU_staurosporine_14,0.3587705194950104,314,280
SNU_staurosporine_15,0.33342522382736206,312,278
SNU_staurosporine_16,0.3703433573246002,314,286
SNU_staurosporine_17,0.4265631437301636,312,276
SNU_staurosporine_18,0.29986822605133057,310,280
SNU_staurosporine_19,0.4432915449142456,312,276
SNU_staurosporine_20,0.4071248471736908,318,288
SNU_staurosporine_21,0.47626835107803345,312,282
SNU_staurosporine_22,0.3797554671764374,316,286
SNU_staurosporine_23,0.3979668617248535,314,284
SNU_staurosporine_24,0.41774290800094604,318,280
SNU_staurosporine_25,0.398081511259079,312,282
SNU_staurosporine_26,0.33505725860595703,314,288
SNU_staurosporine_27,0.3485496938228607,312,276
SNU_staurosporine_28,0.36249181628227234,316,288
SNU_staurosporine_29,0.3444931209087372,314,286
SNU_staurosporine_30,0.38202014565467834,312,288
SNU_staurosporine_31,0.42954036593437195,314,282
SNU_staurosporine_32,0.4368489980697632,314,284
SNU_staurosporine_33,0.36289387941360474,316,292
SNU_staurosporine_34,0.26056042313575745,318,292
SNU_staurosporine_35,0.40105757117271423,314,282
SNU_staurosporine_36,0.46255847811698914,316,272
SNU_staurosporine_37,0.4850512742996216,316,286
SNU_staurosporine_38,0.4174168109893799,314,282
SNU_staurosporine_39,0.43827345967292786,312,278
SNU_staurosporine_40,0.43294453620910645,316,284
SNU_staurosporine_41,0.4790210723876953,318,280
SNU_staurosporine_42,0.37963125109672546,316,286
SNU_staurosporine_43,0.4155590534210205,314,294
SNU_staurosporine_44,0.44321930408477783,314,286
SNU_staurosporine_45,0.4227229058742523,316,280
SNU_staurosporine_46,0.4953734576702118,314,282
SNU_staurosporine_47,0.5212658643722534,312,288
SNU_staurosporine_48,0.42733457684516907,314,284
SNU_staurosporine_49,0.44529256224632263,314,278
SNU_staurosporine_50,0.39006760716438293,314,278
T24_01,0.27265307307243347,314,280
T24_02,0.4871806800365448,310,272
T24_03,0.42672351002693176,314,292
T24_04,0.371690958738327,322,276
T24_05,0.31540632247924805,318,270
T24_06,0.3719817101955414,316,282
T24_07,0.626336395740509,314,276
T24_08,0.5032047629356384,318,282
T24_09,0.5666664838790894,316,290
T24_10,0.5254809260368347,312,284
T24_11,0.4370018541812897,314,284
T24_12,0.4254637360572815,320,290
T24_13,0.5728805661201477,316,278
T24_14,0.44546154141426086,316,276
T24_15,0.3429076075553894,312,284
T24_16,0.4771632254123688,316,286
T24_17,0.513376772403717,316,280
T24_18,0.5391324162483215,314,282
T24_19,0.48163819313049316,322,294
T24_20,0.5636196136474609,308,276
T24_21,0.4750600755214691,320,286
T24_22,0.5383695363998413,310,288
T24_23,0.4865797162055969,310,274
T24_24,0.5321119427680969,318,278
T24_25,0.5297296047210693,316,266
T24_26,0.47257858514785767,308,276
T24_27,0.5363516807556152,304,276
T24_28,0.47793716192245483,318,290
T24_29,0.41655826568603516,312,284
T24_30,0.36926203966140747,306,296
T24_31,0.45380184054374695,310,288
T24_32,0.525169849395752,320,286
T24_33,0.5336705446243286,316,286
T24_34,0.59003084897995,312,274
T24_35,0.5197542309761047,312,284
T24_36,0.505855143070221,326,296
T24_37,0.5217470526695251,314,280
T24_38,0.46757772564888,318,278
T24_39,0.5025347471237183,302,274
T24_40,0.3711217939853668,316,286
T24_41,0.34093591570854187,314,278
T24_42,0.48836636543273926,320,284
T24_43,0.4272696077823639,318,292
T24_44,0.3631008565425873,316,272
T24_45,0.4418070316314697,312,296
T24_46,0.39146196842193604,316,276
T24_47,0.3569943606853485,316,284
T24_48,0.35902076959609985,314,278
T24_49,0.42071279883384705,318,274
T24_50,0.32975277304649353,316,284
T24_Blebbistatin_5uM_01,0.33426931500434875,302,280
T24_Blebbistatin_5uM_02,0.4361827075481415,306,276
T24_Blebbistatin_5uM_03,0.4728633463382721,304,268
T24_Blebbistatin_5uM_04,0.45888206362724304,308,282
T24_Blebbistatin_5uM_05,0.4706808924674988,316,274
T24_Blebbistatin_5uM_06,0.46379661560058594,308,280
T24_Blebbistatin_5uM_07,0.44627645611763,312,276
T24_Blebbistatin_5uM_08,0.5668115615844727,316,282
T24_Blebbistatin_5uM_09,0.593073844909668,316,278
T24_Blebbistatin_5uM_10,0.5067583322525024,310,286
T24_Blebbistatin_5uM_11,0.4463813304901123,310,278
T24_Blebbistatin_5uM_12,0.37181657552719116,310,290
T24_Blebbistatin_5uM_13,0.5633367896080017,310,270
T24_Blebbistatin_5uM_14,0.5445215106010437,314,274
T24_Blebbistatin_5uM_15,0.5021706819534302,314,284
T24_Blebbistatin_5uM_16,0.5169816613197327,306,266
T24_Blebbistatin_5uM_17,0.38063254952430725,310,278
T24_Blebbistatin_5uM_18,0.3909030854701996,312,268
T24_Blebbistatin_5uM_19,0.4767131805419922,316,278
T24_Blebbistatin_5uM_20,0.4156034290790558,312,282
T24_Blebbistatin_5uM_21,0.3545573949813843,308,272
T24_Blebbistatin_5uM_22,0.45155760645866394,310,278
T24_Blebbistatin_5uM_23,0.3843708336353302,314,274
T24_Blebbistatin_5uM_24,0.35757502913475037,306,272
T24_Blebbistatin_5uM_25,0.47469085454940796,314,274
T24_Blebbistatin_5uM_26,0.35827144980430603,308,276
T24_Blebbistatin_5uM_27,0.40077584981918335,310,286
T24_Blebbistatin_5uM_28,0.4302915036678314,310,286
T24_Blebbistatin_5uM_29,0.49027344584465027,310,282
T24_Blebbistatin_5uM_30,0.3292925953865051,312,282
T24_Blebbistatin_5uM_31,0.4341196119785309,308,284
T24_Blebbistatin_5uM_32,0.4684847295284271,314,282
T24_Blebbistatin_5uM_33,0.3840753734111786,306,282
T24_Blebbistatin_5uM_34,0.4461078345775604,314,278
T24_Blebbistatin_5uM_35,0.4695327877998352,312,276
T24_Blebbistatin_5uM_36,0.4799720048904419,312,286
T24_Blebbistatin_5uM_37,0.5471057295799255,316,284
T24_Blebbistatin_5uM_38,0.4410598874092102,314,284
T24_Blebbistatin_5uM_39,0.42699897289276123,308,278
T24_Blebbistatin_5uM_40,0.4175516664981842,312,268
T24_Blebbistatin_5uM_41,0.4470270872116089,306,280
T24_Blebbistatin_5uM_42,0.44685131311416626,314,274
T24_Blebbistatin_5uM_43,0.5101243257522583,314,286
T24_Blebbistatin_5uM_44,0.46426430344581604,314,282
T24_Blebbistatin_5uM_45,0.5027998685836792,306,270
T24_Blebbistatin_5uM_46,0.4278638958930969,306,282
T24_Blebbistatin_5uM_47,0.46570879220962524,316,266
T24_Blebbistatin_5uM_48,0.45266664028167725,314,282
T24_Blebbistatin_5uM_49,0.38463664054870605,312,286
T24_Blebbistatin_5uM_50,0.554604709148407,308,276
T24_FCCP_10uM_01,0.45854002237319946,316,276
T24_FCCP_10uM_02,0.5739386081695557,314,276
T24_FCCP_10uM_03,0.5395443439483643,310,280
T24_FCCP_10uM_04,0.5707458853721619,318,276
T24_FCCP_10uM_05,0.47561728954315186,312,290
T24_FCCP_10uM_06,0.5245940685272217,314,284
T24_FCCP_10uM_07,0.4395928382873535,314,280
T24_FCCP_10uM_08,0.47703349590301514,316,288
T24_FCCP_10uM_09,0.522542417049408,314,290
T24_FCCP_10uM_10,0.45927491784095764,318,290
T24_FCCP_10uM_11,0.4270525574684143,320,282
T24_FCCP_10uM_12,0.47889456152915955,316,278
T24_FCCP_10uM_13,0.5147772431373596,316,280
T24_FCCP_10uM_14,0.45720410346984863,310,278
T24_FCCP_10uM_15,0.43972548842430115,320,278
T24_FCCP_10uM_16,0.5358765721321106,310,282
T24_FCCP_10uM_17,0.5276199579238892,314,268
T24_FCCP_10uM_18,0.4953114986419678,318,290
T24_FCCP_10uM_19,0.5618978142738342,304,282
T24_FCCP_10uM_20,0.5484678149223328,312,288
T24_FCCP_10uM_21,0.41702431440353394,310,286
T24_FCCP_10uM_22,0.4804636538028717,302,270
T24_FCCP_10uM_23,0.4777272045612335,314,276
T24_FCCP_10uM_24,0.4609924852848053,316,280
T24_FCCP_10uM_25,0.5872771739959717,310,292
T24_FCCP_10uM_26,0.5526990294456482,308,278
T24_FCCP_10uM_27,0.554164469242096,318,278
T24_FCCP_10uM_28,0.4811987280845642,314,278
T24_FCCP_10uM_29,0.5448024272918701,310,284
T24_FCCP_10uM_30,0.5045135617256165,320,284
T24_FCCP_10uM_31,0.49253517389297485,314,284
T24_FCCP_10uM_32,0.5230186581611633,318,274
T24_FCCP_10uM_33,0.5019176602363586,320,268
T24_FCCP_10uM_34,0.49409034848213196,304,292
T24_FCCP_10uM_35,0.39316651225090027,320,274
T24_FCCP_10uM_36,0.4039473831653595,306,276
T24_FCCP_10uM_37,0.4489619731903076,312,282
T24_FCCP_10uM_38,0.5142903327941895,310,274
T24_FCCP_10uM_39,0.3448009192943573,312,268
T24_FCCP_10uM_40,0.3621361255645752,314,278
T24_FCCP_10uM_41,0.49862831830978394,314,280
T24_FCCP_10uM_42,0.45839089155197144,314,278
T24_FCCP_10uM_43,0.46241727471351624,308,276
T24_FCCP_10uM_44,0.4085855782032013,318,288
T24_FCCP_10uM_45,0.45563897490501404,312,280
T24_FCCP_10uM_46,0.5838751792907715,314,282
T24_FCCP_10uM_47,0.5998883247375488,314,276
T24_FCCP_10uM_48,0.597815990447998,312,278
T24_FCCP_10uM_49,0.44605594873428345,316,286
T24_FCCP_10uM_50,0.5522956848144531,314,282
T24_Staurosporine_100nM_01,0.5274710059165955,310,288
T24_Staurosporine_100nM_02,0.5014640688896179,312,290
T24_Staurosporine_100nM_03,0.5484746694564819,314,280
T24_Staurosporine_100nM_04,0.5256081223487854,316,284
T24_Staurosporine_100nM_05,0.5606196522712708,314,284
T24_Staurosporine_100nM_06,0.5134505033493042,318,280
T24_Staurosporine_100nM_07,0.45854583382606506,314,274
T24_Staurosporine_100nM_08,0.4581916630268097,318,286
T24_Staurosporine_100nM_09,0.4418964385986328,314,284
T24_Staurosporine_100nM_10,0.4539826512336731,314,282
T24_Staurosporine_100nM_11,0.4215582311153412,312,280
T24_Staurosporine_100nM_12,0.4678325653076172,312,282
T24_Staurosporine_100nM_13,0.47297024726867676,320,290
T24_Staurosporine_100nM_14,0.5616438388824463,314,278
T24_Staurosporine_100nM_15,0.5651070475578308,310,278
T24_Staurosporine_100nM_16,0.3649083077907562,314,290
T24_Staurosporine_100nM_17,0.5759339332580566,314,286
T24_Staurosporine_100nM_18,0.5081002116203308,312,286
T24_Staurosporine_100nM_19,0.4253048896789551,316,280
T24_Staurosporine_100nM_20,0.5112858414649963,312,274
T24_Staurosporine_100nM_21,0.5574681162834167,316,290
T24_Staurosporine_100nM_22,0.4882878065109253,316,270
T24_Staurosporine_100nM_23,0.4754590392112732,312,288
T24_Staurosporine_100nM_24,0.529646098613739,312,288
T24_Staurosporine_100nM_25,0.4229796230792999,316,292
T24_Staurosporine_100nM_26,0.4763592481613159,314,276
T24_Staurosporine_100nM_27,0.4505651593208313,312,288
T24_Staurosporine_100nM_28,0.5492141842842102,306,280
T24_Staurosporine_100nM_29,0.5430997610092163,316,284
T24_Staurosporine_100nM_30,0.4537239074707031,310,282
T24_Staurosporine_100nM_31,0.5129274725914001,314,276
T24_Staurosporine_100nM_32,0.6222842931747437,310,282
T24_Staurosporine_100nM_33,0.4388294816017151,314,292
T24_Staurosporine_100nM_34,0.47013750672340393,314,286
T24_Staurosporine_100nM_35,0.5464454293251038,314,288
T24_Staurosporine_100nM_36,0.6213768720626831,306,280
T24_Staurosporine_100nM_37,0.3881293833255768,314,294
T24_Staurosporine_100nM_38,0.4753285348415375,316,294
T24_Staurosporine_100nM_39,0.5386623740196228,306,280
T24_Staurosporine_100nM_40,0.49225887656211853,314,284
T24_Staurosporine_100nM_41,0.5416253805160522,316,270
T24_Staurosporine_100nM_42,0.4317895770072937,308,284
T24_Staurosporine_100nM_43,0.5341064929962158,314,286
T24_Staurosporine_100nM_44,0.49331605434417725,312,284
T24_Staurosporine_100nM_45,0.5036709308624268,324,286
T24_Staurosporine_100nM_46,0.4273633360862732,312,270
T24_Staurosporine_100nM_47,0.45209991931915283,312,280
T24_Staurosporine_100nM_48,0.3803059458732605,316,288
T24_Staurosporine_100nM_49,0.530224084854126,310,272
T24_Staurosporine_100nM_50,0.5030654072761536,310,282
T24_rotenone_500nM_01,0.606637716293335,310,286
T24_rotenone_500nM_02,0.4364946782588959,310,284
T24_rotenone_500nM_03,0.5584113597869873,308,268
T24_rotenone_500nM_04,0.5610798001289368,310,284
T24_rotenone_500nM_05,0.4999472200870514,314,294
T24_rotenone_500nM_06,0.5540454983711243,316,280
T24_rotenone_500nM_07,0.605843186378479,316,288
T24_rotenone_500nM_08,0.5583376288414001,316,284
T24_rotenone_500nM_09,0.678705632686615,316,282
T24_rotenone_500nM_10,0.6228296160697937,312,284
T24_rotenone_500nM_11,0.6759549975395203,322,274
T24_rotenone_500nM_12,0.5028473138809204,310,284
T24_rotenone_500nM_13,0.5842117667198181,316,288
T24_rotenone_500nM_14,0.5759041905403137,310,270
T24_rotenone_500nM_15,0.6293596625328064,312,274
T24_rotenone_500nM_16,0.5804409980773926,314,276
T24_rotenone_500nM_17,0.6107006072998047,316,276
T24_rotenone_500nM_18,0.6190342307090759,308,284
T24_rotenone_500nM_19,0.6083342432975769,312,268
T24_rotenone_500nM_20,0.6160445809364319,314,280
T24_rotenone_500nM_21,0.577302098274231,310,290
T24_rotenone_500nM_22,0.4004499912261963,316,286
T24_rotenone_500nM_23,0.49526089429855347,306,276
T24_rotenone_500nM_24,0.5495118498802185,310,290
T24_rotenone_500nM_25,0.5012749433517456,314,280
T24_rotenone_500nM_26,0.4919506907463074,314,270
T24_rotenone_500nM_27,0.5105094313621521,312,284
T24_rotenone_500nM_28,0.5727487206459045,312,282
T24_rotenone_500nM_29,0.4904067814350128,316,276
T24_rotenone_500nM_30,0.4927806854248047,312,276
T24_rotenone_500nM_31,0.5317433476448059,314,290
T24_rotenone_500nM_32,0.5589348077774048,314,274
T24_rotenone_500nM_33,0.5489534139633179,310,282
T24_rotenone_500nM_34,0.5097805857658386,310,280
T24_rotenone_500nM_35,0.571993350982666,306,282
T24_rotenone_500nM_36,0.5528156757354736,314,274
T24_rotenone_500nM_37,0.6598015427589417,314,282
T24_rotenone_500nM_38,0.5831828117370605,308,280
T24_rotenone_500nM_39,0.6441901326179504,314,280
T24_rotenone_500nM_40,0.6318917274475098,314,276
T24_rotenone_500nM_41,0.5239084959030151,310,274
T24_rotenone_500nM_42,0.5561532974243164,306,282
T24_rotenone_500nM_43,0.60211580991745,320,286
T24_rotenone_500nM_44,0.5153520703315735,316,278
T24_rotenone_500nM_45,0.5186729431152344,312,288
T24_rotenone_500nM_46,0.603591799736023,310,284
T24_rotenone_500nM_47,0.5743419528007507,316,284
T24_rotenone_500nM_48,0.6175694465637207,314,280
T24_rotenone_500nM_49,0.5835118889808655,312,274
T24_rotenone_500nM_50,0.41411545872688293,314,280
