stem,window_complete,valid_fraction,median_intensity,threshold_percentile,foreground_fraction,marginal_phase_rad,mask_mean_phase_rad
NCI_01,True,0.916962962962963,198.98831176757812,75.0,0.2609082586100116,0.2439998984336853,0.40651077032089233
NCI_02,True,0.9109172839506173,265.74688720703125,75.0,0.2569245760954566,0.08123107254505157,0.6086697578430176
NCI_03,True,0.9150901234567901,223.52713012695312,75.0,0.25204425658674917,0.12112876027822495,0.6281504034996033
NCI_04,True,0.9187098765432099,292.96148681640625,75.0,0.25605149464829235,0.29183077812194824,0.8371307253837585
NCI_05,True,0.9143555555555556,182.06143188476562,75.0,0.26065852222708297,0.4258832633495331,0.8784228563308716
NCI_06,True,0.9108432098765432,381.3793640136719,75.0,0.2578956142930916,0.5549295544624329,0.7569868564605713
NCI_07,True,0.9096074074074074,236.9181671142578,75.0,0.2616527005274287,0.3786202073097229,1.0066711902618408
NCI_08,True,0.9093987654320987,216.22381591796875,75.0,0.26164621042528435,0.5378074049949646,1.175046682357788
NCI_09,True,0.901120987654321,168.65371704101562,75.0,0.27513330447124845,0.37710338830947876,1.0825062990188599
NCI_10,True,0.919420987654321,200.8563232421875,75.0,0.2650138103556855,0.4838792383670807,0.8411740064620972
NCI_11,True,0.9204839506172839,756.486083984375,75.0,0.25763688451592826,0.2629828453063965,0.6643732786178589
NCI_12,True,0.893579012345679,135.21034240722656,75.0,0.25078923844879586,-0.29342424869537354,0.546107292175293
NCI_13,True,0.918746913580247,200.75411987304688,75.0,0.25713633034796457,0.39914441108703613,0.9063583016395569
NCI_14,True,0.9157777777777778,277.5673828125,75.0,0.26028876486289737,0.20694749057292938,0.5483006238937378
NCI_15,True,0.917520987654321,532.85791015625,75.0,0.2561854810062541,0.3242274224758148,0.5952392816543579
NCI_16,True,0.9023987654320987,149.6580810546875,75.0,0.24992099247136917,-0.27689099311828613,0.6486250162124634
NCI_17,True,0.9023864197530864,145.0013885498047,75.0,0.24996135076675974,-0.15906883776187897,0.5581968426704407
NCI_18,True,0.9043679012345679,151.91184997558594,75.0,0.2509589946187092,0.046096157282590866,0.5570659041404724
NCI_19,True,0.9027802469135803,163.25604248046875,75.0,0.253999989059859,0.05597258731722832,0.46305179595947266
NCI_20,True,0.9168456790123457,225.68206787109375,75.0,0.2525203832248248,0.3519257605075836,0.6960791349411011
NCI_21,True,0.9017864197530864,144.12185668945312,75.0,0.2523044108607469,0.04008929058909416,0.8488656282424927
NCI_22,True,0.9119518518518519,456.4200439453125,75.0,0.2563528776291796,0.4131150543689728,0.6376235485076904
NCI_23,True,0.9075864197530864,169.01609802246094,75.0,0.2622339810513572,0.46012091636657715,0.4832023084163666
NCI_24,True,0.9131679012345679,169.30191040039062,75.0,0.25403628124045174,0.13435588777065277,0.5392470359802246
NCI_25,True,0.9079098765432099,156.78494262695312,75.0,0.2518007035559901,0.12962576746940613,0.8661795258522034
NCI_26,True,0.9224320987654321,248.2455596923828,75.0,0.26804743231125444,0.3520456552505493,0.8184629678726196
NCI_27,True,0.8988802469135803,140.29086303710938,75.0,0.24986093809444673,-0.27371659874916077,0.5985124707221985
NCI_28,True,0.9152259259259259,505.664794921875,75.0,0.2648512881525576,0.26685237884521484,0.34447458386421204
NCI_29,True,0.9176444444444445,233.030029296875,75.0,0.25566264671219385,0.1830865740776062,0.4772460162639618
NCI_30,True,0.8995037037037037,164.18820190429688,75.0,0.25605066168175045,-0.22306719422340393,0.23890314996242523
NCI_31,True,0.8995296296296297,147.25714111328125,75.0,0.25096380961792103,-0.19251684844493866,0.7378103137016296
NCI_32,True,0.9158037037037037,159.4571075439453,75.0,0.25300046778044244,0.2356739193201065,0.5957725048065186
NCI_33,True,0.9035851851851852,176.52984619140625,75.0,0.2506107358342078,0.24618121981620789,0.7726114988327026
NCI_34,True,0.9005666666666666,155.39930725097656,75.0,0.2688458158717625,-0.25587522983551025,0.3271424472332001
NCI_35,True,0.909616049382716,172.98072814941406,75.0,0.25519246351397756,0.12266025692224503,0.3891472816467285
NCI_36,True,0.9052493827160494,154.72232055664062,75.0,0.2506287060928576,0.06051967293024063,0.39547738432884216
NCI_37,True,0.8989259259259259,140.96115112304688,75.0,0.251386428247703,0.13461534678936005,0.7721553444862366
NCI_38,True,0.9133382716049383,236.79783630371094,75.0,0.2632643240642116,0.2806873619556427,0.6701933145523071
NCI_39,True,0.9110407407407407,323.70074462890625,75.0,0.25323907131038575,0.23112349212169647,0.511143684387207
NCI_40,True,0.9195604938271605,221.35354614257812,75.0,0.260383382292131,0.3325504660606384,0.5903838276863098
NCI_41,True,0.9071222222222223,156.02633666992188,75.0,0.24979415299230098,0.05994926765561104,0.424767404794693
NCI_42,True,0.9077123456790124,323.28515625,75.0,0.2567762942249339,0.43587830662727356,0.7941142916679382
NCI_43,True,0.9094518518518518,159.81683349609375,75.0,0.2501941204578528,0.15244492888450623,0.5261579751968384
NCI_44,True,0.9131271604938271,189.70718383789062,75.0,0.2504809817842092,0.2826952040195465,0.5913995504379272
NCI_45,True,0.9094938271604939,187.58950805664062,75.0,0.2573674137018285,0.3708304762840271,0.6585729718208313
NCI_46,True,0.9180987654320988,236.94314575195312,75.0,0.25463652744533793,0.41615942120552063,0.7467329502105713
NCI_47,True,0.9148333333333334,201.43695068359375,75.0,0.2543821650034075,0.22054341435432434,0.6579544544219971
NCI_48,True,0.9214728395061729,609.4896240234375,75.0,0.2547063008361547,0.320970743894577,0.5031575560569763
NCI_49,True,0.9167345679012345,255.91567993164062,75.0,0.2617462679532156,0.3355250358581543,0.6577430367469788
NCI_50,True,0.9171271604938271,239.85476684570312,75.0,0.25840352254019194,0.28088024258613586,0.5576425194740295
NCI_Blebbistatin_5uM_01,True,0.9173370370370371,502.5516662597656,75.0,0.25190870514896174,0.44760462641716003,0.688586413860321
NCI_Blebbistatin_5uM_02,True,0.9199641975308642,625.7325439453125,75.0,0.26913151477982905,0.2615948021411896,0.4741925895214081
NCI_Blebbistatin_5uM_03,True,0.912658024691358,174.54762268066406,75.0,0.25357083434223465,0.5184424519538879,0.5811836123466492
NCI_Blebbistatin_5uM_04,True,0.929179012345679,952.1093139648438,75.0,0.28437423186537963,0.44306913018226624,0.4551124572753906
NCI_Blebbistatin_5uM_05,True,0.924053086419753,786.846435546875,75.0,0.28378734052744015,0.23654112219810486,0.450483500957489
NCI_Blebbistatin_5uM_06,True,0.9306012345679012,965.4510498046875,75.0,0.2752236374466527,0.4276810586452484,0.45560088753700256
NCI_Blebbistatin_5uM_07,True,0.9263407407407407,873.3787841796875,75.0,0.26880624147048787,0.1704002171754837,0.4185468256473541
NCI_Blebbistatin_5uM_08,True,0.9283086419753086,885.36328125,75.0,0.31567300147620125,0.6535594463348389,0.6760425567626953
NCI_Blebbistatin_5uM_09,True,0.9195753086419753,421.71551513671875,75.0,0.2681444467118477,0.4451817572116852,0.7610810995101929
NCI_Blebbistatin_5uM_10,True,0.9245024691358025,577.9306640625,75.0,0.2775132971087552,0.4997538924217224,0.8443891406059265
NCI_Blebbistatin_5uM_11,True,0.9186716049382716,472.60418701171875,75.0,0.25879692094328366,0.35352176427841187,0.658482015132904
NCI_Blebbistatin_5uM_12,True,0.9277814814814814,870.796142578125,75.0,0.28475468494470413,0.5614879727363586,0.5920076370239258
NCI_Blebbistatin_5uM_13,True,0.9064604938271605,181.7616729736328,75.0,0.25967506227587156,0.42608267068862915,0.7311716079711914
NCI_Blebbistatin_5uM_14,True,0.9134172839506173,289.1953125,75.0,0.25448728692145084,0.24110542237758636,0.5201837420463562
NCI_Blebbistatin_5uM_15,True,0.9253938271604938,617.9635009765625,75.0,0.27343713520703233,0.4428947865962982,0.510179877281189
NCI_Blebbistatin_5uM_16,True,0.9224518518518519,817.5645751953125,75.0,0.26756256139702833,0.4243074059486389,0.4015406668186188
NCI_Blebbistatin_5uM_17,True,0.888537037037037,143.55325317382812,75.0,0.2501281757362289,-0.06730909645557404,0.3231125771999359
NCI_Blebbistatin_5uM_18,True,0.8830246913580246,131.60658264160156,75.0,0.26434533379937086,-0.2731645107269287,0.1910034418106079
NCI_Blebbistatin_5uM_19,True,0.9042024691358025,170.24217224121094,75.0,0.27296819787985865,0.09993579983711243,0.39768552780151367
NCI_Blebbistatin_5uM_20,True,0.9108901234567901,172.5410614013672,75.0,0.25994651819343717,0.29053574800491333,0.42483195662498474
NCI_Blebbistatin_5uM_21,True,0.9010185185185186,146.791748046875,75.0,0.2580358305073134,0.12458804994821548,0.6100215315818787
NCI_Blebbistatin_5uM_22,True,0.9052456790123456,172.9114532470703,75.0,0.25890250106034923,0.11238747835159302,0.308831125497818
NCI_Blebbistatin_5uM_23,True,0.9190592592592592,234.2459716796875,75.0,0.253161445278183,0.3317137360572815,0.6589640378952026
NCI_Blebbistatin_5uM_24,True,0.9108543209876543,223.847900390625,75.0,0.2541786845072866,0.2611953914165497,0.5778769850730896
NCI_Blebbistatin_5uM_25,True,0.8972888888888889,153.87600708007812,75.0,0.24999724822648198,-0.27682653069496155,0.42068079113960266
NCI_Blebbistatin_5uM_26,True,0.9074074074074074,191.97494506835938,75.0,0.2632775510204082,0.3387848138809204,0.49028024077415466
NCI_Blebbistatin_5uM_27,True,0.9005098765432099,162.46682739257812,75.0,0.2528005396119894,0.09410075098276138,0.2697627544403076
NCI_Blebbistatin_5uM_28,True,0.8953012345679012,148.44918823242188,75.0,0.2501578887856215,-0.16303429007530212,0.3502472937107086
NCI_Blebbistatin_5uM_29,True,0.8947654320987655,153.7913818359375,75.0,0.254086870136321,0.00441392045468092,0.6632757782936096
NCI_Blebbistatin_5uM_30,True,0.8923432098765433,148.61007690429688,75.0,0.27986242352635177,-0.20451569557189941,0.1183314397931099
NCI_Blebbistatin_5uM_31,True,0.8932938271604939,143.8728790283203,75.0,0.25503477212922626,-0.25092777609825134,0.22054480016231537
NCI_Blebbistatin_5uM_32,True,0.8912012345679012,148.64141845703125,75.0,0.25356814841391767,-0.22850802540779114,0.16264285147190094
NCI_Blebbistatin_5uM_33,True,0.9000111111111111,166.72134399414062,75.0,0.2530695780161836,-0.17017215490341187,0.28004273772239685
NCI_Blebbistatin_5uM_34,True,0.901983950617284,155.1671905517578,75.0,0.25497839467730254,0.04008033126592636,0.5520871877670288
NCI_Blebbistatin_5uM_35,True,0.9048962962962963,171.61746215820312,75.0,0.25381395589972794,-0.09135925769805908,0.396302729845047
NCI_Blebbistatin_5uM_36,True,0.9072024691358025,146.78060913085938,75.0,0.2524611000579723,-0.2734294533729553,0.3492942154407501
NCI_Blebbistatin_5uM_37,True,0.9025938271604939,150.52886962890625,75.0,0.2506001222813264,0.04369930550456047,0.3665007948875427
NCI_Blebbistatin_5uM_38,True,0.897941975308642,146.19000244140625,75.0,0.2557233069309381,-0.08991017192602158,0.1814567744731903
NCI_Blebbistatin_5uM_39,True,0.908279012345679,171.67776489257812,75.0,0.2528904209018276,0.29976946115493774,0.6378216743469238
NCI_Blebbistatin_5uM_40,True,0.9145777777777778,368.9786682128906,75.0,0.25855417328106606,0.3329448401927948,0.6306686997413635
NCI_Blebbistatin_5uM_41,True,0.9000987654320988,155.23187255859375,75.0,0.251525209853514,-0.13241396844387054,0.3138345181941986
NCI_Blebbistatin_5uM_42,True,0.9067802469135803,176.97581481933594,75.0,0.2547161847916655,0.2666594386100769,0.5734426975250244
NCI_Blebbistatin_5uM_43,True,0.905962962962963,152.6514129638672,75.0,0.25192483272692584,0.11514530330896378,0.577572226524353
NCI_Blebbistatin_5uM_44,True,0.9121654320987654,194.26974487304688,75.0,0.26537854569373653,0.3377920091152191,0.5687372088432312
NCI_Blebbistatin_5uM_45,True,0.9027246913580247,169.35433959960938,75.0,0.2507429496708866,0.03081323206424713,0.4298588037490845
NCI_Blebbistatin_5uM_46,True,0.9066950617283951,176.83065795898438,75.0,0.2608837141538323,0.25523295998573303,0.5249886512756348
NCI_Blebbistatin_5uM_47,True,0.9054012345679012,159.89321899414062,75.0,0.25996386568944946,0.3702909052371979,0.5705229043960571
NCI_Blebbistatin_5uM_48,True,0.9099827160493827,186.36019897460938,75.0,0.25885310533641936,0.18310312926769257,0.5760105848312378
NCI_Blebbistatin_5uM_49,True,0.9217,471.5023498535156,75.0,0.25842210515459224,0.40853869915008545,0.6749722957611084
NCI_Blebbistatin_5uM_50,True,0.9083,181.214111328125,75.0,0.25744879526669684,0.23519498109817505,0.4113975763320923
NCI_FCCP_10uM_01,True,0.9041222222222223,235.35989379882812,75.0,0.27553769497459507,0.6310797929763794,0.8501890301704407
NCI_FCCP_10uM_02,True,0.9054024691358025,238.71597290039062,75.0,0.25745865695086834,0.2652439773082733,0.4103165864944458
NCI_FCCP_10uM_03,True,0.8984320987654321,160.8509521484375,75.0,0.2618100119549833,0.32666075229644775,0.8960481286048889
NCI_FCCP_10uM_04,True,0.900758024691358,148.2317657470703,75.0,0.2585051821922277,0.41566577553749084,0.5102154016494751
NCI_FCCP_10uM_05,True,0.8958753086419753,146.46380615234375,75.0,0.2529190708032285,0.031040847301483154,0.31500542163848877
NCI_FCCP_10uM_06,True,0.8996666666666666,146.73135375976562,75.0,0.2505852647757057,0.1921055167913437,0.3503444790840149
NCI_FCCP_10uM_07,True,0.8830864197530864,124.88578033447266,75.0,0.2535285894030477,-0.22662118077278137,0.2961234152317047
NCI_FCCP_10uM_08,True,0.8943407407407408,135.61944580078125,75.0,0.26383321185617103,0.6352329850196838,0.7696652412414551
NCI_FCCP_10uM_09,True,0.8883691358024691,142.27951049804688,75.0,0.2598978013532913,0.3184089958667755,0.7001311779022217
NCI_FCCP_10uM_10,True,0.8959037037037038,145.67462158203125,75.0,0.25134700874487725,0.2940560579299927,0.4426257312297821
NCI_FCCP_10uM_11,True,0.8921024691358025,132.75357055664062,75.0,0.2513745445286001,-0.07328297197818756,0.4012736678123474
NCI_FCCP_10uM_12,True,0.8910679012345679,138.5248565673828,75.0,0.2547851447493298,0.1201930120587349,0.5397942066192627
NCI_FCCP_10uM_13,True,0.8880962962962963,136.35049438476562,75.0,0.25682900586356167,-0.08267610520124435,0.2126227617263794
NCI_FCCP_10uM_14,True,0.8959098765432099,146.87564086914062,75.0,0.2621956849164998,0.05276913568377495,0.463469535112381
NCI_FCCP_10uM_15,True,0.8926148148148149,141.60537719726562,75.0,0.2554486886910146,0.35408055782318115,0.5603793263435364
NCI_FCCP_10uM_16,True,0.8689962962962963,117.58162689208984,75.0,0.25324945623374207,-0.33029428124427795,0.27444735169410706
NCI_FCCP_10uM_17,True,0.884874074074074,133.69735717773438,75.0,0.2500572028104717,-0.16298237442970276,0.32305046916007996
NCI_FCCP_10uM_18,True,0.8852777777777778,134.45301818847656,75.0,0.2504926262943207,-0.11554880440235138,0.28634682297706604
NCI_FCCP_10uM_19,True,0.8917012345679012,142.43331909179688,75.0,0.25059741539961067,0.06811924278736115,0.49601995944976807
NCI_FCCP_10uM_20,True,0.8935148148148148,139.79364013671875,75.0,0.2515050148739822,0.14791306853294373,0.4626719355583191
NCI_FCCP_10uM_21,True,0.8919246913580247,140.32254028320312,75.0,0.25341368852765345,0.2181600034236908,0.49238282442092896
NCI_FCCP_10uM_22,True,0.8892753086419753,150.25865173339844,75.0,0.2547198231879752,0.2663283050060272,0.4311316907405853
NCI_FCCP_10uM_23,True,0.8806086419753086,128.66653442382812,75.0,0.2501959222928025,-0.19505326449871063,0.19381706416606903
NCI_FCCP_10uM_24,True,0.8819024691358025,130.117431640625,75.0,0.2502166332325878,-0.16386112570762634,0.2784373164176941
NCI_FCCP_10uM_25,True,0.8877555555555555,140.61636352539062,75.0,0.2494527745097221,-0.17789873480796814,0.2425605207681656
NCI_FCCP_10uM_26,True,0.8901851851851852,136.37335205078125,75.0,0.2546536301227377,0.2748071253299713,0.5634084939956665
NCI_FCCP_10uM_27,True,0.8953530864197531,153.7610321044922,75.0,0.2513774826401337,0.2657104730606079,0.2690112292766571
NCI_FCCP_10uM_28,True,0.888541975308642,130.39068603515625,75.0,0.24949598384925228,-0.15639232099056244,0.2814459502696991
NCI_FCCP_10uM_29,True,0.895532098765432,150.61843872070312,75.0,0.25892048454536304,0.13478533923625946,0.453500360250473
NCI_FCCP_10uM_30,True,0.8919938271604938,147.309814453125,75.0,0.25751991308138933,0.3542321026325226,0.41675788164138794
NCI_FCCP_10uM_31,True,0.8932469135802469,139.01953125,75.0,0.2544759719707545,0.16114205121994019,0.4908265471458435
NCI_FCCP_10uM_32,True,0.8964641975308641,187.56045532226562,75.0,0.2630154681767603,0.3316025733947754,0.6407602429389954
NCI_FCCP_10uM_33,True,0.8948802469135803,139.5895538330078,75.0,0.2557884150303579,0.22052080929279327,0.5408928394317627
NCI_FCCP_10uM_34,True,0.8969506172839506,162.62136840820312,75.0,0.26053432067498933,0.3140993118286133,0.4260237216949463
NCI_FCCP_10uM_35,True,0.8890604938271605,137.16476440429688,75.0,0.2502336354509338,-0.0030794902704656124,0.2735898792743683
NCI_FCCP_10uM_36,True,0.8854530864197531,125.60986328125,75.0,0.24977377836833203,0.034345559775829315,0.6869614124298096
NCI_FCCP_10uM_37,True,0.8969518518518519,141.100830078125,75.0,0.2548810718331358,0.2669074833393097,0.4476942718029022
NCI_FCCP_10uM_38,True,0.900325925925926,156.24839782714844,75.0,0.2565545536321552,0.25920167565345764,0.4409763514995575
NCI_FCCP_10uM_39,True,0.9028765432098765,164.12362670898438,75.0,0.25307453543543956,0.19991713762283325,0.5142921805381775
NCI_FCCP_10uM_40,True,0.9044234567901235,210.5144805908203,75.0,0.26483688537681055,0.3953709602355957,0.47064900398254395
NCI_FCCP_10uM_41,True,0.8901641975308642,131.01614379882812,75.0,0.25128114801957746,0.3409385085105896,0.6469846367835999
NCI_FCCP_10uM_42,True,0.9021197530864198,147.92727661132812,75.0,0.2550522295225101,0.3272627592086792,0.5323340892791748
NCI_FCCP_10uM_43,True,0.8890481481481481,131.61575317382812,75.0,0.25340737562297866,0.3131798803806305,0.5515405535697937
NCI_FCCP_10uM_44,True,0.8935407407407407,141.33126831054688,75.0,0.2503481778691514,0.17043796181678772,0.3316414952278137
NCI_FCCP_10uM_45,True,0.8907148148148148,137.8787841796875,75.0,0.25089018529991863,0.07036133110523224,0.4950870871543884
NCI_FCCP_10uM_46,True,0.8906740740740741,143.4326171875,75.0,0.25008663157048483,-0.11647094041109085,0.3836388885974884
NCI_FCCP_10uM_47,True,0.8874802469135803,139.6497802734375,75.0,0.2517906849604721,0.12312508374452591,0.5364161729812622
NCI_FCCP_10uM_48,True,0.8945283950617284,147.11276245117188,75.0,0.2647991630875225,0.15695369243621826,0.3276684284210205
NCI_FCCP_10uM_49,True,0.8879086419753086,141.08682250976562,75.0,0.2500118185888327,-0.14426133036613464,0.25304314494132996
NCI_FCCP_10uM_50,True,0.8895654320987655,139.8638153076172,75.0,0.2507064067903873,-0.062284234911203384,0.3990805447101593
NCI_Staurosporine_100nM_01,True,0.8984222222222222,148.98780822753906,75.0,0.25387304492649665,0.12534737586975098,0.43521612882614136
NCI_Staurosporine_100nM_02,True,0.9066012345679012,156.41580200195312,75.0,0.26473451923954205,0.41824647784233093,0.3774016797542572
NCI_Staurosporine_100nM_03,True,0.9050259259259259,148.4237518310547,75.0,0.25276132871168006,-0.11727872490882874,0.4439637064933777
NCI_Staurosporine_100nM_04,True,0.9176444444444445,190.4385528564453,75.0,0.26217152882043665,0.20821982622146606,0.4450773298740387
NCI_Staurosporine_100nM_05,True,0.8991777777777777,160.1538543701172,75.0,0.2763498614646577,-0.06674905121326447,0.3417675197124481
NCI_Staurosporine_100nM_06,True,0.903458024691358,156.6082000732422,75.0,0.2707074737531105,0.001431228592991829,0.32844287157058716
NCI_Staurosporine_100nM_07,True,0.9040864197530865,147.23773193359375,75.0,0.2500839808277915,-0.09248468279838562,0.4142855703830719
NCI_Staurosporine_100nM_08,True,0.9043246913580247,167.98751831054688,75.0,0.2796725747198305,-0.008264265023171902,0.3455345034599304
NCI_Staurosporine_100nM_09,True,0.9023197530864198,158.30075073242188,75.0,0.256815423620052,0.046225640922784805,0.27199724316596985
NCI_Staurosporine_100nM_10,True,0.9013679012345679,156.2090301513672,75.0,0.2530776268716409,-0.08645638078451157,0.37750864028930664
NCI_Staurosporine_100nM_11,True,0.8899679012345679,136.28773498535156,75.0,0.25666066469313636,-0.11453501880168915,0.16487403213977814
NCI_Staurosporine_100nM_12,True,0.8998074074074074,150.13536071777344,75.0,0.24989298121408696,-0.16191278398036957,0.32368168234825134
NCI_Staurosporine_100nM_13,True,0.8992740740740741,157.5233154296875,75.0,0.25753419767933533,0.2611219882965088,0.49377092719078064
NCI_Staurosporine_100nM_14,True,0.8961679012345679,152.02114868164062,75.0,0.25096294786029955,-0.17749665677547455,0.22325584292411804
NCI_Staurosporine_100nM_15,True,0.9056567901234568,159.70062255859375,75.0,0.2562576508147692,0.09081900119781494,0.35634633898735046
NCI_Staurosporine_100nM_16,True,0.9046506172839506,161.31063842773438,75.0,0.2559326498054634,0.11175824701786041,0.28498607873916626
NCI_Staurosporine_100nM_17,True,0.906479012345679,157.0231170654297,75.0,0.25283283032435905,0.07254917174577713,0.36785832047462463
NCI_Staurosporine_100nM_18,True,0.9073901234567902,179.66775512695312,75.0,0.2723126699011954,0.2546394467353821,0.3230249583721161
NCI_Staurosporine_100nM_19,True,0.9006493827160493,151.108642578125,75.0,0.25276549430726253,-0.1525067239999771,0.25679150223731995
NCI_Staurosporine_100nM_20,True,0.9043839506172839,154.3601837158203,75.0,0.25133130662575026,-0.07623506337404251,0.32991382479667664
NCI_Staurosporine_100nM_21,True,0.9081333333333333,377.1210021972656,75.0,0.27514722915545115,0.0285544004291296,0.2712714374065399
NCI_Staurosporine_100nM_22,True,0.9053123456790123,170.79417419433594,75.0,0.25505964110333657,0.24992039799690247,0.34446462988853455
NCI_Staurosporine_100nM_23,True,0.9069382716049382,153.25991821289062,75.0,0.25277150091203615,0.005212512798607349,0.3801726996898651
NCI_Staurosporine_100nM_24,True,0.902546913580247,156.78298950195312,75.0,0.25426810001326833,0.06069774553179741,0.29533880949020386
NCI_Staurosporine_100nM_25,True,0.9045432098765432,165.14988708496094,75.0,0.25526696511437463,0.3933381140232086,0.475845068693161
NCI_Staurosporine_100nM_26,True,0.9028987654320988,151.58981323242188,75.0,0.2573494423995143,0.03768312931060791,0.3422602415084839
NCI_Staurosporine_100nM_27,True,0.8898864197530865,136.69931030273438,75.0,0.2513096414024262,-0.1616290956735611,0.29286691546440125
NCI_Staurosporine_100nM_28,True,0.8895024691358024,135.13125610351562,75.0,0.2576471518965381,-0.06362072378396988,0.21391519904136658
NCI_Staurosporine_100nM_29,True,0.8958111111111111,147.42950439453125,75.0,0.25501821233808386,0.12348416447639465,0.4402237832546234
NCI_Staurosporine_100nM_30,True,0.8909802469135802,147.90411376953125,75.0,0.29533292503471,-0.3138599395751953,0.21195213496685028
NCI_Staurosporine_100nM_31,True,0.8931666666666667,142.97784423828125,75.0,0.25851838029483115,-0.12126784771680832,0.26048794388771057
NCI_Staurosporine_100nM_32,True,0.9077395061728395,160.06246948242188,75.0,0.28224908162862844,0.2901758551597595,0.37610527873039246
NCI_Staurosporine_100nM_33,True,0.9009259259259259,153.91400146484375,75.0,0.26007399794450153,-0.030659833922982216,0.2514798641204834
NCI_Staurosporine_100nM_34,True,0.9029530864197531,157.9359130859375,75.0,0.2526934940497025,0.17912358045578003,0.3329099416732788
NCI_Staurosporine_100nM_35,True,0.9080604938271605,156.1761932373047,75.0,0.25330612389178403,0.3212921619415283,0.5996027588844299
NCI_Staurosporine_100nM_36,True,0.8959716049382717,148.45449829101562,75.0,0.2606853446909831,-0.047523755580186844,0.1376596838235855
NCI_Staurosporine_100nM_37,True,0.8933962962962962,138.510498046875,75.0,0.2498151733363182,-0.13006363809108734,0.4118269979953766
NCI_Staurosporine_100nM_38,True,0.8991987654320988,148.71878051757812,75.0,0.25128406496318395,0.12249194830656052,0.5105028748512268
NCI_Staurosporine_100nM_39,True,0.8929864197530865,143.30282592773438,75.0,0.25370548817326793,0.32780739665031433,0.5262082815170288
NCI_Staurosporine_100nM_40,True,0.9042901234567902,164.2218017578125,75.0,0.25507082152974503,0.14871394634246826,0.4049513041973114
NCI_Staurosporine_100nM_41,True,0.9017074074074074,145.89112854003906,75.0,0.26333444234052544,-0.009375283494591713,0.3359982371330261
NCI_Staurosporine_100nM_42,True,0.8984283950617284,148.09725952148438,75.0,0.255411713458481,-0.19990432262420654,0.22057031095027924
NCI_Staurosporine_100nM_43,True,0.8860629629629629,132.03433227539062,75.0,0.2565517318252054,-0.0684361457824707,0.21581274271011353
NCI_Staurosporine_100nM_44,True,0.8955876543209876,135.57177734375,75.0,0.25494123452977974,-0.1447257399559021,0.20767217874526978
NCI_Staurosporine_100nM_45,True,0.8908358024691359,146.29034423828125,75.0,0.2505248920073672,-0.12921307981014252,0.19077181816101074
NCI_Staurosporine_100nM_46,True,0.8937481481481482,148.79730224609375,75.0,0.25085781063519424,-0.11516855657100677,0.24220772087574005
NCI_Staurosporine_100nM_47,True,0.8939271604938271,141.48867797851562,75.0,0.2519828582713812,-0.17947159707546234,0.37788939476013184
NCI_Staurosporine_100nM_48,True,0.8867864197530865,134.6640625,75.0,0.25747706032462897,-0.18691879510879517,0.2191237211227417
NCI_Staurosporine_100nM_49,True,0.8931814814814815,139.53244018554688,75.0,0.25526174294414333,-0.16226822137832642,0.2087390273809433
NCI_Staurosporine_100nM_50,True,0.8909123456790123,145.89251708984375,75.0,0.2532166360188404,-0.08011087775230408,0.13746951520442963
NCI_rotenone_500nM_01,True,0.9324888888888889,358.8368835449219,75.0,0.2685829507120199,0.4537692666053772,0.5348968505859375
NCI_rotenone_500nM_02,True,0.9088592592592593,186.0537109375,75.0,0.25131082784551523,-0.3303462266921997,0.5412413477897644
NCI_rotenone_500nM_03,True,0.9057148148148149,177.32943725585938,75.0,0.24974748817181436,-0.32777106761932373,0.602069079875946
NCI_rotenone_500nM_04,True,0.9074580246913581,177.27169799804688,75.0,0.25073567324815893,-0.3423531949520111,0.35227248072624207
NCI_rotenone_500nM_05,True,0.9092604938271605,190.49264526367188,75.0,0.2520770508118794,-0.048471517860889435,0.6081299185752869
NCI_rotenone_500nM_06,True,0.9164222222222222,199.2708740234375,75.0,0.2623743435960027,0.16835762560367584,0.8082759380340576
NCI_rotenone_500nM_07,True,0.9137962962962963,187.78213500976562,75.0,0.2528266963893674,0.06619462370872498,0.7993109226226807
NCI_rotenone_500nM_08,True,0.9124765432098766,172.29673767089844,75.0,0.2516296715220821,-0.4080525040626526,0.741212785243988
NCI_rotenone_500nM_09,True,0.9094938271604939,161.27618408203125,75.0,0.2505232865927324,-0.30408143997192383,0.7394095063209534
NCI_rotenone_500nM_10,True,0.8990814814814815,160.14004516601562,75.0,0.25769097679936726,-0.3790077567100525,0.48188817501068115
NCI_rotenone_500nM_11,True,0.9020049382716049,154.48208618164062,75.0,0.25006843465311845,-0.255233496427536,0.7494401931762695
NCI_rotenone_500nM_12,True,0.8948567901234568,144.54559326171875,75.0,0.24770223251116807,-0.11501416563987732,0.2515483796596527
NCI_rotenone_500nM_13,True,0.895437037037037,144.75592041015625,75.0,0.25082723933688494,-0.3509915769100189,0.3613303005695343
NCI_rotenone_500nM_14,True,0.9017382716049382,161.3983154296875,75.0,0.25003833473894044,-0.1949617713689804,0.3595612049102783
NCI_rotenone_500nM_15,True,0.9086543209876543,178.24986267089844,75.0,0.2626581160582057,0.14445440471172333,0.7401273846626282
NCI_rotenone_500nM_16,True,0.9103111111111111,295.951171875,75.0,0.2620634378153175,0.3897482752799988,0.6959740519523621
NCI_rotenone_500nM_17,True,0.9183827160493827,324.21246337890625,75.0,0.2844304937557972,0.30926576256752014,0.49255844950675964
NCI_rotenone_500nM_18,True,0.9334185185185185,714.4478759765625,75.0,0.2570757430869405,0.5463777184486389,0.5671148896217346
NCI_rotenone_500nM_19,True,0.9303530864197531,230.72190856933594,75.0,0.27240951928512475,0.42074865102767944,0.748582124710083
NCI_rotenone_500nM_20,True,0.924283950617284,794.3993530273438,75.0,0.2759934283462674,0.47901487350463867,0.5184940695762634
NCI_rotenone_500nM_21,True,0.9148765432098765,226.61216735839844,75.0,0.2599568180284731,0.34095677733421326,0.913814127445221
NCI_rotenone_500nM_22,True,0.9106246913580247,163.30410766601562,75.0,0.258061892121268,0.3285997807979584,0.8206073641777039
NCI_rotenone_500nM_23,True,0.9181888888888889,182.8397216796875,75.0,0.2580227043845036,0.2551927864551544,0.6644574999809265
NCI_rotenone_500nM_24,True,0.9282901234567901,940.7369384765625,75.0,0.2706422933443275,0.46883827447891235,0.6231488585472107
NCI_rotenone_500nM_25,True,0.8966049382716049,164.15536499023438,75.0,0.26568261617900174,-0.5934821963310242,0.3237573504447937
NCI_rotenone_500nM_26,True,0.889420987654321,144.42654418945312,75.0,0.24861506514850137,-0.4641825258731842,0.4365120530128479
NCI_rotenone_500nM_27,True,0.9202074074074074,192.64443969726562,75.0,0.25998835474557536,0.48061755299568176,0.7796481251716614
NCI_rotenone_500nM_28,True,0.9101185185185185,169.78817749023438,75.0,0.2554829380517529,-0.008522107265889645,0.6191067695617676
NCI_rotenone_500nM_29,True,0.9180234567901234,289.84283447265625,75.0,0.2553876484503072,0.2804985046386719,0.5461399555206299
NCI_rotenone_500nM_30,True,0.9273098765432098,227.03102111816406,75.0,0.26960902437822937,0.24318666756153107,0.5279233455657959
NCI_rotenone_500nM_31,True,0.8984506172839506,159.12161254882812,75.0,0.2502717297954641,-0.4206908941268921,0.35571324825286865
NCI_rotenone_500nM_32,True,0.912283950617284,178.65084838867188,75.0,0.2764341295080858,-0.026335733011364937,0.3297439515590668
NCI_rotenone_500nM_33,True,0.9191876543209877,180.66664123535156,75.0,0.26271587096496907,0.35753801465034485,0.7856158018112183
NCI_rotenone_500nM_34,True,0.9248296296296297,436.96563720703125,75.0,0.2660109569730561,0.5043889284133911,0.5731939673423767
NCI_rotenone_500nM_35,True,0.9118469135802469,170.65155029296875,75.0,0.25926758336086303,0.17591629922389984,0.6643781661987305
NCI_rotenone_500nM_36,True,0.9121074074074074,188.17013549804688,75.0,0.2622322203227636,0.3664190173149109,0.7417924404144287
NCI_rotenone_500nM_37,True,0.9106,162.6912384033203,75.0,0.2553790337669099,0.10832787305116653,0.7349881529808044
NCI_rotenone_500nM_38,True,0.9172024691358025,383.907470703125,75.0,0.2642186250730213,0.30981191992759705,0.5577875375747681
NCI_rotenone_500nM_39,True,0.9089111111111111,154.66342163085938,75.0,0.250827879785607,0.14541396498680115,0.6736500263214111
NCI_rotenone_500nM_40,True,0.9008666666666667,153.1134033203125,75.0,0.2500171302805803,-0.2504216730594635,0.6434231996536255
NCI_rotenone_500nM_41,True,0.8923962962962962,143.98056030273438,75.0,0.2497810721859994,-0.24682515859603882,0.343966007232666
NCI_rotenone_500nM_42,True,0.9013888888888889,170.25393676757812,75.0,0.2537414826228386,-0.2744263708591461,0.22733867168426514
NCI_rotenone_500nM_43,True,0.910837037037037,164.7344207763672,75.0,0.2562179951150617,-0.31623223423957825,0.25039243698120117
NCI_rotenone_500nM_44,True,0.8966296296296297,154.49093627929688,75.0,0.25054456331667285,-0.21954214572906494,0.3987589478492737
NCI_rotenone_500nM_45,True,0.9020654320987654,164.09786987304688,75.0,0.256169312401033,0.1826782524585724,0.7487619519233704
NCI_rotenone_500nM_46,True,0.9058259259259259,161.25314331054688,75.0,0.2519997437711167,-0.303559809923172,0.4471287429332733
NCI_rotenone_500nM_47,True,0.8995432098765432,144.53695678710938,75.0,0.25373234700739744,-0.35150662064552307,0.34109774231910706
NCI_rotenone_500nM_48,True,0.9003111111111111,146.55088806152344,75.0,0.2499849160509673,-0.22951005399227142,0.6117153167724609
NCI_rotenone_500nM_49,True,0.9018271604938272,150.96054077148438,75.0,0.2522519439272807,-0.11410993337631226,0.7739171385765076
NCI_rotenone_500nM_50,True,0.9071061728395061,159.5948028564453,75.0,0.2502014274126377,0.029986418783664703,0.618933379650116
SNU_01,True,0.9268246913580247,1628.4814453125,75.0,0.25435577199731463,-0.0069511644542217255,0.2994817793369293
SNU_02,True,0.9241506172839506,218.36871337890625,75.0,0.25301177457578666,0.18752256035804749,0.3281605839729309
SNU_03,True,0.9190814814814815,299.49847412109375,75.0,0.250565513609938,0.16536346077919006,0.5213650465011597
SNU_04,True,0.9151469135802469,158.7746124267578,75.0,0.2548278695048626,-0.10891261696815491,0.20524632930755615
SNU_05,True,0.9114567901234568,167.85691833496094,75.0,0.25319797366852687,-0.060184817761182785,0.29073381423950195
SNU_06,True,0.9108074074074074,164.41204833984375,75.0,0.25117857714088976,-0.09866657853126526,0.15351147949695587
SNU_07,True,0.9081987654320988,164.97454833984375,75.0,0.2502293917821329,0.042750805616378784,0.24770307540893555
SNU_08,True,0.9204666666666667,181.45394897460938,75.0,0.2510428151045229,0.02833179011940956,0.3139689564704895
SNU_09,True,0.9108555555555555,169.13604736328125,75.0,0.24988987426012446,-0.09503486007452011,0.248357892036438
SNU_100,True,0.9024925925925926,160.2161865234375,75.0,0.24966245747374555,-0.04233190044760704,0.22550128400325775
SNU_10,True,0.8992864197530864,165.7559814453125,75.0,0.2512993841481998,-0.17087405920028687,0.17047423124313354
SNU_11,True,0.9114839506172839,171.57168579101562,75.0,0.2514878735260097,-0.11344004422426224,0.24332474172115326
SNU_12,True,0.9009753086419753,156.0709228515625,75.0,0.2529604406747146,-0.06797318905591965,0.15833978354930878
SNU_13,True,0.9145518518518518,160.09634399414062,75.0,0.2603622903749661,0.05648987740278244,0.2056073695421219
SNU_14,True,0.9029432098765432,156.9154052734375,75.0,0.25130847817288865,-0.16401629149913788,0.2458375245332718
SNU_15,True,0.9136086419753087,175.8949432373047,75.0,0.2505597798987329,0.024818990379571915,0.2993296980857849
SNU_16,True,0.9261185185185186,339.05487060546875,75.0,0.2512557388063283,0.09259399026632309,0.31250011920928955
SNU_17,True,0.9370938271604938,1108.522216796875,75.0,0.2522021063282067,0.2606147229671478,0.3446228504180908
SNU_18,True,0.9110567901234568,170.28924560546875,75.0,0.2529554607591781,0.06799545884132385,0.2984335720539093
SNU_19,True,0.9159592592592593,173.23434448242188,75.0,0.25096539147382424,0.12724651396274567,0.2941429018974304
SNU_20,True,0.9144802469135802,165.88217163085938,75.0,0.25019946566153073,0.03926185891032219,0.28060951828956604
SNU_21,True,0.9181358024691358,165.74649047851562,75.0,0.250945958665573,-0.02817746065557003,0.21631772816181183
SNU_22,True,0.9131234567901234,169.94302368164062,75.0,0.25522896583426846,0.021667761728167534,0.26343944668769836
SNU_23,True,0.9122111111111111,158.92201232910156,75.0,0.2518923630143012,-0.08870400488376617,0.21680235862731934
SNU_24,True,0.9065234567901235,163.42501831054688,75.0,0.24993599206846398,-0.04701156169176102,0.18283569812774658
SNU_25,True,0.9036098765432099,155.498291015625,75.0,0.25606073854662503,-0.1434873789548874,0.16836342215538025
SNU_26,True,0.9108061728395062,159.1634063720703,75.0,0.25499997966799187,-0.04219300299882889,0.28522324562072754
SNU_27,True,0.9119061728395061,174.00909423828125,75.0,0.2516828133715294,0.14123891294002533,0.33628469705581665
SNU_28,True,0.9015962962962963,152.90829467773438,75.0,0.2507212858400669,-0.07112836837768555,0.17738354206085205
SNU_29,True,0.9031358024691358,157.3267364501953,75.0,0.25038412116904063,-0.11741169542074203,0.11547037959098816
SNU_30,True,0.8981703703703704,157.25921630859375,75.0,0.25326383677104897,-0.16848495602607727,0.20464952290058136
SNU_31,True,0.9042135802469136,155.05264282226562,75.0,0.25027136328819943,0.04639961197972298,0.17837612330913544
SNU_32,True,0.9100407407407407,165.096435546875,75.0,0.2517673201443973,-0.13641424477100372,0.1477241963148117
SNU_33,True,0.9020061728395061,151.90061950683594,75.0,0.2548147134302823,-0.09240443259477615,0.1584445983171463
SNU_34,True,0.9118716049382716,164.92813110351562,75.0,0.25228941696361845,-0.1921902447938919,0.11130495369434357
SNU_35,True,0.9048864197530864,168.36666870117188,75.0,0.2503294868191629,-0.10769933462142944,0.24392801523208618
SNU_36,True,0.8949592592592592,143.0060272216797,75.0,0.24996240948963813,-0.0923319011926651,0.07061894237995148
SNU_37,True,0.909762962962963,163.13870239257812,75.0,0.24986972593593773,-0.09154925495386124,0.21520362794399261
SNU_38,True,0.9139111111111111,166.61874389648438,75.0,0.2539877449788455,-0.013539791107177734,0.288252592086792
SNU_39,True,0.9045641975308641,156.391845703125,75.0,0.24979084123450757,-0.08554094284772873,0.1371900886297226
SNU_40,True,0.9065481481481481,175.43408203125,75.0,0.26037036431777577,0.05311506241559982,0.20209632813930511
SNU_41,True,0.9124814814814814,184.75216674804688,75.0,0.25190567033323863,0.13241565227508545,0.3294035494327545
SNU_42,True,0.9188604938271605,177.59332275390625,75.0,0.25088643072404493,0.03438175469636917,0.22254317998886108
SNU_43,True,0.9159938271604938,169.47769165039062,75.0,0.25569744795843413,-0.04334024712443352,0.15519239008426666
SNU_44,True,0.9228283950617284,182.4676513671875,75.0,0.2528552183236989,0.13818897306919098,0.26424407958984375
SNU_45,True,0.9075888888888889,164.41973876953125,75.0,0.2512504301860716,-0.055285871028900146,0.14434415102005005
SNU_46,True,0.9174074074074074,181.2226104736328,75.0,0.2527291077916835,0.03672773391008377,0.2125432938337326
SNU_47,True,0.9131901234567901,165.87155151367188,75.0,0.2525713683140368,-0.06125221028923988,0.21313020586967468
SNU_48,True,0.8975135802469136,148.52389526367188,75.0,0.2628083621967961,-0.07006915658712387,0.14677633345127106
SNU_49,True,0.8997888888888889,149.21282958984375,75.0,0.2537714607953306,-0.08430172502994537,0.17753762006759644
SNU_50,True,0.8963061728395062,145.08401489257812,75.0,0.24981542903108506,-0.14760592579841614,0.11324413865804672
SNU_51,True,0.9033234567901235,163.97190856933594,75.0,0.2503990750206371,-0.09690016508102417,0.16249969601631165
SNU_52,True,0.8969185185185186,154.06655883789062,75.0,0.25088781341878363,-0.09774332493543625,0.0929882600903511
SNU_53,True,0.8939123456790123,146.67071533203125,75.0,0.2577903487098605,-0.06562753766775131,0.08725294470787048
SNU_54,True,0.8978876543209876,156.39060974121094,75.0,0.24890930565428598,-0.15467502176761627,0.11861130595207214
SNU_55,True,0.8909962962962963,148.43869018554688,75.0,0.2472263674870827,-0.07316242903470993,0.09602618962526321
SNU_56,True,0.893783950617284,142.22056579589844,75.0,0.25120137023198635,-0.15486553311347961,0.10965275764465332
SNU_57,True,0.9067061728395062,165.2042236328125,75.0,0.2499577905102174,-0.0332966074347496,0.22143812477588654
SNU_58,True,0.8929185185185186,150.392578125,75.0,0.2668804198743474,-0.03198148310184479,0.07031169533729553
SNU_59,True,0.8943876543209877,151.50233459472656,75.0,0.25459587496238545,-0.06383385509252548,0.06587464362382889
SNU_60,True,0.896179012345679,154.34388732910156,75.0,0.24928193083116937,-0.11596790701150894,0.08002165704965591
SNU_61,True,0.8974839506172839,162.80152893066406,75.0,0.2503019415045078,-0.06925521790981293,0.1372368335723877
SNU_62,True,0.8930604938271605,149.9683380126953,75.0,0.26390177210010246,-0.03517840802669525,0.08991402387619019
SNU_63,True,0.9390222222222222,2277.1328125,75.0,0.25997885901804874,0.09378702938556671,0.12855097651481628
SNU_64,True,0.9443876543209877,2137.3896484375,75.0,0.26139480282474503,0.13120222091674805,0.1569552719593048
SNU_65,True,0.9249777777777778,184.88238525390625,75.0,0.2497731009887458,0.03416028246283531,0.30125176906585693
SNU_66,True,0.9082456790123457,161.20794677734375,75.0,0.25402519305294835,0.016599899157881737,0.17856255173683167
SNU_67,True,0.9080234567901234,155.16136169433594,75.0,0.25555983080874345,-0.04667673632502556,0.1827133595943451
SNU_68,True,0.9045135802469135,156.49017333984375,75.0,0.2539063353060645,-0.06876029074192047,0.20900021493434906
SNU_69,True,0.9023382716049383,161.65005493164062,75.0,0.2551040232920232,0.0041441102512180805,0.26121455430984497
SNU_70,True,0.9137777777777778,160.27638244628906,75.0,0.2517658344141807,0.03695635497570038,0.20889662206172943
SNU_71,True,0.9397456790123456,2187.479248046875,75.0,0.2590338336876013,0.1328810602426529,0.11546530574560165
SNU_72,True,0.9342160493827161,1858.994140625,75.0,0.25325651004671507,0.08086483925580978,0.17189206182956696
SNU_73,True,0.9338950617283951,200.32254028320312,75.0,0.2512271053796987,0.14273014664649963,0.26429519057273865
SNU_74,True,0.9060395061728395,152.7730255126953,75.0,0.24985147678404998,-0.08573652058839798,0.20903350412845612
SNU_75,True,0.9104864197530864,160.02047729492188,75.0,0.25004542409836555,-0.02125495858490467,0.2267361283302307
SNU_76,True,0.9093345679012346,154.59811401367188,75.0,0.25045447695438666,0.11412906646728516,0.3131360411643982
SNU_77,True,0.9148135802469136,175.40882873535156,75.0,0.2512513512163984,0.14681783318519592,0.29428356885910034
SNU_78,True,0.9241395061728395,560.5640869140625,75.0,0.25506811140961294,0.13615134358406067,0.3203517496585846
SNU_79,True,0.9061641975308642,146.58737182617188,75.0,0.24993290126745077,-0.014300195500254631,0.21168756484985352
SNU_80,True,0.9301333333333334,889.8372802734375,75.0,0.2507339980462113,0.17085173726081848,0.3486836850643158
SNU_81,True,0.9228839506172839,1321.6715087890625,75.0,0.2526981978125468,0.09090375900268555,0.23887136578559875
SNU_82,True,0.9216679012345679,341.0379638671875,75.0,0.2500659700408947,0.14499300718307495,0.361563503742218
SNU_83,True,0.9222567901234567,914.3226318359375,75.0,0.25575882028518343,0.061097849160432816,0.290802925825119
SNU_84,True,0.9183444444444444,171.12448120117188,75.0,0.25059991208011195,0.05221652612090111,0.27840471267700195
SNU_85,True,0.9113320987654321,171.95770263671875,75.0,0.25093236193389407,0.011958412826061249,0.22322408854961395
SNU_86,True,0.902516049382716,152.8570556640625,75.0,0.25090487772181475,-0.09282396733760834,0.15987367928028107
SNU_87,True,0.8990197530864198,161.302978515625,75.0,0.26219366497941515,-0.0853656679391861,0.12370722740888596
SNU_88,True,0.8970901234567902,159.4083709716797,75.0,0.25407524740484666,-0.14491672813892365,0.11587078869342804
SNU_89,True,0.8942654320987654,153.32974243164062,75.0,0.2701824381691298,-0.055249180644750595,0.10802210867404938
SNU_90,True,0.8956555555555555,143.0020751953125,75.0,0.2502229555288147,-0.1265036016702652,0.17910102009773254
SNU_91,True,0.8997641975308642,144.09063720703125,75.0,0.24960449171182025,-0.14305590093135834,0.13546960055828094
SNU_92,True,0.9039148148148148,161.89822387695312,75.0,0.25303378582325714,-0.10450074076652527,0.2378770112991333
SNU_93,True,0.9043629629629629,165.08529663085938,75.0,0.2501290042509972,0.049878038465976715,0.21099156141281128
SNU_94,True,0.8980987654320988,150.61105346679688,75.0,0.25015533500123716,-0.09366878122091293,0.1287124752998352
SNU_95,True,0.9218111111111111,172.78396606445312,75.0,0.25226774452332834,0.11593125015497208,0.27812451124191284
SNU_96,True,0.9114864197530864,153.7665252685547,75.0,0.24998645544382803,-0.04463259503245354,0.207769513130188
SNU_97,True,0.9044197530864198,178.65370178222656,75.0,0.25110295121351933,0.11505640298128128,0.25756481289863586
SNU_98,True,0.9048777777777778,157.18106079101562,75.0,0.2554222587867402,-0.09811214357614517,0.20496198534965515
SNU_99,True,0.8966518518518518,148.87322998046875,75.0,0.24883654968827792,-0.1269664764404297,0.14613009989261627
SNU_FCCP_10uM_01,True,0.9099407407407407,162.07186889648438,75.0,0.25480834459441126,-0.10318222641944885,0.2625837028026581
SNU_FCCP_10uM_02,True,0.896546913580247,132.51768493652344,75.0,0.2523261402114836,0.00976172462105751,0.31481391191482544
SNU_FCCP_10uM_03,True,0.9078432098765432,154.83724975585938,75.0,0.25357889340221634,-0.008248898200690746,0.31243079900741577
SNU_FCCP_10uM_04,True,0.9047641975308642,146.5479736328125,75.0,0.2499007312457103,-0.11183241754770279,0.27608510851860046
SNU_FCCP_10uM_05,True,0.922579012345679,1111.627685546875,75.0,0.2574626416286069,0.08521618694067001,0.2727677822113037
SNU_FCCP_10uM_06,True,0.907883950617284,176.32611083984375,75.0,0.25888308996907744,0.036818258464336395,0.2536287009716034
SNU_FCCP_10uM_07,True,0.8922123456790123,136.55880737304688,75.0,0.25091048468780613,-0.1630644053220749,0.20031151175498962
SNU_FCCP_10uM_08,True,0.8999555555555555,143.45883178710938,75.0,0.25211258717851637,-0.09145612269639969,0.22077462077140808
SNU_FCCP_10uM_09,True,0.902516049382716,157.23175048828125,75.0,0.25577740144835154,0.0981869027018547,0.34914785623550415
SNU_FCCP_10uM_10,True,0.8933679012345679,143.4273681640625,75.0,0.25536048909107995,-0.1342337280511856,0.24814726412296295
SNU_FCCP_10uM_11,True,0.9076296296296297,153.74639892578125,75.0,0.255560542996273,0.058435190469026566,0.36128658056259155
SNU_FCCP_10uM_12,True,0.9048123456790124,136.56781005859375,75.0,0.2500498022917241,-0.08421340584754944,0.20541207492351532
SNU_FCCP_10uM_13,True,0.905879012345679,145.94418334960938,75.0,0.25506090530717046,-0.03639787435531616,0.21137121319770813
SNU_FCCP_10uM_14,True,0.899637037037037,146.64669799804688,75.0,0.24949293679481163,-0.15198682248592377,0.16605204343795776
SNU_FCCP_10uM_15,True,0.9064111111111111,161.24942016601562,75.0,0.25358863405126447,0.07449869066476822,0.25274422764778137
SNU_FCCP_10uM_16,True,0.9101024691358025,163.65562438964844,75.0,0.2522141720576845,-0.07099147140979767,0.37459221482276917
SNU_FCCP_10uM_17,True,0.9111320987654321,158.94210815429688,75.0,0.2536133991493421,0.014742194674909115,0.2353775054216385
SNU_FCCP_10uM_18,True,0.8902395061728395,146.49420166015625,75.0,0.25034600204688984,-0.15165692567825317,0.2566976547241211
SNU_FCCP_10uM_19,True,0.9070456790123457,151.5921630859375,75.0,0.252180801326243,0.04815250262618065,0.33770447969436646
SNU_FCCP_10uM_20,True,0.919541975308642,167.64610290527344,75.0,0.2550598862289197,0.1345328837633133,0.3838178217411041
SNU_FCCP_10uM_21,True,0.8901222222222223,135.6417999267578,75.0,0.26260369293161295,-0.1294250786304474,0.1933639645576477
SNU_FCCP_10uM_22,True,0.890237037037037,146.98284912109375,75.0,0.24896545794433997,-0.17076732218265533,0.22646839916706085
SNU_FCCP_10uM_23,True,0.9201345679012346,201.73355102539062,75.0,0.2566438886421605,0.11551648378372192,0.30729439854621887
SNU_FCCP_10uM_24,True,0.9097716049382716,166.75900268554688,75.0,0.25447711065726714,-0.039051901549100876,0.24209196865558624
SNU_FCCP_10uM_25,True,0.9014172839506173,148.76480102539062,75.0,0.25349929055479165,0.008682332932949066,0.22880403697490692
SNU_FCCP_10uM_26,True,0.8901074074074075,139.23489379882812,75.0,0.25152742005056955,-0.10145118832588196,0.175128772854805
SNU_FCCP_10uM_27,True,0.9180456790123457,290.2563781738281,75.0,0.2507957725549577,0.12427136301994324,0.42167994379997253
SNU_FCCP_10uM_28,True,0.9052197530864198,149.54791259765625,75.0,0.2619158024516249,-0.027119316160678864,0.27826428413391113
SNU_FCCP_10uM_29,True,0.8923135802469135,137.71246337890625,75.0,0.25677459344138004,-0.12675100564956665,0.27215269207954407
SNU_FCCP_10uM_30,True,0.9032061728395062,161.78225708007812,75.0,0.2536888478219566,-0.03426298499107361,0.2867247760295868
SNU_FCCP_10uM_31,True,0.904437037037037,152.97576904296875,75.0,0.2648370038520654,-0.1486828625202179,0.17898781597614288
SNU_FCCP_10uM_32,True,0.8842518518518518,132.09176635742188,75.0,0.2507064631605989,-0.1279931366443634,0.17233498394489288
SNU_FCCP_10uM_33,True,0.8861543209876543,131.94924926757812,75.0,0.25105567823233976,-0.13542397320270538,0.14683158695697784
SNU_FCCP_10uM_34,True,0.9003777777777778,148.34310913085938,75.0,0.26750911140179845,-0.09257076680660248,0.2945448160171509
SNU_FCCP_10uM_35,True,0.9086777777777778,158.71804809570312,75.0,0.2533065952564369,0.0019973241724073887,0.41270849108695984
SNU_FCCP_10uM_36,True,0.9068987654320988,165.03359985351562,75.0,0.2720232293476071,-0.09648184478282928,0.28712570667266846
SNU_FCCP_10uM_37,True,0.9073333333333333,161.09375,75.0,0.26105668489944756,0.026302596554160118,0.33636754751205444
SNU_FCCP_10uM_38,True,0.9066864197530864,145.93197631835938,75.0,0.27338865166336246,-0.1348939687013626,0.20137348771095276
SNU_FCCP_10uM_39,True,0.9128679012345678,153.96913146972656,75.0,0.28792315088927445,-0.1555182784795761,0.2246474027633667
SNU_FCCP_10uM_40,True,0.9222024691358025,1006.5352783203125,75.0,0.2561125807246206,0.13214845955371857,0.34632354974746704
SNU_FCCP_10uM_41,True,0.9054679012345679,164.24691772460938,75.0,0.2659071293881207,0.00042410631431266665,0.18996411561965942
SNU_FCCP_10uM_42,True,0.8976,139.32321166992188,75.0,0.2591313461411501,-0.13459280133247375,0.2156720757484436
SNU_FCCP_10uM_43,True,0.9213765432098765,940.1804809570312,75.0,0.254880311932629,0.15352793037891388,0.3189834654331207
SNU_FCCP_10uM_44,True,0.9031222222222223,141.31324768066406,75.0,0.2566952232925831,-0.11182001978158951,0.20532716810703278
SNU_FCCP_10uM_45,True,0.9147777777777778,158.1964569091797,75.0,0.2534691013131436,0.009271963499486446,0.2834855318069458
SNU_FCCP_10uM_46,True,0.9143518518518519,173.27969360351562,75.0,0.27458295358649787,-0.006151549052447081,0.23944106698036194
SNU_FCCP_10uM_47,True,0.8897814814814815,146.1841278076172,75.0,0.26268760675044367,-0.16022352874279022,0.17925380170345306
SNU_FCCP_10uM_48,True,0.8948592592592592,138.47991943359375,75.0,0.25360771264120435,-0.15588481724262238,0.17721562087535858
SNU_FCCP_10uM_49,True,0.884858024691358,130.60671997070312,75.0,0.2518852853565125,-0.11624366044998169,0.13642491400241852
SNU_FCCP_10uM_50,True,0.8972987654320987,151.4062957763672,75.0,0.2537313638189793,-0.05648290365934372,0.20735055208206177
SNU_Rotenone_500nM_01,True,0.9148098765432099,164.26181030273438,75.0,0.2526936717607113,0.042155731469392776,0.3302234709262848
SNU_Rotenone_500nM_02,True,0.9143444444444444,170.56582641601562,75.0,0.2521687939412843,0.05393624305725098,0.3502429723739624
SNU_Rotenone_500nM_03,True,0.8919308641975309,136.57373046875,75.0,0.2537330579793595,-0.2126285284757614,0.43239086866378784
SNU_Rotenone_500nM_04,True,0.915395061728395,157.76190185546875,75.0,0.25095148825980823,0.012869645841419697,0.4348942041397095
SNU_Rotenone_500nM_05,True,0.8960592592592592,140.2127227783203,75.0,0.2500055110993541,-0.1322777271270752,0.2245703637599945
SNU_Rotenone_500nM_06,True,0.8935024691358024,143.91644287109375,75.0,0.24957408561397304,-0.27442318201065063,0.15465033054351807
SNU_Rotenone_500nM_07,True,0.9050765432098765,149.80474853515625,75.0,0.25245937864882856,-0.01823524571955204,0.33484596014022827
SNU_Rotenone_500nM_08,True,0.8943234567901235,138.5159912109375,75.0,0.2589708476784989,-0.24338068068027496,0.09903618693351746
SNU_Rotenone_500nM_09,True,0.9177864197530864,752.6293334960938,75.0,0.25467745124810504,0.07119783759117126,0.31157180666923523
SNU_Rotenone_500nM_10,True,0.8976888888888889,139.84072875976562,75.0,0.2504455886721458,0.10066833347082138,0.44073382019996643
SNU_Rotenone_500nM_11,True,0.9229592592592593,463.16607666015625,75.0,0.2526334375338585,0.1543487161397934,0.4262746572494507
SNU_Rotenone_500nM_12,True,0.9237654320987654,1340.84130859375,75.0,0.2573230872034748,0.1518840491771698,0.27427470684051514
SNU_Rotenone_500nM_13,True,0.9265962962962963,1004.2645874023438,75.0,0.2642073805231679,0.07928638905286789,0.3065985441207886
SNU_Rotenone_500nM_14,True,0.8971876543209877,146.4107666015625,75.0,0.24943513475579382,-0.20599886775016785,0.0872235894203186
SNU_Rotenone_500nM_15,True,0.8962666666666667,152.38710021972656,75.0,0.2528871477844998,-0.08309384435415268,0.07095281034708023
SNU_Rotenone_500nM_16,True,0.8934814814814814,142.87347412109375,75.0,0.2495951472945338,-0.20621393620967865,0.19621983170509338
SNU_Rotenone_500nM_17,True,0.8877037037037037,140.45974731445312,75.0,0.2626070872274143,-0.20651453733444214,0.15294454991817474
SNU_Rotenone_500nM_18,True,0.8980395061728395,138.8736572265625,75.0,0.25153145672603694,-0.19271478056907654,0.13491332530975342
SNU_Rotenone_500nM_19,True,0.8979395061728395,147.2724609375,75.0,0.25111537938022715,-0.1007126048207283,0.33004453778266907
SNU_Rotenone_500nM_20,True,0.9194061728395062,219.48748779296875,75.0,0.25254894799246425,0.14053486287593842,0.3812764883041382
SNU_Rotenone_500nM_21,True,0.9227604938271605,1060.357177734375,75.0,0.2524724524909156,0.21708616614341736,0.3583320379257202
SNU_Rotenone_500nM_22,True,0.9196012345679012,172.8258056640625,75.0,0.2579016401365595,0.09115659445524216,0.22704461216926575
SNU_Rotenone_500nM_23,True,0.9023271604938271,161.41551208496094,75.0,0.2501009050671446,-0.1849488615989685,0.19132421910762787
SNU_Rotenone_500nM_24,True,0.8953222222222222,150.1022491455078,75.0,0.2520190675541325,-0.07917232811450958,0.1519588679075241
SNU_Rotenone_500nM_25,True,0.8997950617283951,164.25494384765625,75.0,0.25060027386208655,-0.10579268634319305,0.2823357880115509
SNU_Rotenone_500nM_26,True,0.8982901234567902,148.8166046142578,75.0,0.2523669797901363,-0.07418585568666458,0.13452976942062378
SNU_Rotenone_500nM_27,True,0.9127851851851851,264.72930908203125,75.0,0.2633994990234745,0.15477700531482697,0.3426024317741394
SNU_Rotenone_500nM_28,True,0.910058024691358,726.2013549804688,75.0,0.25285594325148175,0.15810662508010864,0.3722873330116272
SNU_Rotenone_500nM_29,True,0.9306469135802469,1446.90673828125,75.0,0.25524658275671774,0.2568037509918213,0.34328705072402954
SNU_Rotenone_500nM_30,True,0.9233938271604938,1179.59326171875,75.0,0.25670199438731783,0.18185584247112274,0.34257107973098755
SNU_Rotenone_500nM_31,True,0.9242567901234567,266.28472900390625,75.0,0.262119180175463,0.046788882464170456,0.23948171734809875
SNU_Rotenone_500nM_32,True,0.9273888888888889,1068.9539794921875,75.0,0.25395874518261147,0.17170338332653046,0.26883408427238464
SNU_Rotenone_500nM_33,True,0.9044827160493827,145.80059814453125,75.0,0.25383173794174696,-0.03082183748483658,0.3402218222618103
SNU_Rotenone_500nM_34,True,0.9196790123456791,167.1995849609375,75.0,0.2541748328724461,0.12743990123271942,0.34457072615623474
SNU_Rotenone_500nM_35,True,0.9292086419753086,244.07843017578125,75.0,0.2517806868714783,0.05220826715230942,0.23543202877044678
SNU_Rotenone_500nM_36,True,0.9145802469135802,172.05862426757812,75.0,0.2636883951350549,0.06608543545007706,0.22530797123908997
SNU_Rotenone_500nM_37,True,0.9014271604938272,146.08668518066406,75.0,0.2501657180109456,-0.036244843155145645,0.3030996322631836
SNU_Rotenone_500nM_38,True,0.9015901234567901,139.54026794433594,75.0,0.2499685055758824,-0.16525402665138245,0.18989884853363037
SNU_Rotenone_500nM_39,True,0.8994888888888889,153.7092742919922,75.0,0.2524053440499818,-0.009444436058402061,0.32634440064430237
SNU_Rotenone_500nM_40,True,0.9235617283950617,163.78521728515625,75.0,0.2549897404706684,0.062193773686885834,0.30980387330055237
SNU_Rotenone_500nM_41,True,0.9154098765432098,169.91575622558594,75.0,0.2530688539978044,0.10745055973529816,0.2641389071941376
SNU_Rotenone_500nM_42,True,0.9050222222222222,143.21470642089844,75.0,0.2509876300697889,-0.028743578121066093,0.26615384221076965
SNU_Rotenone_500nM_43,True,0.9077234567901235,144.6424102783203,75.0,0.2521162697074216,-0.04542651027441025,0.32354825735092163
SNU_Rotenone_500nM_44,True,0.9006148148148149,168.841796875,75.0,0.2563338076320977,0.028969787061214447,0.2930051386356354
SNU_Rotenone_500nM_45,True,0.9006246913580247,141.56640625,75.0,0.254066450447289,0.04383135586977005,0.36317917704582214
SNU_Rotenone_500nM_46,True,0.8935839506172839,141.0406951904297,75.0,0.2499478449246549,-0.14531193673610687,0.21478118002414703
SNU_Rotenone_500nM_47,True,0.903883950617284,151.2806396484375,75.0,0.25285803651184324,0.020737631246447563,0.24436111748218536
SNU_Rotenone_500nM_48,True,0.9136061728395062,150.73245239257812,75.0,0.2514252973902092,0.10204891115427017,0.3817942142486572
SNU_Rotenone_500nM_49,True,0.9119962962962963,160.48388671875,75.0,0.2507509641716652,-0.020902905613183975,0.35877710580825806
SNU_Rotenone_500nM_50,True,0.9063308641975308,146.84576416015625,75.0,0.2510652093367914,0.11277023702859879,0.3605862557888031
SNU_blebbistatin_01,True,0.9217543209876543,391.2008972167969,75.0,0.25097338542580505,0.03511081263422966,0.2631002962589264
SNU_blebbistatin_02,True,0.9318098765432099,1486.1861572265625,75.0,0.25192311259383704,0.10215625166893005,0.38483956456184387
SNU_blebbistatin_03,True,0.9449506172839506,2076.126953125,75.0,0.2659816307599848,0.015818728134036064,0.21715998649597168
SNU_blebbistatin_04,True,0.9435592592592592,1861.19091796875,75.0,0.25326089943123165,0.15409843623638153,0.2937960624694824
SNU_blebbistatin_05,True,0.9236185185185185,187.85842895507812,75.0,0.25221251358385094,0.04039324074983597,0.27758607268333435
SNU_blebbistatin_06,True,0.9089691358024692,148.0577392578125,75.0,0.2523914623131617,0.013149174861609936,0.20770364999771118
SNU_blebbistatin_07,True,0.9237975308641976,668.0751953125,75.0,0.25158898588221457,0.11098351329565048,0.40703678131103516
SNU_blebbistatin_08,True,0.9243876543209877,1707.87744140625,75.0,0.25771481688244735,0.14047211408615112,0.2002762258052826
SNU_blebbistatin_09,True,0.9139222222222222,240.843017578125,75.0,0.25292289237677246,0.07353033870458603,0.25544214248657227
SNU_blebbistatin_10,True,0.9193234567901235,178.03439331054688,75.0,0.2516987801013091,0.04814937710762024,0.20856153964996338
SNU_blebbistatin_11,True,0.9297320987654321,1273.5009765625,75.0,0.258469517968139,0.08936368674039841,0.16986709833145142
SNU_blebbistatin_12,True,0.9367691358024691,1398.06298828125,75.0,0.2521050155314497,0.16654984652996063,0.3576570749282837
SNU_blebbistatin_13,True,0.944737037037037,3359.31494140625,75.0,0.2693413935813349,0.05379396677017212,0.10512732714414597
SNU_blebbistatin_14,True,0.9531728395061728,3037.94873046875,75.0,0.27052987423420155,0.09599494189023972,0.03682586923241615
SNU_blebbistatin_15,True,0.9276851851851852,1312.70751953125,75.0,0.2501061316831354,0.04325268045067787,0.2712777853012085
SNU_blebbistatin_16,True,0.9226135802469135,1488.08984375,75.0,0.2526223811314342,0.1547597050666809,0.2636150121688843
SNU_blebbistatin_17,True,0.9369456790123457,2045.4683837890625,75.0,0.25374015384899185,0.05878772959113121,0.130192831158638
SNU_blebbistatin_18,True,0.9261814814814815,473.5085144042969,75.0,0.2513532931577551,0.08520809561014175,0.2600245475769043
SNU_blebbistatin_19,True,0.9182876543209877,195.62777709960938,75.0,0.2510899917049043,0.09341493993997574,0.16780827939510345
SNU_blebbistatin_20,True,0.9233938271604938,199.7747802734375,75.0,0.2584146780061207,0.15573373436927795,0.17583146691322327
SNU_blebbistatin_21,True,0.9385938271604938,2090.8896484375,75.0,0.254227166723007,0.03997885435819626,0.13846269249916077
SNU_blebbistatin_22,True,0.919120987654321,174.92660522460938,75.0,0.2500658170447341,0.1169193908572197,0.21130631864070892
SNU_blebbistatin_23,True,0.9143728395061729,169.74642944335938,75.0,0.25104166385379173,0.030450129881501198,0.2091321498155594
SNU_blebbistatin_24,True,0.9169345679012346,2230.30859375,75.0,0.2542044951172519,0.07652387022972107,0.21535064280033112
SNU_blebbistatin_25,True,0.9065123456790124,155.44349670410156,75.0,0.25065132273330837,-0.049043674021959305,0.22363218665122986
SNU_blebbistatin_26,True,0.9124172839506173,159.7612762451172,75.0,0.25124821055992896,-0.021723628044128418,0.21537050604820251
SNU_blebbistatin_27,True,0.9243925925925925,195.68569946289062,75.0,0.25521730652627417,0.05175521597266197,0.1809399425983429
SNU_blebbistatin_28,True,0.9268333333333333,411.34417724609375,75.0,0.30012720866883785,-0.03838327154517174,0.11609064042568207
SNU_blebbistatin_29,True,0.9203012345679012,176.71951293945312,75.0,0.2645202054077838,-0.017137106508016586,0.200047105550766
SNU_blebbistatin_30,True,0.9309567901234568,229.04522705078125,75.0,0.25251334416337895,0.08759190142154694,0.23501238226890564
SNU_blebbistatin_31,True,0.9337765432098766,1916.8848876953125,75.0,0.2551619006318428,0.12928682565689087,0.1500556617975235
SNU_blebbistatin_32,True,0.9378098765432099,216.1619873046875,75.0,0.2514237269393096,0.008830288425087929,0.16619163751602173
SNU_blebbistatin_33,True,0.9262197530864198,191.19821166992188,75.0,0.2556988582289887,0.15305067598819733,0.2485692799091339
SNU_blebbistatin_34,True,0.9203111111111111,348.74420166015625,75.0,0.25039036718661967,0.102496437728405,0.19423241913318634
SNU_blebbistatin_35,True,0.9440012345679012,212.22119140625,75.0,0.26656692487062555,0.01072632521390915,0.1570609211921692
SNU_blebbistatin_36,True,0.912120987654321,174.19180297851562,75.0,0.2521162180672371,0.030282624065876007,0.22999207675457
SNU_blebbistatin_37,True,0.9086555555555555,166.9009552001953,75.0,0.24997452483726465,-0.06248943880200386,0.16649417579174042
SNU_blebbistatin_38,True,0.9245382716049383,640.3226318359375,75.0,0.25295108936592975,0.1260678470134735,0.22769616544246674
SNU_blebbistatin_39,True,0.9255679012345679,1373.400146484375,75.0,0.25903349295060757,0.09788449108600616,0.22468286752700806
SNU_blebbistatin_40,True,0.9244641975308642,171.2317657470703,75.0,0.2500560885451166,0.030923407524824142,0.28751349449157715
SNU_blebbistatin_41,True,0.9062370370370371,159.7178955078125,75.0,0.2576792924751925,-0.047314226627349854,0.17095771431922913
SNU_blebbistatin_42,True,0.9064814814814814,173.67127990722656,75.0,0.2588396322778345,-0.08645637333393097,0.1424175351858139
SNU_blebbistatin_43,True,0.9022666666666667,173.6352996826172,75.0,0.26263484557410965,-0.12043774873018265,0.175086110830307
SNU_blebbistatin_44,True,0.9121444444444444,170.35430908203125,75.0,0.253518705749712,0.049137458205223083,0.28615790605545044
SNU_blebbistatin_45,True,0.9175814814814814,175.2384033203125,75.0,0.24975209925179048,-0.12370629608631134,0.20155572891235352
SNU_blebbistatin_46,True,0.9302358024691358,185.22422790527344,75.0,0.2533885607127358,0.12015807628631592,0.2666633725166321
SNU_blebbistatin_47,True,0.930953086419753,198.3577880859375,75.0,0.2515117919774239,0.07585766166448593,0.24430449306964874
SNU_blebbistatin_48,True,0.9060222222222222,161.04840087890625,75.0,0.25122568056270933,-0.06608939915895462,0.04794522002339363
SNU_blebbistatin_49,True,0.9206987654320987,160.35971069335938,75.0,0.2516472995550883,0.033181916922330856,0.27920001745224
SNU_blebbistatin_50,True,0.9163753086419754,164.16000366210938,75.0,0.2542747593848011,-0.06873872131109238,0.07755790650844574
SNU_staurosporine_01,True,0.9236790123456791,245.7744598388672,75.0,0.2683231307974017,0.09088476002216339,0.23799413442611694
SNU_staurosporine_02,True,0.9442296296296296,1658.430908203125,75.0,0.2624989213232814,0.11502087116241455,0.2535356879234314
SNU_staurosporine_03,True,0.9444888888888889,1853.734619140625,75.0,0.27223686205616465,0.2914763391017914,0.369735985994339
SNU_staurosporine_04,True,0.9367296296296296,1687.44970703125,75.0,0.2566230555215084,0.11494756489992142,0.21311943233013153
SNU_staurosporine_05,True,0.9322518518518519,1390.410400390625,75.0,0.26634963264311556,0.13267096877098083,0.2541303336620331
SNU_staurosporine_06,True,0.9248197530864197,458.7855529785156,75.0,0.2686169076656913,0.12924836575984955,0.16393354535102844
SNU_staurosporine_07,True,0.9215,202.26907348632812,75.0,0.25828794973305735,0.16898277401924133,0.34181225299835205
SNU_staurosporine_08,True,0.9230913580246913,865.8642578125,75.0,0.25601173726501397,0.0796639621257782,0.25276753306388855
SNU_staurosporine_09,True,0.9272506172839506,497.00537109375,75.0,0.2617894665365417,0.15503063797950745,0.21172522008419037
SNU_staurosporine_10,True,0.935053086419753,836.3856201171875,75.0,0.2610903454349327,0.11985411494970322,0.21410328149795532
SNU_staurosporine_11,True,0.9252802469135802,263.3306884765625,75.0,0.25602920436517734,0.12417426705360413,0.30973780155181885
SNU_staurosporine_12,True,0.9359666666666666,942.757568359375,75.0,0.26131430764786656,0.18060415983200073,0.25508055090904236
SNU_staurosporine_13,True,0.9188543209876543,257.4937744140625,75.0,0.2517896682933121,0.1236167848110199,0.26337337493896484
SNU_staurosporine_14,True,0.9243740740740741,339.303466796875,75.0,0.2608999349576557,0.24542666971683502,0.20683301985263824
SNU_staurosporine_15,True,0.9353160493827161,606.7105102539062,75.0,0.26375187102530867,0.19079458713531494,0.22816815972328186
SNU_staurosporine_16,True,0.9157950617283951,198.88623046875,75.0,0.25428623040898146,0.0602865070104599,0.20273345708847046
SNU_staurosporine_17,True,0.9139111111111111,192.54312133789062,75.0,0.2653160747188856,0.13467954099178314,0.2711840271949768
SNU_staurosporine_18,True,0.9278679012345679,246.62359619140625,75.0,0.29590073086712804,-0.07508096843957901,0.13221251964569092
SNU_staurosporine_19,True,0.9083037037037037,170.54640197753906,75.0,0.2778670320200727,-0.057673048228025436,0.16729708015918732
SNU_staurosporine_20,True,0.9173333333333333,172.5454864501953,75.0,0.2605377906976744,0.026889687404036522,0.2654538154602051
SNU_staurosporine_21,True,0.9201913580246913,187.4253692626953,75.0,0.2510494999027309,0.12407643347978592,0.24045708775520325
SNU_staurosporine_22,True,0.9247876543209876,187.3932342529297,75.0,0.25763805638398135,0.05178127437829971,0.22631937265396118
SNU_staurosporine_23,True,0.9117592592592593,206.51019287109375,75.0,0.25452895975085477,0.12136025726795197,0.24041342735290527
SNU_staurosporine_24,True,0.9138037037037037,183.59368896484375,75.0,0.2524612223226481,0.12690164148807526,0.20933613181114197
SNU_staurosporine_25,True,0.9174802469135802,189.64907836914062,75.0,0.25377610982306614,0.12627668678760529,0.2599477469921112
SNU_staurosporine_26,True,0.9239567901234568,275.9942321777344,75.0,0.25331070743781775,0.08557890355587006,0.139144167304039
SNU_staurosporine_27,True,0.9377320987654321,1583.20068359375,75.0,0.2614885137901662,0.1586737334728241,0.20305319130420685
SNU_staurosporine_28,True,0.9325444444444444,200.35226440429688,75.0,0.2563463032907444,0.027169842272996902,0.1913054883480072
SNU_staurosporine_29,True,0.9277148148148148,181.30517578125,75.0,0.26368389604617215,-0.019492173567414284,0.19072876870632172
SNU_staurosporine_30,True,0.9249604938271605,204.60513305664062,75.0,0.2573109562236892,0.14549876749515533,0.21189385652542114
SNU_staurosporine_31,True,0.9289432098765432,202.1591796875,75.0,0.2519868588227164,0.13705934584140778,0.21471014618873596
SNU_staurosporine_32,True,0.9293827160493827,190.88125610351562,75.0,0.25212938363443144,0.08215662091970444,0.29119473695755005
SNU_staurosporine_33,True,0.9266271604938272,196.73910522460938,75.0,0.2531749288538813,0.018547188490629196,0.16825126111507416
SNU_staurosporine_34,True,0.9211765432098765,173.61569213867188,75.0,0.2599708102761766,0.033307772129774094,0.1787339597940445
SNU_staurosporine_35,True,0.9179938271604938,177.71075439453125,75.0,0.25304239653027605,-0.02945183962583542,0.21751393377780914
SNU_staurosporine_36,True,0.9053432098765433,149.66632080078125,75.0,0.2761656448410534,-0.08325318247079849,0.17002235352993011
SNU_staurosporine_37,True,0.9077234567901235,164.74887084960938,75.0,0.25106221506522897,0.10680340230464935,0.24361209571361542
SNU_staurosporine_38,True,0.9209851851851852,180.47940063476562,75.0,0.25954627224201676,0.05013439804315567,0.19441771507263184
SNU_staurosporine_39,True,0.9199,177.74708557128906,75.0,0.25007549129736323,0.11699941754341125,0.24517710506916046
SNU_staurosporine_40,True,0.9344777777777777,241.8160400390625,75.0,0.2548422767321023,0.1283445656299591,0.30826351046562195
SNU_staurosporine_41,True,0.9080604938271605,153.51370239257812,75.0,0.2545773178215951,0.021818004548549652,0.24544289708137512
SNU_staurosporine_42,True,0.9226864197530864,175.63229370117188,75.0,0.2545853760356233,-0.03962874040007591,0.18838471174240112
SNU_staurosporine_43,True,0.9153086419753086,162.21035766601562,75.0,0.2564364715403291,-0.0975700169801712,0.16562621295452118
SNU_staurosporine_44,True,0.909316049382716,171.01486206054688,75.0,0.27702275214311123,-0.08203785866498947,0.0982138141989708
SNU_staurosporine_45,True,0.9053148148148148,161.68309020996094,75.0,0.25990413265967094,-0.038162801414728165,0.19442565739154816
SNU_staurosporine_46,True,0.9090469135802469,158.80763244628906,75.0,0.2886906378679067,-0.1580849438905716,0.17058065533638
SNU_staurosporine_47,True,0.9121469135802469,172.44815063476562,75.0,0.26812201305020444,0.01747387833893299,0.21539810299873352
SNU_staurosporine_48,True,0.9020234567901234,161.39651489257812,75.0,0.31746320686412854,-0.11691654473543167,0.056414440274238586
SNU_staurosporine_49,True,0.9055185185185185,165.29820251464844,75.0,0.33730213914679535,-0.09171810001134872,0.07953473180532455
SNU_staurosporine_50,True,0.9229259259259259,219.58786010742188,75.0,0.2594459381730139,0.1336100995540619,0.23873558640480042
T24_01,True,0.9363037037037037,1512.204833984375,75.0,0.2718306553481908,0.24048997461795807,0.4093262851238251
T24_02,True,0.920920987654321,420.17431640625,75.0,0.2548857423995839,0.13432073593139648,0.6923432946205139
T24_03,True,0.9342765432098765,727.7056884765625,75.0,0.25412942476122014,0.31678488850593567,0.530710756778717
T24_04,True,0.9172037037037037,1104.162109375,75.0,0.2651416341941085,0.3281779885292053,0.4329887330532074
T24_05,True,0.9359728395061728,1460.4505615234375,75.0,0.25686880224972236,0.16109813749790192,0.30432435870170593
T24_06,True,0.9162753086419753,255.05886840820312,75.0,0.2555434441370929,0.1622556895017624,0.333651065826416
T24_07,True,0.9010925925925926,134.64639282226562,75.0,0.2686272494982086,-0.15291789174079895,0.3469918668270111
T24_08,True,0.9109456790123457,419.9188232421875,75.0,0.24991665153293416,0.06682568043470383,0.4376385509967804
T24_09,True,0.9002308641975308,138.52105712890625,75.0,0.25742505009003175,-0.13380880653858185,0.21984495222568512
T24_10,True,0.8944839506172839,141.37928771972656,75.0,0.24837550308336967,-0.05430404096841812,0.11309776455163956
T24_11,True,0.9058296296296297,158.39022827148438,75.0,0.2509738020667228,0.07645057886838913,0.3473450243473053
T24_12,True,0.9150716049382716,218.25244140625,75.0,0.25103749554780846,0.17039886116981506,0.3239368498325348
T24_13,True,0.8983135802469135,142.147705078125,75.0,0.250649364927972,-0.1287141889333725,0.2871338427066803
T24_14,True,0.9017493827160494,146.0140838623047,75.0,0.24991888195373327,-0.06516806036233902,0.23367546498775482
T24_15,True,0.9351987654320988,202.7063751220703,75.0,0.25250722431753464,-0.039476826786994934,0.12034551054239273
T24_16,True,0.9057395061728395,161.51063537597656,75.0,0.250750699585224,0.12584364414215088,0.34449249505996704
T24_17,True,0.9022444444444444,157.17718505859375,75.0,0.25284544168315504,-0.08947169780731201,0.13501279056072235
T24_18,True,0.8967283950617284,140.77767944335938,75.0,0.2507165966820403,-0.22286026179790497,0.4036252796649933
T24_19,True,0.9137543209876543,143.78622436523438,75.0,0.2509629921866239,0.02641594037413597,0.34179413318634033
T24_20,True,0.9030518518518519,160.647705078125,75.0,0.2539454688627863,0.15098188817501068,0.46899721026420593
T24_21,True,0.9082567901234568,147.350341796875,75.0,0.2554398060047194,0.03375544771552086,0.30750563740730286
T24_22,True,0.9156839506172839,155.29910278320312,75.0,0.2517742927097602,0.0685790479183197,0.43969088792800903
T24_23,True,0.9113629629629629,162.19442749023438,75.0,0.2526672843820949,0.014448723755776882,0.35184890031814575
T24_24,True,0.8991666666666667,143.3536376953125,75.0,0.2514440668657536,-0.13970544934272766,0.0935298278927803
T24_25,True,0.9054543209876543,145.45611572265625,75.0,0.2512632632414258,-0.05540008097887039,0.30607321858406067
T24_26,True,0.916625925925926,158.0738525390625,75.0,0.2510697445138976,-0.11701848357915878,0.21384857594966888
T24_27,True,0.9162654320987654,174.65957641601562,75.0,0.25353454373968404,0.24840907752513885,0.4973081648349762
T24_28,True,0.9107888888888889,165.54922485351562,75.0,0.24989461042455394,0.08290094882249832,0.35503503680229187
T24_29,True,0.9154407407407408,155.68057250976562,75.0,0.25103201992698654,-0.02797173522412777,0.36187317967414856
T24_30,True,0.9097135802469136,160.63206481933594,75.0,0.2512430991710863,0.08345329761505127,0.20052054524421692
T24_31,True,0.9071271604938271,164.87509155273438,75.0,0.2522901630843812,-0.04334131255745888,0.2837446630001068
T24_32,True,0.8912604938271605,133.64828491210938,75.0,0.25030716657362784,-0.09833251684904099,0.14618708193302155
T24_33,True,0.905174074074074,159.98483276367188,75.0,0.25000170487635553,-0.044970251619815826,0.3099581301212311
T24_34,True,0.9002148148148148,145.50157165527344,75.0,0.2495330332677797,-0.19347497820854187,0.3976784944534302
T24_35,True,0.893095061728395,149.43194580078125,75.0,0.2565664971447608,-0.10312100499868393,0.11153673380613327
T24_36,True,0.9061987654320988,141.58074951171875,75.0,0.2496699685703815,-0.09132424741983414,0.18518321216106415
T24_37,True,0.9123703703703704,184.77952575683594,75.0,0.2540986712132283,0.14978496730327606,0.4211532175540924
T24_38,True,0.9197555555555555,158.11148071289062,75.0,0.253647641214386,-0.04277415946125984,0.32517650723457336
T24_39,True,0.906632098765432,161.66439819335938,75.0,0.2502777883688376,0.06154448539018631,0.32954105734825134
T24_40,True,0.9329222222222222,1761.18359375,75.0,0.25791122280051926,0.20557259023189545,0.26839491724967957
T24_41,True,0.9159172839506173,177.44712829589844,75.0,0.27559904191035633,-0.1101895123720169,0.18328851461410522
T24_42,True,0.9083814814814815,149.4824676513672,75.0,0.25221225106654216,0.06116093322634697,0.347121924161911
T24_43,True,0.9116049382716049,172.37570190429688,75.0,0.25454631635969666,0.18470178544521332,0.30330708622932434
T24_44,True,0.9075592592592593,153.61785888671875,75.0,0.2517184199106816,0.012075928971171379,0.22280068695545197
T24_45,True,0.9168888888888889,164.3676300048828,75.0,0.2510704475682663,0.12450841069221497,0.30006930232048035
T24_46,True,0.9094271604938272,152.25364685058594,75.0,0.2506665435846198,0.03624177724123001,0.28303760290145874
T24_47,True,0.9289259259259259,1339.723388671875,75.0,0.2569860319232354,0.15964454412460327,0.33029112219810486
T24_48,True,0.9167802469135803,190.58355712890625,75.0,0.27808406231147115,-0.09108605235815048,0.11599620431661606
T24_49,True,0.9175851851851852,162.52293395996094,75.0,0.25204239792046756,0.10043267905712128,0.31228071451187134
T24_50,True,0.9126950617283951,184.96893310546875,75.0,0.25219976653054377,-0.05319906398653984,0.1736716479063034
T24_Blebbistatin_5uM_01,True,0.9101074074074074,194.76158142089844,75.0,0.255340910786544,0.05765175819396973,0.16968108713626862
T24_Blebbistatin_5uM_02,True,0.9054518518518518,550.4213256835938,75.0,0.25372367114979766,0.22171062231063843,0.3675801157951355
T24_Blebbistatin_5uM_03,True,0.904079012345679,162.80929565429688,75.0,0.25537754812209135,-0.04937352240085602,0.24594244360923767
T24_Blebbistatin_5uM_04,True,0.9082567901234568,147.988037109375,75.0,0.25186628027098446,0.15690217912197113,0.5137939453125
T24_Blebbistatin_5uM_05,True,0.9046,159.3218536376953,75.0,0.2666672125733221,0.08345770090818405,0.4030650556087494
T24_Blebbistatin_5uM_06,True,0.9041,171.91799926757812,75.0,0.2506045846015613,-0.06857515871524811,0.5135167241096497
T24_Blebbistatin_5uM_07,True,0.9072283950617284,158.18177795410156,75.0,0.25125228786631376,-0.11442732810974121,0.40036681294441223
T24_Blebbistatin_5uM_08,True,0.8940716049382716,141.32176208496094,75.0,0.262334333980486,-0.14657312631607056,0.418446809053421
T24_Blebbistatin_5uM_09,True,0.8899654320987654,133.87550354003906,75.0,0.24988486166753598,-0.09623080492019653,0.396522581577301
T24_Blebbistatin_5uM_10,True,0.8994222222222222,164.99642944335938,75.0,0.2523032619020167,-0.2205759584903717,0.24191118776798248
T24_Blebbistatin_5uM_11,True,0.915883950617284,282.5360107421875,75.0,0.2590926124124842,0.39888474345207214,0.5603262186050415
T24_Blebbistatin_5uM_12,True,0.9174172839506173,302.78875732421875,75.0,0.25537472345877044,0.1510295271873474,0.39393922686576843
T24_Blebbistatin_5uM_13,True,0.9093172839506173,184.06817626953125,75.0,0.2534149212473881,0.18979589641094208,0.419767290353775
T24_Blebbistatin_5uM_14,True,0.8956864197530864,159.43922424316406,75.0,0.2584499645764473,-0.13875772058963776,0.2211630791425705
T24_Blebbistatin_5uM_15,True,0.9035567901234568,150.17718505859375,75.0,0.25348929675725973,-0.20955799520015717,0.2766008973121643
T24_Blebbistatin_5uM_16,True,0.9015197530864197,147.04232788085938,75.0,0.2507425732405225,-0.09687419980764389,0.209848552942276
T24_Blebbistatin_5uM_17,True,0.9214172839506173,197.99249267578125,75.0,0.2526261207908375,0.13791164755821228,0.35656043887138367
T24_Blebbistatin_5uM_18,True,0.911258024691358,172.2026824951172,75.0,0.2517561531406182,-0.024431146681308746,0.2499522566795349
T24_Blebbistatin_5uM_19,True,0.9038641975308642,161.84066772460938,75.0,0.2846666575608157,-0.16449202597141266,0.3056882321834564
T24_Blebbistatin_5uM_20,True,0.9176716049382716,182.6630859375,75.0,0.25530664026239247,-0.06841248273849487,0.2633175253868103
T24_Blebbistatin_5uM_21,True,0.9314728395061729,778.66455078125,75.0,0.2550123062771954,0.18783769011497498,0.35857826471328735
T24_Blebbistatin_5uM_22,True,0.9241493827160494,512.0916748046875,75.0,0.25221458237872396,0.19175635278224945,0.4519425928592682
T24_Blebbistatin_5uM_23,True,0.9265098765432099,185.36627197265625,75.0,0.25496853317840884,0.24508582055568695,0.3114003837108612
T24_Blebbistatin_5uM_24,True,0.9253493827160494,862.6898193359375,75.0,0.2528961366610943,0.18003007769584656,0.27605345845222473
T24_Blebbistatin_5uM_25,True,0.9202543209876544,244.18435668945312,75.0,0.2517339543819073,0.1525893211364746,0.4662695825099945
T24_Blebbistatin_5uM_26,True,0.9261888888888888,381.89111328125,75.0,0.2541504879280951,0.18057578802108765,0.3565177619457245
T24_Blebbistatin_5uM_27,True,0.9165098765432099,165.18370056152344,75.0,0.25200404648337155,0.18690811097621918,0.4036281704902649
T24_Blebbistatin_5uM_28,True,0.9201370370370371,195.56524658203125,75.0,0.25381619216675994,0.3578821122646332,0.4744829535484314
T24_Blebbistatin_5uM_29,True,0.9072728395061729,158.89352416992188,75.0,0.25039223503893776,-0.07758913189172745,0.2671907842159271
T24_Blebbistatin_5uM_30,True,0.9319061728395062,1427.133056640625,75.0,0.2526177594310878,0.14794158935546875,0.3005774915218353
T24_Blebbistatin_5uM_31,True,0.918441975308642,173.63804626464844,75.0,0.24982323795800188,0.04028189182281494,0.3357153534889221
T24_Blebbistatin_5uM_32,True,0.9182185185185185,199.72955322265625,75.0,0.25017176308928857,0.01657090336084366,0.32606250047683716
T24_Blebbistatin_5uM_33,True,0.9204111111111111,284.77496337890625,75.0,0.2592977104970538,0.17428715527057648,0.2955965995788574
T24_Blebbistatin_5uM_34,True,0.9266345679012346,831.8364868164062,75.0,0.2535486174581054,0.30778706073760986,0.4724084436893463
T24_Blebbistatin_5uM_35,True,0.9256753086419753,201.85812377929688,75.0,0.25400741800780746,0.17538289725780487,0.4371342658996582
T24_Blebbistatin_5uM_36,True,0.9184864197530864,167.37351989746094,75.0,0.25114587337729544,0.08220869302749634,0.41551172733306885
T24_Blebbistatin_5uM_37,True,0.9019938271604938,161.07302856445312,75.0,0.24996475571949658,-0.04519163817167282,0.29264047741889954
T24_Blebbistatin_5uM_38,True,0.9186703703703704,398.95135498046875,75.0,0.251606253267269,0.2786548137664795,0.4920964539051056
T24_Blebbistatin_5uM_39,True,0.9349839506172839,1403.469970703125,75.0,0.25890587677612475,0.15311779081821442,0.2987818717956543
T24_Blebbistatin_5uM_40,True,0.9302518518518519,1129.4044189453125,75.0,0.2519256699367223,0.15230092406272888,0.2919745445251465
T24_Blebbistatin_5uM_41,True,0.9131222222222222,187.0332489013672,75.0,0.2520520423076975,0.08550689369440079,0.3546963930130005
T24_Blebbistatin_5uM_42,True,0.9157111111111111,181.3563232421875,75.0,0.25315008507184594,0.20559214055538177,0.2977946102619171
T24_Blebbistatin_5uM_43,True,0.9042728395061729,168.54441833496094,75.0,0.24986995894661967,-0.01751440018415451,0.3187723457813263
T24_Blebbistatin_5uM_44,True,0.908104938271605,155.36476135253906,75.0,0.2526574809840055,0.015731293708086014,0.3223930895328522
T24_Blebbistatin_5uM_45,True,0.9142654320987654,174.16099548339844,75.0,0.25024879988657156,0.04519166052341461,0.35969293117523193
T24_Blebbistatin_5uM_46,True,0.9095283950617284,170.12303161621094,75.0,0.25300046965053113,0.14824730157852173,0.22397388517856598
T24_Blebbistatin_5uM_47,True,0.9049518518518519,163.92849731445312,75.0,0.25567965555769284,0.0866890698671341,0.32009199261665344
T24_Blebbistatin_5uM_48,True,0.918616049382716,914.0216064453125,75.0,0.2567294601782875,0.17579177021980286,0.36127951741218567
T24_Blebbistatin_5uM_49,True,0.930679012345679,340.21527099609375,75.0,0.2555309411686675,0.14715366065502167,0.3553837537765503
T24_Blebbistatin_5uM_50,True,0.9044716049382716,170.0296630859375,75.0,0.25870503479283996,0.2621082067489624,0.3099590539932251
T24_FCCP_10uM_01,True,0.9245543209876543,204.5433807373047,75.0,0.26897310549360454,-0.13780377805233002,0.41111254692077637
T24_FCCP_10uM_02,True,0.9028086419753086,161.0087432861328,75.0,0.24991829339167893,-0.308076411485672,0.16252927482128143
T24_FCCP_10uM_03,True,0.9120382716049382,176.27450561523438,75.0,0.2561783334303439,-0.33787161111831665,0.26868322491645813
T24_FCCP_10uM_04,True,0.9105888888888889,164.74038696289062,75.0,0.24911161817681407,-0.23130203783512115,0.20782425999641418
T24_FCCP_10uM_05,True,0.9256654320987654,188.6461639404297,75.0,0.25564125373938534,0.0430903285741806,0.5755709409713745
T24_FCCP_10uM_06,True,0.9364271604938271,229.88246154785156,75.0,0.2549854582560982,0.32306745648384094,0.6003391146659851
T24_FCCP_10uM_07,True,0.9321456790123457,199.71487426757812,75.0,0.25436997872954736,-0.09772317856550217,0.43259477615356445
T24_FCCP_10uM_08,True,0.937541975308642,194.3067626953125,75.0,0.2614493639132536,0.022808074951171875,0.4029274880886078
T24_FCCP_10uM_09,True,0.9114098765432099,168.72836303710938,75.0,0.263554498389417,-0.25447022914886475,0.4415218234062195
T24_FCCP_10uM_10,True,0.940183950617284,1274.633544921875,75.0,0.2558561563339982,0.28826430439949036,0.46812179684638977
T24_FCCP_10uM_11,True,0.932720987654321,177.37200927734375,75.0,0.2538318791164574,-0.17449542880058289,0.2765923738479614
T24_FCCP_10uM_12,True,0.9309049382716049,187.37852478027344,75.0,0.25903110341324587,0.0033179507590830326,0.3979148864746094
T24_FCCP_10uM_13,True,0.9163296296296296,194.18112182617188,75.0,0.2523513695944772,0.14346431195735931,0.5578514933586121
T24_FCCP_10uM_14,True,0.9291654320987655,200.60025024414062,75.0,0.2838349561002572,-0.23742111027240753,0.2475288063287735
T24_FCCP_10uM_15,True,0.9188567901234568,173.08493041992188,75.0,0.2510406113877416,-0.12491362541913986,0.25610414147377014
T24_FCCP_10uM_16,True,0.9366555555555556,200.7529296875,75.0,0.25281175076546314,0.1272631585597992,0.4729170799255371
T24_FCCP_10uM_17,True,0.9272358024691358,176.88604736328125,75.0,0.2504483657119728,-0.07963307201862335,0.36623573303222656
T24_FCCP_10uM_18,True,0.9135851851851852,182.13397216796875,75.0,0.25266890449240814,-0.14579011499881744,0.23029446601867676
T24_FCCP_10uM_19,True,0.9138740740740741,167.0950927734375,75.0,0.24998851720662812,-0.12974229454994202,0.3772551715373993
T24_FCCP_10uM_20,True,0.9085543209876543,174.75294494628906,75.0,0.25324046205544287,-0.010321192443370819,0.3419795036315918
T24_FCCP_10uM_21,True,0.9292172839506173,188.962158203125,75.0,0.25114725522343245,-0.010876917280256748,0.4388979375362396
T24_FCCP_10uM_22,True,0.9081641975308642,165.01316833496094,75.0,0.2502294005135853,-0.14808262884616852,0.33262407779693604
T24_FCCP_10uM_23,True,0.9306222222222222,209.1401824951172,75.0,0.253725106261044,0.08568739891052246,0.3799988925457001
T24_FCCP_10uM_24,True,0.9079086419753086,158.47821044921875,75.0,0.24932758231507493,-0.1936197280883789,0.2520088851451874
T24_FCCP_10uM_25,True,0.8988654320987655,161.29794311523438,75.0,0.24991999516537308,-0.08310740441083908,0.1901998221874237
T24_FCCP_10uM_26,True,0.9007827160493828,169.23834228515625,75.0,0.25530471441846186,-0.09614352881908417,0.10506749898195267
T24_FCCP_10uM_27,True,0.9150345679012346,190.481689453125,75.0,0.25058892735618166,-0.10450846701860428,0.40424516797065735
T24_FCCP_10uM_28,True,0.9229395061728395,184.52415466308594,75.0,0.250324713977482,-0.08302018791437149,0.39054927229881287
T24_FCCP_10uM_29,True,0.9026753086419753,166.95034790039062,75.0,0.2606914699377844,-0.27019304037094116,0.17351970076560974
T24_FCCP_10uM_30,True,0.9248740740740741,165.4390869140625,75.0,0.2567383213997768,-0.07106391340494156,0.2786841094493866
T24_FCCP_10uM_31,True,0.9022530864197531,172.8719940185547,75.0,0.2503732083604146,-0.21547989547252655,0.20267938077449799
T24_FCCP_10uM_32,True,0.9037271604938272,154.14566040039062,75.0,0.2501123604715178,-0.13357409834861755,0.2847185730934143
T24_FCCP_10uM_33,True,0.9141432098765432,181.96200561523438,75.0,0.2668369221128602,-0.09420832991600037,0.30722299218177795
T24_FCCP_10uM_34,True,0.9152,175.1537628173828,75.0,0.25460939523439524,-0.07213163375854492,0.3701229393482208
T24_FCCP_10uM_35,True,0.926262962962963,181.7118377685547,75.0,0.2514244814887381,0.024211864918470383,0.34664976596832275
T24_FCCP_10uM_36,True,0.9387851851851852,220.49154663085938,75.0,0.252185645751799,0.3138396739959717,0.43268194794654846
T24_FCCP_10uM_37,True,0.9371543209876543,1820.0430908203125,75.0,0.2547678485565048,0.1545330286026001,0.45138081908226013
T24_FCCP_10uM_38,True,0.9509888888888889,1806.447265625,75.0,0.2535813922090196,0.3561237156391144,0.5289835929870605
T24_FCCP_10uM_39,True,0.9399901234567901,2211.95849609375,75.0,0.25256503877109293,0.08653171360492706,0.3030039966106415
T24_FCCP_10uM_40,True,0.9379728395061728,391.4582214355469,75.0,0.25375580118932606,0.10144302994012833,0.37295806407928467
T24_FCCP_10uM_41,True,0.9358617283950618,928.0247802734375,75.0,0.25344173456034447,0.20139458775520325,0.5881316065788269
T24_FCCP_10uM_42,True,0.9461172839506173,2061.38818359375,75.0,0.25384058301961887,0.25616204738616943,0.44246649742126465
T24_FCCP_10uM_43,True,0.9515604938271605,206.29171752929688,75.0,0.26818455454587914,0.11148291081190109,0.4459875524044037
T24_FCCP_10uM_44,True,0.9611271604938272,1859.6055908203125,75.0,0.2561138991898658,0.18441908061504364,0.3762921094894409
T24_FCCP_10uM_45,True,0.9265987654320987,191.53514099121094,75.0,0.2550226835166446,0.02722693607211113,0.3610524833202362
T24_FCCP_10uM_46,True,0.9054086419753087,156.91168212890625,75.0,0.24997511525387214,-0.15694206953048706,0.253324955701828
T24_FCCP_10uM_47,True,0.902562962962963,172.54510498046875,75.0,0.2514704353582938,-0.2765965461730957,0.2577422559261322
T24_FCCP_10uM_48,True,0.8832283950617283,133.05242919921875,75.0,0.2492161892048671,-0.17023085057735443,0.14028482139110565
T24_FCCP_10uM_49,True,0.917579012345679,197.29104614257812,75.0,0.25323751848328735,0.017877686768770218,0.2876927852630615
T24_FCCP_10uM_50,True,0.906437037037037,167.67222595214844,75.0,0.2506285633343957,-0.24592113494873047,0.20457424223423004
T24_Staurosporine_100nM_01,True,0.8923567901234568,134.9276885986328,75.0,0.3041910103498988,-0.16890451312065125,0.1477760523557663
T24_Staurosporine_100nM_02,True,0.8934962962962963,139.29103088378906,75.0,0.2581314630277506,-0.14493945240974426,0.17358049750328064
T24_Staurosporine_100nM_03,True,0.8817814814814815,129.44921875,75.0,0.257209381120991,-0.23555351793766022,0.211038738489151
T24_Staurosporine_100nM_04,True,0.8829098765432098,130.2294464111328,75.0,0.2510665490235011,0.019867757335305214,0.14609026908874512
T24_Staurosporine_100nM_05,True,0.8796827160493828,127.47986602783203,75.0,0.25265282235598413,0.00016448313544970006,0.11616282165050507
T24_Staurosporine_100nM_06,True,0.8845888888888889,134.10275268554688,75.0,0.25052859876318356,-0.11120128631591797,0.15161173045635223
T24_Staurosporine_100nM_07,True,0.8891123456790123,138.82183837890625,75.0,0.3631392663788686,-0.23862476646900177,0.07765508443117142
T24_Staurosporine_100nM_08,True,0.8929111111111111,141.1494140625,75.0,0.30609547353779704,-0.16182805597782135,0.11374589800834656
T24_Staurosporine_100nM_09,True,0.9004876543209877,150.05848693847656,75.0,0.2803666052002002,-0.19578459858894348,0.15590743720531464
T24_Staurosporine_100nM_10,True,0.8939456790123457,137.323486328125,75.0,0.2812582861940958,-0.16394923627376556,0.11965276300907135
T24_Staurosporine_100nM_11,True,0.8941901234567902,138.02456665039062,75.0,0.26413169237906153,-0.1575835645198822,0.09008488059043884
T24_Staurosporine_100nM_12,True,0.9007864197530864,139.94760131835938,75.0,0.2639024610868144,-0.1594422161579132,0.1449999362230301
T24_Staurosporine_100nM_13,True,0.896941975308642,135.2266845703125,75.0,0.26609756332559326,-0.12668998539447784,0.19047877192497253
T24_Staurosporine_100nM_14,True,0.8951185185185185,142.70816040039062,75.0,0.25321427881817155,-0.20832370221614838,0.11969456821680069
T24_Staurosporine_100nM_15,True,0.8941419753086419,151.5196533203125,75.0,0.28890238935181667,-0.13229191303253174,0.24761517345905304
T24_Staurosporine_100nM_16,True,0.8902123456790123,142.79637145996094,75.0,0.25345457873832294,-0.16933394968509674,0.12037968635559082
T24_Staurosporine_100nM_17,True,0.8886938271604938,140.99468994140625,75.0,0.25013683558336414,-0.14060227572917938,0.09160944819450378
T24_Staurosporine_100nM_18,True,0.886720987654321,139.0752410888672,75.0,0.2717405227192987,-0.11271701008081436,0.054918576031923294
T24_Staurosporine_100nM_19,True,0.8932641975308642,143.03465270996094,75.0,0.25365008900633546,-0.09614387154579163,0.054962825030088425
T24_Staurosporine_100nM_20,True,0.8918962962962963,144.48460388183594,75.0,0.2590001051996301,-0.14455077052116394,0.26189619302749634
T24_Staurosporine_100nM_21,True,0.8992962962962963,146.87063598632812,75.0,0.3313647158958308,-0.09442887455224991,0.10072693973779678
T24_Staurosporine_100nM_22,True,0.8967938271604938,141.4067840576172,75.0,0.25546975989911935,-0.09611289948225021,0.2703918516635895
T24_Staurosporine_100nM_23,True,0.8935654320987654,140.94198608398438,75.0,0.3065082593245536,-0.21435630321502686,0.12035015225410461
T24_Staurosporine_100nM_24,True,0.9025049382716049,146.89334106445312,75.0,0.2544057759678481,-0.1156645119190216,0.2810094356536865
T24_Staurosporine_100nM_25,True,0.9061111111111111,140.92889404296875,75.0,0.25144219633490017,-0.07583191245794296,0.25240927934646606
T24_Staurosporine_100nM_26,True,0.9033,140.55751037597656,75.0,0.2637749377112453,-0.08355239778757095,0.24355150759220123
T24_Staurosporine_100nM_27,True,0.9098345679012345,158.06924438476562,75.0,0.2504118236119441,0.07546515762805939,0.31119972467422485
T24_Staurosporine_100nM_28,True,0.8945716049382716,139.04295349121094,75.0,0.30249529742493475,-0.21994546055793762,0.2029348462820053
T24_Staurosporine_100nM_29,True,0.8861864197530864,138.0198974609375,75.0,0.2632503542018721,-0.010579853318631649,0.08799928426742554
T24_Staurosporine_100nM_30,True,0.8952074074074075,157.63140869140625,75.0,0.27847605493174904,-0.13177074491977692,0.2173502892255783
T24_Staurosporine_100nM_31,True,0.8918592592592592,141.86109924316406,75.0,0.2501778778138609,-0.08959098905324936,0.1956714540719986
T24_Staurosporine_100nM_32,True,0.889558024691358,141.0498046875,75.0,0.2589828212651032,-0.057136014103889465,0.04140348359942436
T24_Staurosporine_100nM_33,True,0.9059222222222222,137.86566162109375,75.0,0.26798010894021096,-0.09790413081645966,0.19736561179161072
T24_Staurosporine_100nM_34,True,0.8859617283950617,137.00088500976562,75.0,0.2554537233027093,-0.009265538305044174,0.09388034045696259
T24_Staurosporine_100nM_35,True,0.8948320987654321,145.04458618164062,75.0,0.29028688739455916,-0.30640551447868347,0.14778707921504974
T24_Staurosporine_100nM_36,True,0.8889876543209877,142.30728149414062,75.0,0.2608085212754138,-0.030436145141720772,0.09935855865478516
T24_Staurosporine_100nM_37,True,0.9128876543209876,186.78111267089844,75.0,0.25065488836807365,0.10741286724805832,0.3145570456981659
T24_Staurosporine_100nM_38,True,0.892004938271605,139.03173828125,75.0,0.25849521953596005,-0.01587027497589588,0.11549315601587296
T24_Staurosporine_100nM_39,True,0.8971827160493827,143.4067840576172,75.0,0.2629919721267397,-0.2796376049518585,0.09050792455673218
T24_Staurosporine_100nM_40,True,0.899662962962963,150.56329345703125,75.0,0.27900709044676536,-0.21830639243125916,0.1862078160047531
T24_Staurosporine_100nM_41,True,0.887637037037037,126.8323974609375,75.0,0.2563262706088853,-0.08893480896949768,0.13640232384204865
T24_Staurosporine_100nM_42,True,0.8991098765432098,133.7173309326172,75.0,0.250811845460325,-0.1820894479751587,0.17934492230415344
T24_Staurosporine_100nM_43,True,0.8958765432098765,136.29379272460938,75.0,0.2522875726924455,-0.16611868143081665,0.16255426406860352
T24_Staurosporine_100nM_44,True,0.8977777777777778,148.43190002441406,75.0,0.25346259625962597,-0.2049739509820938,0.1721399575471878
T24_Staurosporine_100nM_45,True,0.8948234567901234,140.99986267089844,75.0,0.27270983861910825,-0.08286387473344803,0.19987864792346954
T24_Staurosporine_100nM_46,True,0.9110469135802469,147.93856811523438,75.0,0.25336609083566863,-0.052151791751384735,0.2558407187461853
T24_Staurosporine_100nM_47,True,0.9006604938271605,149.6522216796875,75.0,0.2543524299725167,0.06457912176847458,0.31609034538269043
T24_Staurosporine_100nM_48,True,0.9098333333333334,152.05902099609375,75.0,0.2527460598535887,-0.05022551491856575,0.2118433564901352
T24_Staurosporine_100nM_49,True,0.8984271604938272,136.7155303955078,75.0,0.2636651706823722,-0.01718444749712944,0.2803342044353485
T24_Staurosporine_100nM_50,True,0.8904358024691358,131.2716064453125,75.0,0.2685077219782795,-0.1482572853565216,0.1588089019060135
T24_rotenone_500nM_01,True,0.8877111111111111,134.23770141601562,75.0,0.2527682512662611,0.4342690706253052,0.76534104347229
T24_rotenone_500nM_02,True,0.8821765432098766,126.40786743164062,75.0,0.25313093457119945,-0.03040527179837227,0.21246860921382904
T24_rotenone_500nM_03,True,0.8868753086419753,127.54832458496094,75.0,0.25050635536889815,0.020025886595249176,0.5126271843910217
T24_rotenone_500nM_04,True,0.884320987654321,130.81796264648438,75.0,0.256096607566662,0.03059440664947033,0.4823319911956787
T24_rotenone_500nM_05,True,0.8899654320987654,136.76199340820312,75.0,0.2518824423753454,-0.09695518761873245,0.3845042884349823
T24_rotenone_500nM_06,True,0.8859320987654321,132.29302978515625,75.0,0.25403390444603924,-0.21955788135528564,0.36007800698280334
T24_rotenone_500nM_07,True,0.8909370370370371,142.21656799316406,75.0,0.2554932454247782,-0.05441427230834961,0.33948221802711487
T24_rotenone_500nM_08,True,0.8872098765432099,137.11825561523438,75.0,0.255190359568073,-0.009790421463549137,0.33941227197647095
T24_rotenone_500nM_09,True,0.8789160493827161,125.69789123535156,75.0,0.2569818041864137,-0.21163113415241241,0.4113474190235138
T24_rotenone_500nM_10,True,0.8808592592592592,129.49563598632812,75.0,0.25181640822092904,-0.0057373750023543835,0.3688713610172272
T24_rotenone_500nM_11,True,0.876958024691358,124.22773742675781,75.0,0.26178737949364805,-0.04044070467352867,0.23243220150470734
T24_rotenone_500nM_12,True,0.8844098765432099,130.48529052734375,75.0,0.25735930494212506,-0.13267838954925537,0.2305401712656021
T24_rotenone_500nM_13,True,0.8888246913580247,135.5020751953125,75.0,0.258324212304222,-0.001254518167115748,0.24262742698192596
T24_rotenone_500nM_14,True,0.8772222222222222,123.56208801269531,75.0,0.25153894870170995,-0.03340372443199158,0.29671087861061096
T24_rotenone_500nM_15,True,0.8846493827160494,135.55068969726562,75.0,0.25244708791653525,0.06349975615739822,0.4928710460662842
T24_rotenone_500nM_16,True,0.8871037037037037,136.63357543945312,75.0,0.25375963393147905,-0.01745610497891903,0.40790894627571106
T24_rotenone_500nM_17,True,0.8787691358024692,127.19761657714844,75.0,0.25843386442597177,-0.07652931660413742,0.25586840510368347
T24_rotenone_500nM_18,True,0.884667901234568,134.70828247070312,75.0,0.25333912007156206,-0.042333345860242844,0.3061849772930145
T24_rotenone_500nM_19,True,0.8905012345679012,141.59963989257812,75.0,0.2505746520894045,-0.01463601365685463,0.3600187301635742
T24_rotenone_500nM_20,True,0.8836111111111111,124.80137634277344,75.0,0.2514275734395194,0.14594103395938873,0.6599085330963135
T24_rotenone_500nM_21,True,0.878120987654321,122.82203674316406,75.0,0.25489752248769115,0.04328393563628197,0.26722267270088196
T24_rotenone_500nM_22,True,0.8920666666666667,138.24623107910156,75.0,0.24916479142620687,-0.0541478767991066,0.2761508822441101
T24_rotenone_500nM_23,True,0.8955012345679012,147.587646484375,75.0,0.25557932932242927,0.2232331931591034,0.510677695274353
T24_rotenone_500nM_24,True,0.8918197530864198,145.5294952392578,75.0,0.2514445425776675,0.21547169983386993,0.536771297454834
T24_rotenone_500nM_25,True,0.8885456790123457,132.9051513671875,75.0,0.25799961651860026,0.004387293476611376,0.5551733374595642
T24_rotenone_500nM_26,True,0.891737037037037,147.04476928710938,75.0,0.2519178133397572,0.296067476272583,0.601920485496521
T24_rotenone_500nM_27,True,0.8941098765432098,143.885498046875,75.0,0.2533521855656153,0.21303676068782806,0.4936852753162384
T24_rotenone_500nM_28,True,0.8865,133.13035583496094,75.0,0.2539951118631322,0.262494295835495,0.6624616980552673
T24_rotenone_500nM_29,True,0.8877617283950617,136.66969299316406,75.0,0.25031185378125315,-0.19553880393505096,0.3025311827659607
T24_rotenone_500nM_30,True,0.8878506172839506,141.11062622070312,75.0,0.25799023581711417,0.18983997404575348,0.4834892749786377
T24_rotenone_500nM_31,True,0.8784444444444445,123.71905517578125,75.0,0.2531860471653034,-0.15284189581871033,0.33040711283683777
T24_rotenone_500nM_32,True,0.8838716049382717,131.29527282714844,75.0,0.24921222008671165,-0.1198054775595665,0.2846444249153137
T24_rotenone_500nM_33,True,0.8866345679012345,137.67453002929688,75.0,0.25011905192891976,0.018781138584017754,0.47299641370773315
T24_rotenone_500nM_34,True,0.8838197530864198,132.00653076171875,75.0,0.2531561935146823,-0.20515571534633636,0.2843843996524811
T24_rotenone_500nM_35,True,0.8857913580246913,135.62054443359375,75.0,0.26150153799838605,0.01468988973647356,0.3409731686115265
T24_rotenone_500nM_36,True,0.885753086419753,136.10134887695312,75.0,0.25581774593705575,-0.0075676897540688515,0.19340203702449799
T24_rotenone_500nM_37,True,0.882104938271605,129.9981231689453,75.0,0.2551416715068474,-0.06568806618452072,0.20333953201770782
T24_rotenone_500nM_38,True,0.8853407407407408,136.37635803222656,75.0,0.2551141640381188,-0.14116723835468292,0.1924554854631424
T24_rotenone_500nM_39,True,0.880220987654321,126.84117889404297,75.0,0.25123601115881394,-0.10615089535713196,0.3856818675994873
T24_rotenone_500nM_40,True,0.8840753086419753,135.37481689453125,75.0,0.25529778620613575,0.05614377558231354,0.40533456206321716
T24_rotenone_500nM_41,True,0.8922358024691358,145.76651000976562,75.0,0.2509523170395912,0.00510684447363019,0.4469785988330841
T24_rotenone_500nM_42,True,0.887904938271605,140.215087890625,75.0,0.2529605688519097,0.16485905647277832,0.5217944979667664
T24_rotenone_500nM_43,True,0.8862086419753087,131.03228759765625,75.0,0.24979068831156168,-0.03233974799513817,0.46331727504730225
T24_rotenone_500nM_44,True,0.8863061728395062,135.8133544921875,75.0,0.2511310641474952,0.22859477996826172,0.49931707978248596
T24_rotenone_500nM_45,True,0.8882777777777778,136.43516540527344,75.0,0.25084606778271173,-0.15584900975227356,0.26253652572631836
T24_rotenone_500nM_46,True,0.8842333333333333,127.77108764648438,75.0,0.25034172031570906,-0.023139551281929016,0.512663722038269
T24_rotenone_500nM_47,True,0.8921283950617284,141.97036743164062,75.0,0.25215603135240455,0.218054860830307,0.564831554889679
T24_rotenone_500nM_48,True,0.8831358024691358,130.31942749023438,75.0,0.2509184443761009,-0.16686268150806427,0.30152618885040283
T24_rotenone_500nM_49,True,0.886179012345679,132.82196044921875,75.0,0.2493393052430674,-0.16007430851459503,0.29303616285324097
T24_rotenone_500nM_50,True,0.8911037037037037,148.82159423828125,75.0,0.2561007711341463,0.06032569333910942,0.33889803290367126
