arm,label,comparator,dry_mass_mape,dry_mass_mape_coverage_adjusted,area_mape,detection_recall,detection_precision,seg_dice,phase_mae_rad
A,A  baseline,,0.1749886606808202,0.5085149020628363,0.1557928801207174,0.5957313245448839,0.8611615245009074,0.8352199330236699,0.15678428166208014
B,B  + per-cell mass,A,0.18753635108105524,0.5131848381085168,0.162103249588281,0.5991839296924043,0.8200171821305842,0.832587189137541,0.1631700458516062
B1,B' + image-level volume,A,0.18952358249181303,0.5230247072103419,0.1585052549674867,0.588512241054614,0.8542141230068337,0.8289161650253839,0.16472144154584514
B2,"B"" + per-cell area",B,0.1849549765924266,0.507544987426372,0.17790516106653226,0.6042059008160703,0.7957833815626292,0.8293935252497245,0.1646352097128345
C,C  + boundary gradient,B,0.1920954548933096,0.5181987960757339,0.16520754411400174,0.5963590709353421,0.818260120585702,0.8308831533498945,0.16541830845902453
D0,D0 + amplitude,B,0.18569838092909868,0.5156617802450226,0.15907378128011326,0.5947897049591965,0.8282342657342657,0.8297258898882734,0.16329540556247255
D1,D1 + forward model,D0,0.18546513472406215,0.5081088886406452,0.16850753674727895,0.6038920276208412,0.8296679603277275,0.8317859208176824,0.1647409099129449
W01,w = 0.1,A,0.17542075698424575,0.5157602750525812,0.15044354535435034,0.5872567482736974,0.8427927927927928,0.8330896452247895,0.15665839210284493
W03,w = 0.3,A,0.1880525632705589,0.5196105090285636,0.15640130426726243,0.5916509730069052,0.8388963061860258,0.832767975701129,0.16195135959218035
W10,w = 1.0 (= arm B),A,0.18721310126191695,0.5142667121163496,0.16400349726450927,0.5976145637162587,0.8185726569217541,0.8310593513682031,0.16479927017889193
W30,w = 3.0,A,0.1962773988172371,0.5196836683452666,0.17293658861120667,0.5976145637162587,0.7854785478547854,0.8164448057330084,0.18128903309064628
KA,KA compact baseline,A,0.17401405370837444,0.512341630579238,0.15084148783351653,0.5903954802259888,0.8495934959349594,0.834473815305315,0.1561635750453029
KB,KB compact + per-cell,B,0.18865331612344374,0.5087609060898064,0.16557198230442588,0.6054613935969868,0.8173728813559322,0.8306227193167138,0.16524306064949626
D2,"D2 + forward model, z free",D1,0.19198360520601848,0.5211754697517147,0.1583394332764806,0.5925925925925926,0.8248143294014854,0.828980436352749,0.16361874058447054
