modality,metric,experiment,mean,sd,runs,baseline,baseline_mean,baseline_sd,baseline_runs,difference,pooled_sd,threshold,verdict
off_axis,phase_mae_rad,v2_amplitude,0.16329540556247255,nan,1,v2_baseline,0.15679374702033042,0.0023393371082937784,3,0.00650165854214213,nan,nan,unresolvable (needs 2+ runs per arm (have 3 and 1))
off_axis,phase_mae_rad,v2_cell_ipp,0.16559997950419567,0.003215698626026429,3,v2_baseline,0.15679374702033042,0.0023393371082937784,3,0.00880623248386525,0.0028118691078772282,0.0056237382157544565,RESOLVED
off_axis,phase_mae_rad,v2_cell_ipp_area,0.1646352097128345,nan,1,v2_baseline,0.15679374702033042,0.0023393371082937784,3,0.007841462692504075,nan,nan,unresolvable (needs 2+ runs per arm (have 3 and 1))
off_axis,phase_mae_rad,v2_cell_ipp_bga,0.16541830845902453,nan,1,v2_baseline,0.15679374702033042,0.0023393371082937784,3,0.008624561438694112,nan,nan,unresolvable (needs 2+ runs per arm (have 3 and 1))
off_axis,phase_mae_rad,v2_compact_baseline,0.1561635750453029,nan,1,v2_baseline,0.15679374702033042,0.0023393371082937784,3,-0.0006301719750275159,nan,nan,unresolvable (needs 2+ runs per arm (have 3 and 1))
off_axis,phase_mae_rad,v2_compact_cell_ipp,0.16524306064949626,nan,1,v2_baseline,0.15679374702033042,0.0023393371082937784,3,0.008449313629165844,nan,nan,unresolvable (needs 2+ runs per arm (have 3 and 1))
off_axis,phase_mae_rad,v2_forward_amplitude,0.1647409099129449,nan,1,v2_baseline,0.15679374702033042,0.0023393371082937784,3,0.00794716289261449,nan,nan,unresolvable (needs 2+ runs per arm (have 3 and 1))
off_axis,phase_mae_rad,v2_image_volume,0.16444739503758496,0.0015459469938263362,3,v2_baseline,0.15679374702033042,0.0023393371082937784,3,0.007653648017254544,0.0019827317284444946,0.003965463456888989,RESOLVED
off_axis,phase_mae_rad,v2_ipp_w01,0.15665839210284493,nan,1,v2_baseline,0.15679374702033042,0.0023393371082937784,3,-0.00013535491748548067,nan,nan,unresolvable (needs 2+ runs per arm (have 3 and 1))
off_axis,phase_mae_rad,v2_ipp_w03,0.16195135959218035,nan,1,v2_baseline,0.15679374702033042,0.0023393371082937784,3,0.005157612571849934,nan,nan,unresolvable (needs 2+ runs per arm (have 3 and 1))
off_axis,phase_mae_rad,v2_ipp_w10,0.16479927017889193,nan,1,v2_baseline,0.15679374702033042,0.0023393371082937784,3,0.008005523158561512,nan,nan,unresolvable (needs 2+ runs per arm (have 3 and 1))
off_axis,phase_mae_rad,v2_ipp_w30,0.18128903309064628,nan,1,v2_baseline,0.15679374702033042,0.0023393371082937784,3,0.02449528607031587,nan,nan,unresolvable (needs 2+ runs per arm (have 3 and 1))
off_axis,phase_mae_rad,v2_learned_z,0.16361874058447054,nan,1,v2_baseline,0.15679374702033042,0.0023393371082937784,3,0.006824993564140125,nan,nan,unresolvable (needs 2+ runs per arm (have 3 and 1))
off_axis,phase_pearson_r,v2_amplitude,0.8631481760371048,nan,1,v2_baseline,0.8741126907082787,0.0022648801289449146,3,-0.010964514671173875,nan,nan,unresolvable (needs 2+ runs per arm (have 3 and 1))
off_axis,phase_pearson_r,v2_cell_ipp,0.8635592741952182,0.001873971376113332,3,v2_baseline,0.8741126907082787,0.0022648801289449146,3,-0.01055341651306052,0.002078635455891873,0.004157270911783746,RESOLVED
off_axis,phase_pearson_r,v2_cell_ipp_area,0.8647011423532942,nan,1,v2_baseline,0.8741126907082787,0.0022648801289449146,3,-0.009411548354984478,nan,nan,unresolvable (needs 2+ runs per arm (have 3 and 1))
off_axis,phase_pearson_r,v2_cell_ipp_bga,0.8635439129002327,nan,1,v2_baseline,0.8741126907082787,0.0022648801289449146,3,-0.010568777808045993,nan,nan,unresolvable (needs 2+ runs per arm (have 3 and 1))
off_axis,phase_pearson_r,v2_compact_baseline,0.8752454318831452,nan,1,v2_baseline,0.8741126907082787,0.0022648801289449146,3,0.0011327411748665028,nan,nan,unresolvable (needs 2+ runs per arm (have 3 and 1))
off_axis,phase_pearson_r,v2_compact_cell_ipp,0.8643530459530586,nan,1,v2_baseline,0.8741126907082787,0.0022648801289449146,3,-0.009759644755220065,nan,nan,unresolvable (needs 2+ runs per arm (have 3 and 1))
off_axis,phase_pearson_r,v2_forward_amplitude,0.8646814591061752,nan,1,v2_baseline,0.8741126907082787,0.0022648801289449146,3,-0.009431231602103463,nan,nan,unresolvable (needs 2+ runs per arm (have 3 and 1))
off_axis,phase_pearson_r,v2_image_volume,0.8654539108628017,0.0005472839504057183,3,v2_baseline,0.8741126907082787,0.0022648801289449146,3,-0.008658779845477027,0.0016476045825472233,0.0032952091650944467,RESOLVED
off_axis,phase_pearson_r,v2_ipp_w01,0.8753464475142217,nan,1,v2_baseline,0.8741126907082787,0.0022648801289449146,3,0.0012337568059430648,nan,nan,unresolvable (needs 2+ runs per arm (have 3 and 1))
off_axis,phase_pearson_r,v2_ipp_w03,0.8713256632332254,nan,1,v2_baseline,0.8741126907082787,0.0022648801289449146,3,-0.0027870274750533275,nan,nan,unresolvable (needs 2+ runs per arm (have 3 and 1))
off_axis,phase_pearson_r,v2_ipp_w10,0.8638974887079898,nan,1,v2_baseline,0.8741126907082787,0.0022648801289449146,3,-0.010215202000288914,nan,nan,unresolvable (needs 2+ runs per arm (have 3 and 1))
off_axis,phase_pearson_r,v2_ipp_w30,0.8150756388111452,nan,1,v2_baseline,0.8741126907082787,0.0022648801289449146,3,-0.059037051897133486,nan,nan,unresolvable (needs 2+ runs per arm (have 3 and 1))
off_axis,phase_pearson_r,v2_learned_z,0.8637638835780388,nan,1,v2_baseline,0.8741126907082787,0.0022648801289449146,3,-0.01034880713023989,nan,nan,unresolvable (needs 2+ runs per arm (have 3 and 1))
off_axis,seg_dice,v2_amplitude,0.8297258898882734,nan,1,v2_baseline,0.8337458751814576,0.0012777353597661545,3,-0.004019985293184147,nan,nan,unresolvable (needs 2+ runs per arm (have 3 and 1))
off_axis,seg_dice,v2_cell_ipp,0.8294052923743043,0.00317831458351406,3,v2_baseline,0.8337458751814576,0.0012777353597661545,3,-0.004340582807153326,0.002422219152076758,0.004844438304153516,within seed noise
off_axis,seg_dice,v2_cell_ipp_area,0.8293935252497245,nan,1,v2_baseline,0.8337458751814576,0.0012777353597661545,3,-0.004352349931733057,nan,nan,unresolvable (needs 2+ runs per arm (have 3 and 1))
off_axis,seg_dice,v2_cell_ipp_bga,0.8308831533498945,nan,1,v2_baseline,0.8337458751814576,0.0012777353597661545,3,-0.0028627218315631087,nan,nan,unresolvable (needs 2+ runs per arm (have 3 and 1))
off_axis,seg_dice,v2_compact_baseline,0.834473815305315,nan,1,v2_baseline,0.8337458751814576,0.0012777353597661545,3,0.0007279401238573513,nan,nan,unresolvable (needs 2+ runs per arm (have 3 and 1))
off_axis,seg_dice,v2_compact_cell_ipp,0.8306227193167138,nan,1,v2_baseline,0.8337458751814576,0.0012777353597661545,3,-0.003123155864743765,nan,nan,unresolvable (needs 2+ runs per arm (have 3 and 1))
off_axis,seg_dice,v2_forward_amplitude,0.8317859208176824,nan,1,v2_baseline,0.8337458751814576,0.0012777353597661545,3,-0.0019599543637751626,nan,nan,unresolvable (needs 2+ runs per arm (have 3 and 1))
off_axis,seg_dice,v2_image_volume,0.8293958152706802,0.0004228309499957588,3,v2_baseline,0.8337458751814576,0.0012777353597661545,3,-0.004350059910777415,0.0009516810552572379,0.0019033621105144758,RESOLVED
off_axis,seg_dice,v2_ipp_w01,0.8330896452247895,nan,1,v2_baseline,0.8337458751814576,0.0012777353597661545,3,-0.0006562299566681418,nan,nan,unresolvable (needs 2+ runs per arm (have 3 and 1))
off_axis,seg_dice,v2_ipp_w03,0.832767975701129,nan,1,v2_baseline,0.8337458751814576,0.0012777353597661545,3,-0.000977899480328559,nan,nan,unresolvable (needs 2+ runs per arm (have 3 and 1))
off_axis,seg_dice,v2_ipp_w10,0.8310593513682031,nan,1,v2_baseline,0.8337458751814576,0.0012777353597661545,3,-0.0026865238132545155,nan,nan,unresolvable (needs 2+ runs per arm (have 3 and 1))
off_axis,seg_dice,v2_ipp_w30,0.8164448057330084,nan,1,v2_baseline,0.8337458751814576,0.0012777353597661545,3,-0.017301069448449224,nan,nan,unresolvable (needs 2+ runs per arm (have 3 and 1))
off_axis,seg_dice,v2_learned_z,0.828980436352749,nan,1,v2_baseline,0.8337458751814576,0.0012777353597661545,3,-0.0047654388287086125,nan,nan,unresolvable (needs 2+ runs per arm (have 3 and 1))
off_axis,seg_aji,v2_amplitude,0.6635204434884399,nan,1,v2_baseline,0.6709657600452449,0.0025410673118453787,3,-0.007445316556805026,nan,nan,unresolvable (needs 2+ runs per arm (have 3 and 1))
off_axis,seg_aji,v2_cell_ipp,0.6615856293869485,0.005946945220592422,3,v2_baseline,0.6709657600452449,0.0025410673118453787,3,-0.009380130658296348,0.004572919228460971,0.009145838456921941,RESOLVED
off_axis,seg_aji,v2_cell_ipp_area,0.659184603746539,nan,1,v2_baseline,0.6709657600452449,0.0025410673118453787,3,-0.011781156298705908,nan,nan,unresolvable (needs 2+ runs per arm (have 3 and 1))
off_axis,seg_aji,v2_cell_ipp_bga,0.6624250036616907,nan,1,v2_baseline,0.6709657600452449,0.0025410673118453787,3,-0.008540756383554227,nan,nan,unresolvable (needs 2+ runs per arm (have 3 and 1))
off_axis,seg_aji,v2_compact_baseline,0.6726349087788231,nan,1,v2_baseline,0.6709657600452449,0.0025410673118453787,3,0.0016691487335782629,nan,nan,unresolvable (needs 2+ runs per arm (have 3 and 1))
off_axis,seg_aji,v2_compact_cell_ipp,0.6654345099199348,nan,1,v2_baseline,0.6709657600452449,0.0025410673118453787,3,-0.005531250125310083,nan,nan,unresolvable (needs 2+ runs per arm (have 3 and 1))
off_axis,seg_aji,v2_forward_amplitude,0.668110348888724,nan,1,v2_baseline,0.6709657600452449,0.0025410673118453787,3,-0.0028554111565208817,nan,nan,unresolvable (needs 2+ runs per arm (have 3 and 1))
off_axis,seg_aji,v2_image_volume,0.6631811193337137,0.0009217174413668173,3,v2_baseline,0.6709657600452449,0.0025410673118453787,3,-0.007784640711531177,0.001911358957005315,0.00382271791401063,RESOLVED
off_axis,seg_aji,v2_ipp_w01,0.6674084933206469,nan,1,v2_baseline,0.6709657600452449,0.0025410673118453787,3,-0.003557266724597996,nan,nan,unresolvable (needs 2+ runs per arm (have 3 and 1))
off_axis,seg_aji,v2_ipp_w03,0.6679503211504578,nan,1,v2_baseline,0.6709657600452449,0.0025410673118453787,3,-0.003015438894787059,nan,nan,unresolvable (needs 2+ runs per arm (have 3 and 1))
off_axis,seg_aji,v2_ipp_w10,0.662029629652121,nan,1,v2_baseline,0.6709657600452449,0.0025410673118453787,3,-0.008936130393123909,nan,nan,unresolvable (needs 2+ runs per arm (have 3 and 1))
off_axis,seg_aji,v2_ipp_w30,0.6395787055062165,nan,1,v2_baseline,0.6709657600452449,0.0025410673118453787,3,-0.03138705453902835,nan,nan,unresolvable (needs 2+ runs per arm (have 3 and 1))
off_axis,seg_aji,v2_learned_z,0.6626338566952547,nan,1,v2_baseline,0.6709657600452449,0.0025410673118453787,3,-0.008331903349990233,nan,nan,unresolvable (needs 2+ runs per arm (have 3 and 1))
off_axis,seg_boundary_f1,v2_amplitude,0.4560981253803428,nan,1,v2_baseline,0.4686802510669446,0.0053132150427403916,3,-0.01258212568660183,nan,nan,unresolvable (needs 2+ runs per arm (have 3 and 1))
off_axis,seg_boundary_f1,v2_cell_ipp,0.45179624476658004,0.009331494421526186,3,v2_baseline,0.4686802510669446,0.0053132150427403916,3,-0.016884006300364574,0.007592991578731571,0.015185983157463142,RESOLVED
off_axis,seg_boundary_f1,v2_cell_ipp_area,0.4505101686642886,nan,1,v2_baseline,0.4686802510669446,0.0053132150427403916,3,-0.018170082402655996,nan,nan,unresolvable (needs 2+ runs per arm (have 3 and 1))
off_axis,seg_boundary_f1,v2_cell_ipp_bga,0.45169959847214486,nan,1,v2_baseline,0.4686802510669446,0.0053132150427403916,3,-0.01698065259479975,nan,nan,unresolvable (needs 2+ runs per arm (have 3 and 1))
off_axis,seg_boundary_f1,v2_compact_baseline,0.47537199799302393,nan,1,v2_baseline,0.4686802510669446,0.0053132150427403916,3,0.006691746926079323,nan,nan,unresolvable (needs 2+ runs per arm (have 3 and 1))
off_axis,seg_boundary_f1,v2_compact_cell_ipp,0.4533805434951823,nan,1,v2_baseline,0.4686802510669446,0.0053132150427403916,3,-0.0152997075717623,nan,nan,unresolvable (needs 2+ runs per arm (have 3 and 1))
off_axis,seg_boundary_f1,v2_forward_amplitude,0.4557751001622519,nan,1,v2_baseline,0.4686802510669446,0.0053132150427403916,3,-0.012905150904692686,nan,nan,unresolvable (needs 2+ runs per arm (have 3 and 1))
off_axis,seg_boundary_f1,v2_image_volume,0.44766121576437873,0.0027721531950051035,3,v2_baseline,0.4686802510669446,0.0053132150427403916,3,-0.02101903530256588,0.004237634211855701,0.008475268423711402,RESOLVED
off_axis,seg_boundary_f1,v2_ipp_w01,0.470239686067798,nan,1,v2_baseline,0.4686802510669446,0.0053132150427403916,3,0.0015594350008533708,nan,nan,unresolvable (needs 2+ runs per arm (have 3 and 1))
off_axis,seg_boundary_f1,v2_ipp_w03,0.46630748156760193,nan,1,v2_baseline,0.4686802510669446,0.0053132150427403916,3,-0.002372769499342675,nan,nan,unresolvable (needs 2+ runs per arm (have 3 and 1))
off_axis,seg_boundary_f1,v2_ipp_w10,0.4572198690744761,nan,1,v2_baseline,0.4686802510669446,0.0053132150427403916,3,-0.011460381992468516,nan,nan,unresolvable (needs 2+ runs per arm (have 3 and 1))
off_axis,seg_boundary_f1,v2_ipp_w30,0.42777519928967406,nan,1,v2_baseline,0.4686802510669446,0.0053132150427403916,3,-0.04090505177727055,nan,nan,unresolvable (needs 2+ runs per arm (have 3 and 1))
off_axis,seg_boundary_f1,v2_learned_z,0.4565190853059934,nan,1,v2_baseline,0.4686802510669446,0.0053132150427403916,3,-0.01216116576095122,nan,nan,unresolvable (needs 2+ runs per arm (have 3 and 1))
off_axis,dry_mass_mape,v2_amplitude,0.18569838092909868,nan,1,v2_baseline,0.17420637709436515,0.004464962806975429,3,0.011492003834733533,nan,nan,unresolvable (needs 2+ runs per arm (have 3 and 1))
off_axis,dry_mass_mape,v2_cell_ipp,0.18830453431459573,0.005191359566494993,3,v2_baseline,0.17420637709436515,0.004464962806975429,3,0.014098157220230584,0.004841802712642935,0.00968360542528587,RESOLVED
off_axis,dry_mass_mape,v2_cell_ipp_area,0.1849549765924266,nan,1,v2_baseline,0.17420637709436515,0.004464962806975429,3,0.01074859949806145,nan,nan,unresolvable (needs 2+ runs per arm (have 3 and 1))
off_axis,dry_mass_mape,v2_cell_ipp_bga,0.1920954548933096,nan,1,v2_baseline,0.17420637709436515,0.004464962806975429,3,0.01788907779894444,nan,nan,unresolvable (needs 2+ runs per arm (have 3 and 1))
off_axis,dry_mass_mape,v2_compact_baseline,0.17401405370837444,nan,1,v2_baseline,0.17420637709436515,0.004464962806975429,3,-0.00019232338599070586,nan,nan,unresolvable (needs 2+ runs per arm (have 3 and 1))
off_axis,dry_mass_mape,v2_compact_cell_ipp,0.18865331612344374,nan,1,v2_baseline,0.17420637709436515,0.004464962806975429,3,0.014446939029078593,nan,nan,unresolvable (needs 2+ runs per arm (have 3 and 1))
off_axis,dry_mass_mape,v2_forward_amplitude,0.18546513472406215,nan,1,v2_baseline,0.17420637709436515,0.004464962806975429,3,0.011258757629696997,nan,nan,unresolvable (needs 2+ runs per arm (have 3 and 1))
off_axis,dry_mass_mape,v2_image_volume,0.1886938793534839,0.0012527805838134592,3,v2_baseline,0.17420637709436515,0.004464962806975429,3,0.01448750225911874,0.0032791273274191328,0.0065582546548382656,RESOLVED
off_axis,dry_mass_mape,v2_ipp_w01,0.17542075698424575,nan,1,v2_baseline,0.17420637709436515,0.004464962806975429,3,0.0012143798898806013,nan,nan,unresolvable (needs 2+ runs per arm (have 3 and 1))
off_axis,dry_mass_mape,v2_ipp_w03,0.1880525632705589,nan,1,v2_baseline,0.17420637709436515,0.004464962806975429,3,0.013846186176193737,nan,nan,unresolvable (needs 2+ runs per arm (have 3 and 1))
off_axis,dry_mass_mape,v2_ipp_w10,0.18721310126191695,nan,1,v2_baseline,0.17420637709436515,0.004464962806975429,3,0.013006724167551803,nan,nan,unresolvable (needs 2+ runs per arm (have 3 and 1))
off_axis,dry_mass_mape,v2_ipp_w30,0.1962773988172371,nan,1,v2_baseline,0.17420637709436515,0.004464962806975429,3,0.022071021722871953,nan,nan,unresolvable (needs 2+ runs per arm (have 3 and 1))
off_axis,dry_mass_mape,v2_learned_z,0.19198360520601848,nan,1,v2_baseline,0.17420637709436515,0.004464962806975429,3,0.01777722811165333,nan,nan,unresolvable (needs 2+ runs per arm (have 3 and 1))
off_axis,area_mape,v2_amplitude,0.15907378128011326,nan,1,v2_baseline,0.15677843737686237,0.002680662602976521,3,0.002295343903250896,nan,nan,unresolvable (needs 2+ runs per arm (have 3 and 1))
off_axis,area_mape,v2_cell_ipp,0.1678563395691409,0.0059439386622444955,3,v2_baseline,0.15677843737686237,0.002680662602976521,3,0.011077902192278527,0.004610659324409131,0.009221318648818262,RESOLVED
off_axis,area_mape,v2_cell_ipp_area,0.17790516106653226,nan,1,v2_baseline,0.15677843737686237,0.002680662602976521,3,0.02112672368966989,nan,nan,unresolvable (needs 2+ runs per arm (have 3 and 1))
off_axis,area_mape,v2_cell_ipp_bga,0.16520754411400174,nan,1,v2_baseline,0.15677843737686237,0.002680662602976521,3,0.008429106737139369,nan,nan,unresolvable (needs 2+ runs per arm (have 3 and 1))
off_axis,area_mape,v2_compact_baseline,0.15084148783351653,nan,1,v2_baseline,0.15677843737686237,0.002680662602976521,3,-0.0059369495433458375,nan,nan,unresolvable (needs 2+ runs per arm (have 3 and 1))
off_axis,area_mape,v2_compact_cell_ipp,0.16557198230442588,nan,1,v2_baseline,0.15677843737686237,0.002680662602976521,3,0.008793544927563512,nan,nan,unresolvable (needs 2+ runs per arm (have 3 and 1))
off_axis,area_mape,v2_forward_amplitude,0.16850753674727895,nan,1,v2_baseline,0.15677843737686237,0.002680662602976521,3,0.011729099370416579,nan,nan,unresolvable (needs 2+ runs per arm (have 3 and 1))
off_axis,area_mape,v2_image_volume,0.1596642221726051,0.001404061155073612,3,v2_baseline,0.15677843737686237,0.002680662602976521,3,0.002885784795742724,0.0021397826663219215,0.004279565332643843,within seed noise
off_axis,area_mape,v2_ipp_w01,0.15044354535435034,nan,1,v2_baseline,0.15677843737686237,0.002680662602976521,3,-0.006334892022512029,nan,nan,unresolvable (needs 2+ runs per arm (have 3 and 1))
off_axis,area_mape,v2_ipp_w03,0.15640130426726243,nan,1,v2_baseline,0.15677843737686237,0.002680662602976521,3,-0.00037713310959994195,nan,nan,unresolvable (needs 2+ runs per arm (have 3 and 1))
off_axis,area_mape,v2_ipp_w10,0.16400349726450927,nan,1,v2_baseline,0.15677843737686237,0.002680662602976521,3,0.007225059887646906,nan,nan,unresolvable (needs 2+ runs per arm (have 3 and 1))
off_axis,area_mape,v2_ipp_w30,0.17293658861120667,nan,1,v2_baseline,0.15677843737686237,0.002680662602976521,3,0.016158151234344303,nan,nan,unresolvable (needs 2+ runs per arm (have 3 and 1))
off_axis,area_mape,v2_learned_z,0.1583394332764806,nan,1,v2_baseline,0.15677843737686237,0.002680662602976521,3,0.0015609958996182227,nan,nan,unresolvable (needs 2+ runs per arm (have 3 and 1))
off_axis,detection_f1,v2_amplitude,0.6923639020825721,nan,1,v2_baseline,0.698254434171206,0.005334961519229081,3,-0.005890532088633882,nan,nan,unresolvable (needs 2+ runs per arm (have 3 and 1))
off_axis,detection_f1,v2_cell_ipp,0.6889278195782184,0.0060585422880915065,3,v2_baseline,0.698254434171206,0.005334961519229081,3,-0.00932661459298767,0.005708228668696102,0.011416457337392204,within seed noise
off_axis,detection_f1,v2_cell_ipp_area,0.686886708296164,nan,1,v2_baseline,0.698254434171206,0.005334961519229081,3,-0.011367725875041979,nan,nan,unresolvable (needs 2+ runs per arm (have 3 and 1))
off_axis,detection_f1,v2_cell_ipp_bga,0.6899055918663762,nan,1,v2_baseline,0.698254434171206,0.005334961519229081,3,-0.008348842304829796,nan,nan,unresolvable (needs 2+ runs per arm (have 3 and 1))
off_axis,detection_f1,v2_compact_baseline,0.6966666666666668,nan,1,v2_baseline,0.698254434171206,0.005334961519229081,3,-0.0015877675045392614,nan,nan,unresolvable (needs 2+ runs per arm (have 3 and 1))
off_axis,detection_f1,v2_compact_cell_ipp,0.6956364947710061,nan,1,v2_baseline,0.698254434171206,0.005334961519229081,3,-0.0026179394001999423,nan,nan,unresolvable (needs 2+ runs per arm (have 3 and 1))
off_axis,detection_f1,v2_forward_amplitude,0.6990009082652134,nan,1,v2_baseline,0.698254434171206,0.005334961519229081,3,0.0007464740940074099,nan,nan,unresolvable (needs 2+ runs per arm (have 3 and 1))
off_axis,detection_f1,v2_image_volume,0.6944335628089989,0.002625445079548744,3,v2_baseline,0.698254434171206,0.005334961519229081,3,-0.003820871362207101,0.004204448612920711,0.008408897225841422,within seed noise
off_axis,detection_f1,v2_ipp_w01,0.6921938586755458,nan,1,v2_baseline,0.698254434171206,0.005334961519229081,3,-0.006060575495660192,nan,nan,unresolvable (needs 2+ runs per arm (have 3 and 1))
off_axis,detection_f1,v2_ipp_w03,0.6939076016933554,nan,1,v2_baseline,0.698254434171206,0.005334961519229081,3,-0.004346832477850615,nan,nan,unresolvable (needs 2+ runs per arm (have 3 and 1))
off_axis,detection_f1,v2_ipp_w10,0.690856313497823,nan,1,v2_baseline,0.698254434171206,0.005334961519229081,3,-0.0073981206733830795,nan,nan,unresolvable (needs 2+ runs per arm (have 3 and 1))
off_axis,detection_f1,v2_ipp_w30,0.6787878787878788,nan,1,v2_baseline,0.698254434171206,0.005334961519229081,3,-0.0194665553833272,nan,nan,unresolvable (needs 2+ runs per arm (have 3 and 1))
off_axis,detection_f1,v2_learned_z,0.6896803652968037,nan,1,v2_baseline,0.698254434171206,0.005334961519229081,3,-0.008574068874402374,nan,nan,unresolvable (needs 2+ runs per arm (have 3 and 1))
