metric,off_axis,gabor,difference
phase_mae_rad,0.15678428166208014,0.16253620838729022,-0.005751926725210077
phase_rmse_rad,0.24108554636532462,0.24613103543803017,-0.00504548907270555
phase_psnr_db,31.22929842168133,30.881137808326525,0.34816061335480697
phase_ssim,0.6390065060252637,0.6295758680762532,0.009430637949010445
phase_pearson_r,0.8757208770355293,0.8667298689066807,0.008991008128848565
phase_mae_rad_in_cell,0.2699239487405372,0.3005486002592283,-0.030624651518691093
phase_bias_rad_in_cell,-0.1980579304220402,-0.18084575300252884,-0.017212177419511365
phase_mae_rad_background,0.1401381671956155,0.14198305854730517,-0.0018448913516896648
seg_dice,0.8352199330236699,0.814808696094374,0.020411236929295917
seg_iou,0.7170623508280236,0.6874912880387244,0.02957106278929922
seg_aji,0.6736276091856036,0.6398729407536774,0.033754668431926205
seg_boundary_f1,0.47271097376160404,0.4164888170672219,0.05622215669438213
cls_accuracy,,,
cls_macro_f1,,,
area_mape,0.1557928801207174,0.16691030908839152,-0.01111742896767412
area_cell_pearson_r,0.8999207858772458,0.8887965541740923,0.011124231703153464
area_image_pearson_r,0.822349749568109,0.8886529756115833,-0.06630322604347427
area_relative_bias,0.06368949069030644,0.0632524421996723,0.00043704849063413986
optical_volume_mape,0.17498866068082022,0.21291291785043587,-0.037924257169615644
dry_mass_mape,0.1749886606808202,0.2129129178504359,-0.0379242571696157
dry_mass_cell_pearson_r,0.9370712759629145,0.902882224129224,0.034189051833690476
dry_mass_image_pearson_r,0.9430782438986093,0.9227744817646231,0.020303762133986214
dry_mass_relative_bias,-0.046587264979740375,-0.01180843132769187,-0.03477883365204851
dry_mass_loa_lower,-0.26056206255749836,-0.2575901680450668,-0.002971894512431572
dry_mass_loa_upper,0.16738753259801764,0.23397330538968306,-0.06658577279166542
cells_reference,3186,3055,131.0
cells_detected,2204,2139,65.0
cells_matched,1898,1798,100.0
detection_recall,0.5957313245448839,0.5885433715220949,0.007187953022788962
detection_precision,0.8611615245009074,0.8405797101449275,0.020581814355979944
detection_f1,0.7042671614100184,0.6923373122834039,0.011929849126614545
