stem,split,dy,dx,error,r_after_shift
NCI_06,test,-1.0,0.10000000149011612,0.5019464492797852,0.8649964531233679
NCI_08,test,0.0,0.0,0.49831631779670715,0.8669954071065942
NCI_19,test,1.100000023841858,0.30000001192092896,0.49505001306533813,0.8691944317657119
NCI_25,test,-0.30000001192092896,0.0,0.40470924973487854,0.9141295415273902
NCI_35,test,0.0,-3.299999952316284,0.6370079517364502,0.7777965215983619
NCI_36,test,-0.6000000238418579,-0.20000000298023224,0.5269593596458435,0.8511831460453193
NCI_41,test,0.20000000298023224,-0.20000000298023224,0.5499381422996521,0.8350786497792622
NCI_Blebbistatin_5uM_02,test,0.0,0.0,0.5746501088142395,0.818399147532199
NCI_Blebbistatin_5uM_08,test,0.20000000298023224,-0.10000000149011612,0.4431401789188385,0.8963832481823917
NCI_Blebbistatin_5uM_09,test,0.10000000149011612,0.20000000298023224,0.43303802609443665,0.9012655798564665
NCI_Blebbistatin_5uM_15,test,-0.10000000149011612,-0.20000000298023224,0.49527445435523987,0.8686666344906159
NCI_Blebbistatin_5uM_16,test,-0.20000000298023224,0.10000000149011612,0.4562699496746063,0.8897660779682759
NCI_Blebbistatin_5uM_18,test,-3.200000047683716,0.10000000149011612,0.5631046295166016,0.8325628223881064
NCI_Blebbistatin_5uM_41,test,-2.4000000953674316,-0.10000000149011612,0.6516269445419312,0.7630693334572481
NCI_FCCP_10uM_14,test,-0.4000000059604645,0.8999999761581421,0.5028398633003235,0.8639367845673567
NCI_FCCP_10uM_21,test,0.30000001192092896,-1.5,0.5032569169998169,0.8638141298420424
NCI_FCCP_10uM_32,test,-0.800000011920929,-0.5,0.3951077163219452,0.91842872707133
NCI_FCCP_10uM_37,test,0.10000000149011612,-0.10000000149011612,0.5424853563308716,0.8399475886915868
NCI_FCCP_10uM_42,test,0.4000000059604645,0.10000000149011612,0.4846770167350769,0.8745239113793299
NCI_FCCP_10uM_46,test,0.10000000149011612,-0.10000000149011612,0.658976137638092,0.7521587805579819
NCI_FCCP_10uM_50,test,0.0,0.0,0.48623204231262207,0.8738297842062315
NCI_Staurosporine_100nM_05,test,1.100000023841858,-1.600000023841858,0.6744434833526611,0.7417350671562547
NCI_Staurosporine_100nM_08,test,0.0,-0.30000001192092896,0.573634147644043,0.8190320405767031
NCI_Staurosporine_100nM_15,test,0.20000000298023224,0.10000000149011612,0.5652785301208496,0.824740291094944
NCI_Staurosporine_100nM_16,test,0.20000000298023224,-1.5,0.666681706905365,0.7455859316336623
NCI_Staurosporine_100nM_29,test,-0.30000001192092896,0.0,0.6237718462944031,0.7815509323155526
NCI_Staurosporine_100nM_34,test,0.0,-0.30000001192092896,0.4622739255428314,0.886428202904374
NCI_Staurosporine_100nM_50,test,1.5,0.20000000298023224,0.6985159516334534,0.7155939502290474
NCI_rotenone_500nM_01,test,-0.30000001192092896,0.0,0.5428413152694702,0.8397890620766708
NCI_rotenone_500nM_11,test,0.5,0.0,0.44167259335517883,0.8969320328454007
NCI_rotenone_500nM_12,test,1.7000000476837158,-2.9000000953674316,0.6082437038421631,0.8041902641176107
NCI_rotenone_500nM_17,test,-0.10000000149011612,-1.5,0.6201557517051697,0.7848152384616038
NCI_rotenone_500nM_30,test,-0.6000000238418579,-0.699999988079071,0.4519469738006592,0.8961973384390066
NCI_rotenone_500nM_33,test,-0.30000001192092896,1.100000023841858,0.43991804122924805,0.8989631607634662
NCI_rotenone_500nM_47,test,-0.30000001192092896,0.0,0.5110150575637817,0.8595012625353848
SNU_07,test,0.6000000238418579,0.0,0.5177950263023376,0.8561684963187264
SNU_08,test,-0.20000000298023224,1.5,0.6573944687843323,0.7621208354627941
SNU_09,test,0.5,3.700000047683716,0.6051973700523376,0.7981895081388556
SNU_100,test,-3.4000000953674316,0.10000000149011612,0.7225055694580078,0.7114775819307173
SNU_20,test,1.600000023841858,0.6000000238418579,0.5359330177307129,0.8455714980047287
SNU_23,test,2.0,-3.4000000953674316,0.6643123626708984,0.7519453105594304
SNU_40,test,0.20000000298023224,0.4000000059604645,0.6589211225509644,0.7520958065571276
SNU_61,test,-1.7000000476837158,8.100000381469727,0.7638296484947205,0.6510461234167799
SNU_64,test,0.10000000149011612,1.600000023841858,0.6884923577308655,0.7256202192523284
SNU_65,test,0.0,-0.10000000149011612,0.6752212047576904,0.7376076476467502
SNU_67,test,3.9000000953674316,0.30000001192092896,0.7511691451072693,0.6963235927183322
SNU_74,test,-0.20000000298023224,-5.300000190734863,0.7341177463531494,0.6896379506950696
SNU_76,test,1.7000000476837158,0.0,0.5627487301826477,0.8286710670648447
SNU_95,test,0.0,0.10000000149011612,0.6228375434875488,0.7823281864690272
SNU_97,test,0.0,-1.2999999523162842,0.6982699036598206,0.7188700905561545
SNU_FCCP_10uM_01,test,-0.800000011920929,0.20000000298023224,0.5673248767852783,0.8238285295246278
SNU_FCCP_10uM_05,test,-0.20000000298023224,0.6000000238418579,0.5146237015724182,0.85754638231352
SNU_FCCP_10uM_08,test,-2.0,0.10000000149011612,0.6793327927589417,0.74960680434468
SNU_FCCP_10uM_28,test,-0.20000000298023224,0.20000000298023224,0.6613929271697998,0.7497150936496055
SNU_FCCP_10uM_36,test,0.10000000149011612,-3.5,0.5929756164550781,0.812060145087521
SNU_FCCP_10uM_46,test,0.5,0.0,0.49914029240608215,0.8657954401905454
SNU_FCCP_10uM_50,test,0.10000000149011612,-0.30000001192092896,0.5636411309242249,0.825850497636277
SNU_Rotenone_500nM_03,test,0.20000000298023224,-1.2000000476837158,0.4859350919723511,0.8747623701079564
SNU_Rotenone_500nM_13,test,0.10000000149011612,-0.4000000059604645,0.6281246542930603,0.7780512457097345
SNU_Rotenone_500nM_15,test,-3.4000000953674316,0.10000000149011612,0.7531367540359497,0.6705977679233606
SNU_Rotenone_500nM_23,test,-0.10000000149011612,0.30000001192092896,0.6577336192131042,0.7527124177172727
SNU_Rotenone_500nM_25,test,0.20000000298023224,0.0,0.6920378804206848,0.7218001063985507
SNU_Rotenone_500nM_30,test,0.0,-0.10000000149011612,0.5473604202270508,0.836895573351242
SNU_Rotenone_500nM_31,test,-0.10000000149011612,0.10000000149011612,0.5688055157661438,0.8224218194250592
SNU_blebbistatin_07,test,0.10000000149011612,0.20000000298023224,0.4448137581348419,0.8955943735888904
SNU_blebbistatin_13,test,0.10000000149011612,1.2000000476837158,0.5404794812202454,0.8417590795807671
SNU_blebbistatin_16,test,-1.5,-1.899999976158142,0.6293683648109436,0.7808861954915027
SNU_blebbistatin_22,test,-1.7000000476837158,-1.2999999523162842,0.6691070199012756,0.743235741762763
SNU_blebbistatin_35,test,-1.7000000476837158,0.10000000149011612,0.6894567608833313,0.730051450279875
SNU_blebbistatin_46,test,-0.10000000149011612,0.10000000149011612,0.6218118071556091,0.7831015660700636
SNU_blebbistatin_47,test,0.20000000298023224,-0.10000000149011612,0.7374444603919983,0.6750539119405161
SNU_staurosporine_05,test,0.0,-0.20000000298023224,0.638238251209259,0.7696818571805223
SNU_staurosporine_08,test,-0.4000000059604645,0.0,0.6823254227638245,0.7308637935570081
SNU_staurosporine_21,test,1.600000023841858,0.10000000149011612,0.6272673606872559,0.7792460433243923
SNU_staurosporine_22,test,0.4000000059604645,0.20000000298023224,0.5214175581932068,0.8525781728063158
SNU_staurosporine_40,test,-0.20000000298023224,0.20000000298023224,0.5930977463722229,0.8048935610648716
SNU_staurosporine_43,test,-1.399999976158142,-4.0,0.692996621131897,0.7203898668629182
SNU_staurosporine_49,test,1.399999976158142,0.0,0.728318989276886,0.6898006764856748
T24_11,test,0.0,0.20000000298023224,0.6174057722091675,0.7865463618286439
T24_16,test,-0.20000000298023224,0.20000000298023224,0.4441676139831543,0.8956378783998693
T24_17,test,-1.7999999523162842,3.299999952316284,0.7767149806022644,0.6309238425973402
T24_29,test,-0.5,-0.10000000149011612,0.49726662039756775,0.8670044299958094
T24_31,test,-0.20000000298023224,0.10000000149011612,0.6414955258369446,0.7670817718791694
T24_41,test,-0.30000001192092896,0.0,0.6026444435119629,0.7979611323544923
T24_48,test,-0.4000000059604645,0.0,0.6908259391784668,0.7224360319109767
T24_Blebbistatin_5uM_02,test,-1.600000023841858,-0.10000000149011612,0.5995342135429382,0.804373004246956
T24_Blebbistatin_5uM_03,test,-0.10000000149011612,-1.100000023841858,0.5972668528556824,0.8032122767579214
T24_Blebbistatin_5uM_10,test,-0.20000000298023224,0.20000000298023224,0.5311430096626282,0.8470527083102539
T24_Blebbistatin_5uM_13,test,-1.5,0.20000000298023224,0.5204347372055054,0.8545246182882063
T24_Blebbistatin_5uM_15,test,-0.10000000149011612,1.5,0.663873553276062,0.75614459741395
T24_Blebbistatin_5uM_20,test,0.0,1.2999999523162842,0.5998975038528442,0.8033096679935744
T24_Blebbistatin_5uM_44,test,-0.10000000149011612,1.2000000476837158,0.6954065561294556,0.7204149957180768
T24_FCCP_10uM_02,test,-1.600000023841858,2.9000000953674316,0.6073846817016602,0.8013437656588522
T24_FCCP_10uM_15,test,-1.600000023841858,-1.7000000476837158,0.6781883239746094,0.7379032615267885
T24_FCCP_10uM_18,test,-1.100000023841858,-3.4000000953674316,0.6490091681480408,0.7596783986193624
T24_FCCP_10uM_25,test,-0.10000000149011612,0.0,0.6646494269371033,0.7471056728795175
T24_FCCP_10uM_28,test,-0.8999999761581421,1.2999999523162842,0.5571892261505127,0.8339234343141971
T24_FCCP_10uM_32,test,-1.7999999523162842,0.0,0.6523095369338989,0.7593257662942411
T24_FCCP_10uM_50,test,-1.7999999523162842,0.0,0.6357468366622925,0.7726195012530578
T24_Staurosporine_100nM_10,test,20.100000381469727,0.30000001192092896,0.9868692755699158,-0.17031377012099
T24_Staurosporine_100nM_12,test,-1.2000000476837158,6.400000095367432,0.7134761810302734,0.7188810983866689
T24_Staurosporine_100nM_28,test,-0.10000000149011612,1.5,0.596226692199707,0.8035074155008931
T24_Staurosporine_100nM_30,test,1.0,1.100000023841858,0.6724569797515869,0.7470099433901722
T24_Staurosporine_100nM_34,test,-3.200000047683716,3.200000047683716,0.7746617197990417,0.6486814787477495
T24_Staurosporine_100nM_41,test,0.5,0.0,0.7187637090682983,0.6951662792195917
T24_Staurosporine_100nM_46,test,0.0,-0.10000000149011612,0.5983432531356812,0.8012370409727356
T24_rotenone_500nM_02,test,-0.800000011920929,1.0,0.6551262140274048,0.7599835955951698
T24_rotenone_500nM_09,test,0.5,0.8999999761581421,0.47154900431632996,0.881804395129194
T24_rotenone_500nM_10,test,-1.7999999523162842,-1.600000023841858,0.6728488206863403,0.7501860600539225
T24_rotenone_500nM_16,test,-0.20000000298023224,-1.0,0.5657236576080322,0.8250118558312183
T24_rotenone_500nM_31,test,3.5,0.20000000298023224,0.676929771900177,0.7552021907196622
T24_rotenone_500nM_40,test,-0.10000000149011612,0.10000000149011612,0.5807709097862244,0.8140226375280418
T24_rotenone_500nM_43,test,0.10000000149011612,-0.30000001192092896,0.517959475517273,0.8551831949094264
