stem,cell_line,condition,index,cell_line_id,condition_id,group,split
NCI_01,NCI,control,1,0,0,NCI|control,train
NCI_02,NCI,control,2,0,0,NCI|control,train
NCI_03,NCI,control,3,0,0,NCI|control,val
NCI_04,NCI,control,4,0,0,NCI|control,train
NCI_05,NCI,control,5,0,0,NCI|control,val
NCI_06,NCI,control,6,0,0,NCI|control,test
NCI_07,NCI,control,7,0,0,NCI|control,train
NCI_08,NCI,control,8,0,0,NCI|control,test
NCI_09,NCI,control,9,0,0,NCI|control,train
NCI_10,NCI,control,10,0,0,NCI|control,train
NCI_11,NCI,control,11,0,0,NCI|control,train
NCI_12,NCI,control,12,0,0,NCI|control,train
NCI_13,NCI,control,13,0,0,NCI|control,val
NCI_14,NCI,control,14,0,0,NCI|control,train
NCI_15,NCI,control,15,0,0,NCI|control,val
NCI_16,NCI,control,16,0,0,NCI|control,train
NCI_17,NCI,control,17,0,0,NCI|control,train
NCI_18,NCI,control,18,0,0,NCI|control,train
NCI_19,NCI,control,19,0,0,NCI|control,test
NCI_20,NCI,control,20,0,0,NCI|control,train
NCI_21,NCI,control,21,0,0,NCI|control,train
NCI_22,NCI,control,22,0,0,NCI|control,train
NCI_23,NCI,control,23,0,0,NCI|control,train
NCI_24,NCI,control,24,0,0,NCI|control,val
NCI_25,NCI,control,25,0,0,NCI|control,test
NCI_26,NCI,control,26,0,0,NCI|control,train
NCI_27,NCI,control,27,0,0,NCI|control,train
NCI_28,NCI,control,28,0,0,NCI|control,train
NCI_29,NCI,control,29,0,0,NCI|control,train
NCI_30,NCI,control,30,0,0,NCI|control,train
NCI_31,NCI,control,31,0,0,NCI|control,train
NCI_32,NCI,control,32,0,0,NCI|control,train
NCI_33,NCI,control,33,0,0,NCI|control,train
NCI_34,NCI,control,34,0,0,NCI|control,train
NCI_35,NCI,control,35,0,0,NCI|control,test
NCI_36,NCI,control,36,0,0,NCI|control,test
NCI_37,NCI,control,37,0,0,NCI|control,val
NCI_38,NCI,control,38,0,0,NCI|control,train
NCI_39,NCI,control,39,0,0,NCI|control,train
NCI_40,NCI,control,40,0,0,NCI|control,val
NCI_41,NCI,control,41,0,0,NCI|control,test
NCI_42,NCI,control,42,0,0,NCI|control,train
NCI_43,NCI,control,43,0,0,NCI|control,train
NCI_44,NCI,control,44,0,0,NCI|control,train
NCI_45,NCI,control,45,0,0,NCI|control,val
NCI_46,NCI,control,46,0,0,NCI|control,train
NCI_47,NCI,control,47,0,0,NCI|control,train
NCI_48,NCI,control,48,0,0,NCI|control,train
NCI_49,NCI,control,49,0,0,NCI|control,train
NCI_50,NCI,control,50,0,0,NCI|control,train
NCI_Blebbistatin_5uM_01,NCI,blebbistatin,1,0,1,NCI|blebbistatin,train
NCI_Blebbistatin_5uM_02,NCI,blebbistatin,2,0,1,NCI|blebbistatin,test
NCI_Blebbistatin_5uM_03,NCI,blebbistatin,3,0,1,NCI|blebbistatin,val
NCI_Blebbistatin_5uM_04,NCI,blebbistatin,4,0,1,NCI|blebbistatin,train
NCI_Blebbistatin_5uM_05,NCI,blebbistatin,5,0,1,NCI|blebbistatin,train
NCI_Blebbistatin_5uM_06,NCI,blebbistatin,6,0,1,NCI|blebbistatin,val
NCI_Blebbistatin_5uM_07,NCI,blebbistatin,7,0,1,NCI|blebbistatin,val
NCI_Blebbistatin_5uM_08,NCI,blebbistatin,8,0,1,NCI|blebbistatin,test
NCI_Blebbistatin_5uM_09,NCI,blebbistatin,9,0,1,NCI|blebbistatin,test
NCI_Blebbistatin_5uM_10,NCI,blebbistatin,10,0,1,NCI|blebbistatin,train
NCI_Blebbistatin_5uM_11,NCI,blebbistatin,11,0,1,NCI|blebbistatin,train
NCI_Blebbistatin_5uM_12,NCI,blebbistatin,12,0,1,NCI|blebbistatin,train
NCI_Blebbistatin_5uM_13,NCI,blebbistatin,13,0,1,NCI|blebbistatin,train
NCI_Blebbistatin_5uM_14,NCI,blebbistatin,14,0,1,NCI|blebbistatin,train
NCI_Blebbistatin_5uM_15,NCI,blebbistatin,15,0,1,NCI|blebbistatin,test
NCI_Blebbistatin_5uM_16,NCI,blebbistatin,16,0,1,NCI|blebbistatin,test
NCI_Blebbistatin_5uM_17,NCI,blebbistatin,17,0,1,NCI|blebbistatin,train
NCI_Blebbistatin_5uM_18,NCI,blebbistatin,18,0,1,NCI|blebbistatin,test
NCI_Blebbistatin_5uM_19,NCI,blebbistatin,19,0,1,NCI|blebbistatin,train
NCI_Blebbistatin_5uM_20,NCI,blebbistatin,20,0,1,NCI|blebbistatin,train
NCI_Blebbistatin_5uM_21,NCI,blebbistatin,21,0,1,NCI|blebbistatin,train
NCI_Blebbistatin_5uM_22,NCI,blebbistatin,22,0,1,NCI|blebbistatin,train
NCI_Blebbistatin_5uM_23,NCI,blebbistatin,23,0,1,NCI|blebbistatin,train
NCI_Blebbistatin_5uM_24,NCI,blebbistatin,24,0,1,NCI|blebbistatin,train
NCI_Blebbistatin_5uM_25,NCI,blebbistatin,25,0,1,NCI|blebbistatin,train
NCI_Blebbistatin_5uM_26,NCI,blebbistatin,26,0,1,NCI|blebbistatin,train
NCI_Blebbistatin_5uM_27,NCI,blebbistatin,27,0,1,NCI|blebbistatin,train
NCI_Blebbistatin_5uM_28,NCI,blebbistatin,28,0,1,NCI|blebbistatin,val
NCI_Blebbistatin_5uM_29,NCI,blebbistatin,29,0,1,NCI|blebbistatin,train
NCI_Blebbistatin_5uM_30,NCI,blebbistatin,30,0,1,NCI|blebbistatin,train
NCI_Blebbistatin_5uM_31,NCI,blebbistatin,31,0,1,NCI|blebbistatin,train
NCI_Blebbistatin_5uM_32,NCI,blebbistatin,32,0,1,NCI|blebbistatin,train
NCI_Blebbistatin_5uM_33,NCI,blebbistatin,33,0,1,NCI|blebbistatin,train
NCI_Blebbistatin_5uM_34,NCI,blebbistatin,34,0,1,NCI|blebbistatin,train
NCI_Blebbistatin_5uM_35,NCI,blebbistatin,35,0,1,NCI|blebbistatin,val
NCI_Blebbistatin_5uM_36,NCI,blebbistatin,36,0,1,NCI|blebbistatin,train
NCI_Blebbistatin_5uM_37,NCI,blebbistatin,37,0,1,NCI|blebbistatin,train
NCI_Blebbistatin_5uM_38,NCI,blebbistatin,38,0,1,NCI|blebbistatin,val
NCI_Blebbistatin_5uM_39,NCI,blebbistatin,39,0,1,NCI|blebbistatin,train
NCI_Blebbistatin_5uM_40,NCI,blebbistatin,40,0,1,NCI|blebbistatin,train
NCI_Blebbistatin_5uM_41,NCI,blebbistatin,41,0,1,NCI|blebbistatin,test
NCI_Blebbistatin_5uM_42,NCI,blebbistatin,42,0,1,NCI|blebbistatin,train
NCI_Blebbistatin_5uM_43,NCI,blebbistatin,43,0,1,NCI|blebbistatin,train
NCI_Blebbistatin_5uM_44,NCI,blebbistatin,44,0,1,NCI|blebbistatin,train
NCI_Blebbistatin_5uM_45,NCI,blebbistatin,45,0,1,NCI|blebbistatin,train
NCI_Blebbistatin_5uM_46,NCI,blebbistatin,46,0,1,NCI|blebbistatin,train
NCI_Blebbistatin_5uM_47,NCI,blebbistatin,47,0,1,NCI|blebbistatin,train
NCI_Blebbistatin_5uM_48,NCI,blebbistatin,48,0,1,NCI|blebbistatin,val
NCI_Blebbistatin_5uM_49,NCI,blebbistatin,49,0,1,NCI|blebbistatin,train
NCI_Blebbistatin_5uM_50,NCI,blebbistatin,50,0,1,NCI|blebbistatin,val
NCI_FCCP_10uM_01,NCI,fccp,1,0,2,NCI|fccp,train
NCI_FCCP_10uM_02,NCI,fccp,2,0,2,NCI|fccp,train
NCI_FCCP_10uM_03,NCI,fccp,3,0,2,NCI|fccp,train
NCI_FCCP_10uM_04,NCI,fccp,4,0,2,NCI|fccp,train
NCI_FCCP_10uM_05,NCI,fccp,5,0,2,NCI|fccp,train
NCI_FCCP_10uM_06,NCI,fccp,6,0,2,NCI|fccp,train
NCI_FCCP_10uM_07,NCI,fccp,7,0,2,NCI|fccp,train
NCI_FCCP_10uM_08,NCI,fccp,8,0,2,NCI|fccp,train
NCI_FCCP_10uM_09,NCI,fccp,9,0,2,NCI|fccp,val
NCI_FCCP_10uM_10,NCI,fccp,10,0,2,NCI|fccp,val
NCI_FCCP_10uM_11,NCI,fccp,11,0,2,NCI|fccp,train
NCI_FCCP_10uM_12,NCI,fccp,12,0,2,NCI|fccp,train
NCI_FCCP_10uM_13,NCI,fccp,13,0,2,NCI|fccp,train
NCI_FCCP_10uM_14,NCI,fccp,14,0,2,NCI|fccp,test
NCI_FCCP_10uM_15,NCI,fccp,15,0,2,NCI|fccp,train
NCI_FCCP_10uM_16,NCI,fccp,16,0,2,NCI|fccp,val
NCI_FCCP_10uM_17,NCI,fccp,17,0,2,NCI|fccp,val
NCI_FCCP_10uM_18,NCI,fccp,18,0,2,NCI|fccp,train
NCI_FCCP_10uM_19,NCI,fccp,19,0,2,NCI|fccp,train
NCI_FCCP_10uM_20,NCI,fccp,20,0,2,NCI|fccp,train
NCI_FCCP_10uM_21,NCI,fccp,21,0,2,NCI|fccp,test
NCI_FCCP_10uM_22,NCI,fccp,22,0,2,NCI|fccp,train
NCI_FCCP_10uM_23,NCI,fccp,23,0,2,NCI|fccp,train
NCI_FCCP_10uM_24,NCI,fccp,24,0,2,NCI|fccp,train
NCI_FCCP_10uM_25,NCI,fccp,25,0,2,NCI|fccp,train
NCI_FCCP_10uM_26,NCI,fccp,26,0,2,NCI|fccp,val
NCI_FCCP_10uM_27,NCI,fccp,27,0,2,NCI|fccp,train
NCI_FCCP_10uM_28,NCI,fccp,28,0,2,NCI|fccp,train
NCI_FCCP_10uM_29,NCI,fccp,29,0,2,NCI|fccp,train
NCI_FCCP_10uM_30,NCI,fccp,30,0,2,NCI|fccp,val
NCI_FCCP_10uM_31,NCI,fccp,31,0,2,NCI|fccp,train
NCI_FCCP_10uM_32,NCI,fccp,32,0,2,NCI|fccp,test
NCI_FCCP_10uM_33,NCI,fccp,33,0,2,NCI|fccp,train
NCI_FCCP_10uM_34,NCI,fccp,34,0,2,NCI|fccp,train
NCI_FCCP_10uM_35,NCI,fccp,35,0,2,NCI|fccp,train
NCI_FCCP_10uM_36,NCI,fccp,36,0,2,NCI|fccp,val
NCI_FCCP_10uM_37,NCI,fccp,37,0,2,NCI|fccp,test
NCI_FCCP_10uM_38,NCI,fccp,38,0,2,NCI|fccp,train
NCI_FCCP_10uM_39,NCI,fccp,39,0,2,NCI|fccp,train
NCI_FCCP_10uM_40,NCI,fccp,40,0,2,NCI|fccp,train
NCI_FCCP_10uM_41,NCI,fccp,41,0,2,NCI|fccp,train
NCI_FCCP_10uM_42,NCI,fccp,42,0,2,NCI|fccp,test
NCI_FCCP_10uM_43,NCI,fccp,43,0,2,NCI|fccp,train
NCI_FCCP_10uM_44,NCI,fccp,44,0,2,NCI|fccp,train
NCI_FCCP_10uM_45,NCI,fccp,45,0,2,NCI|fccp,val
NCI_FCCP_10uM_46,NCI,fccp,46,0,2,NCI|fccp,test
NCI_FCCP_10uM_47,NCI,fccp,47,0,2,NCI|fccp,train
NCI_FCCP_10uM_48,NCI,fccp,48,0,2,NCI|fccp,train
NCI_FCCP_10uM_49,NCI,fccp,49,0,2,NCI|fccp,train
NCI_FCCP_10uM_50,NCI,fccp,50,0,2,NCI|fccp,test
NCI_Staurosporine_100nM_01,NCI,staurosporine,1,0,3,NCI|staurosporine,val
NCI_Staurosporine_100nM_02,NCI,staurosporine,2,0,3,NCI|staurosporine,val
NCI_Staurosporine_100nM_03,NCI,staurosporine,3,0,3,NCI|staurosporine,train
NCI_Staurosporine_100nM_04,NCI,staurosporine,4,0,3,NCI|staurosporine,train
NCI_Staurosporine_100nM_05,NCI,staurosporine,5,0,3,NCI|staurosporine,test
NCI_Staurosporine_100nM_06,NCI,staurosporine,6,0,3,NCI|staurosporine,train
NCI_Staurosporine_100nM_07,NCI,staurosporine,7,0,3,NCI|staurosporine,train
NCI_Staurosporine_100nM_08,NCI,staurosporine,8,0,3,NCI|staurosporine,test
NCI_Staurosporine_100nM_09,NCI,staurosporine,9,0,3,NCI|staurosporine,train
NCI_Staurosporine_100nM_10,NCI,staurosporine,10,0,3,NCI|staurosporine,train
NCI_Staurosporine_100nM_11,NCI,staurosporine,11,0,3,NCI|staurosporine,train
NCI_Staurosporine_100nM_12,NCI,staurosporine,12,0,3,NCI|staurosporine,train
NCI_Staurosporine_100nM_13,NCI,staurosporine,13,0,3,NCI|staurosporine,train
NCI_Staurosporine_100nM_14,NCI,staurosporine,14,0,3,NCI|staurosporine,train
NCI_Staurosporine_100nM_15,NCI,staurosporine,15,0,3,NCI|staurosporine,test
NCI_Staurosporine_100nM_16,NCI,staurosporine,16,0,3,NCI|staurosporine,test
NCI_Staurosporine_100nM_17,NCI,staurosporine,17,0,3,NCI|staurosporine,train
NCI_Staurosporine_100nM_18,NCI,staurosporine,18,0,3,NCI|staurosporine,train
NCI_Staurosporine_100nM_19,NCI,staurosporine,19,0,3,NCI|staurosporine,train
NCI_Staurosporine_100nM_20,NCI,staurosporine,20,0,3,NCI|staurosporine,train
NCI_Staurosporine_100nM_21,NCI,staurosporine,21,0,3,NCI|staurosporine,train
NCI_Staurosporine_100nM_22,NCI,staurosporine,22,0,3,NCI|staurosporine,val
NCI_Staurosporine_100nM_23,NCI,staurosporine,23,0,3,NCI|staurosporine,train
NCI_Staurosporine_100nM_24,NCI,staurosporine,24,0,3,NCI|staurosporine,train
NCI_Staurosporine_100nM_25,NCI,staurosporine,25,0,3,NCI|staurosporine,train
NCI_Staurosporine_100nM_26,NCI,staurosporine,26,0,3,NCI|staurosporine,train
NCI_Staurosporine_100nM_27,NCI,staurosporine,27,0,3,NCI|staurosporine,train
NCI_Staurosporine_100nM_28,NCI,staurosporine,28,0,3,NCI|staurosporine,train
NCI_Staurosporine_100nM_29,NCI,staurosporine,29,0,3,NCI|staurosporine,test
NCI_Staurosporine_100nM_30,NCI,staurosporine,30,0,3,NCI|staurosporine,train
NCI_Staurosporine_100nM_31,NCI,staurosporine,31,0,3,NCI|staurosporine,train
NCI_Staurosporine_100nM_32,NCI,staurosporine,32,0,3,NCI|staurosporine,train
NCI_Staurosporine_100nM_33,NCI,staurosporine,33,0,3,NCI|staurosporine,train
NCI_Staurosporine_100nM_34,NCI,staurosporine,34,0,3,NCI|staurosporine,test
NCI_Staurosporine_100nM_35,NCI,staurosporine,35,0,3,NCI|staurosporine,train
NCI_Staurosporine_100nM_36,NCI,staurosporine,36,0,3,NCI|staurosporine,val
NCI_Staurosporine_100nM_37,NCI,staurosporine,37,0,3,NCI|staurosporine,train
NCI_Staurosporine_100nM_38,NCI,staurosporine,38,0,3,NCI|staurosporine,val
NCI_Staurosporine_100nM_39,NCI,staurosporine,39,0,3,NCI|staurosporine,val
NCI_Staurosporine_100nM_40,NCI,staurosporine,40,0,3,NCI|staurosporine,train
NCI_Staurosporine_100nM_41,NCI,staurosporine,41,0,3,NCI|staurosporine,val
NCI_Staurosporine_100nM_42,NCI,staurosporine,42,0,3,NCI|staurosporine,train
NCI_Staurosporine_100nM_43,NCI,staurosporine,43,0,3,NCI|staurosporine,train
NCI_Staurosporine_100nM_44,NCI,staurosporine,44,0,3,NCI|staurosporine,train
NCI_Staurosporine_100nM_45,NCI,staurosporine,45,0,3,NCI|staurosporine,val
NCI_Staurosporine_100nM_46,NCI,staurosporine,46,0,3,NCI|staurosporine,train
NCI_Staurosporine_100nM_47,NCI,staurosporine,47,0,3,NCI|staurosporine,train
NCI_Staurosporine_100nM_48,NCI,staurosporine,48,0,3,NCI|staurosporine,train
NCI_Staurosporine_100nM_49,NCI,staurosporine,49,0,3,NCI|staurosporine,train
NCI_Staurosporine_100nM_50,NCI,staurosporine,50,0,3,NCI|staurosporine,test
NCI_rotenone_500nM_01,NCI,rotenone,1,0,4,NCI|rotenone,test
NCI_rotenone_500nM_02,NCI,rotenone,2,0,4,NCI|rotenone,train
NCI_rotenone_500nM_03,NCI,rotenone,3,0,4,NCI|rotenone,train
NCI_rotenone_500nM_04,NCI,rotenone,4,0,4,NCI|rotenone,train
NCI_rotenone_500nM_05,NCI,rotenone,5,0,4,NCI|rotenone,train
NCI_rotenone_500nM_06,NCI,rotenone,6,0,4,NCI|rotenone,train
NCI_rotenone_500nM_07,NCI,rotenone,7,0,4,NCI|rotenone,val
NCI_rotenone_500nM_08,NCI,rotenone,8,0,4,NCI|rotenone,train
NCI_rotenone_500nM_09,NCI,rotenone,9,0,4,NCI|rotenone,train
NCI_rotenone_500nM_10,NCI,rotenone,10,0,4,NCI|rotenone,val
NCI_rotenone_500nM_11,NCI,rotenone,11,0,4,NCI|rotenone,test
NCI_rotenone_500nM_12,NCI,rotenone,12,0,4,NCI|rotenone,test
NCI_rotenone_500nM_13,NCI,rotenone,13,0,4,NCI|rotenone,val
NCI_rotenone_500nM_14,NCI,rotenone,14,0,4,NCI|rotenone,train
NCI_rotenone_500nM_15,NCI,rotenone,15,0,4,NCI|rotenone,train
NCI_rotenone_500nM_16,NCI,rotenone,16,0,4,NCI|rotenone,train
NCI_rotenone_500nM_17,NCI,rotenone,17,0,4,NCI|rotenone,test
NCI_rotenone_500nM_18,NCI,rotenone,18,0,4,NCI|rotenone,train
NCI_rotenone_500nM_19,NCI,rotenone,19,0,4,NCI|rotenone,train
NCI_rotenone_500nM_20,NCI,rotenone,20,0,4,NCI|rotenone,val
NCI_rotenone_500nM_21,NCI,rotenone,21,0,4,NCI|rotenone,train
NCI_rotenone_500nM_22,NCI,rotenone,22,0,4,NCI|rotenone,train
NCI_rotenone_500nM_23,NCI,rotenone,23,0,4,NCI|rotenone,train
NCI_rotenone_500nM_24,NCI,rotenone,24,0,4,NCI|rotenone,val
NCI_rotenone_500nM_25,NCI,rotenone,25,0,4,NCI|rotenone,train
NCI_rotenone_500nM_26,NCI,rotenone,26,0,4,NCI|rotenone,train
NCI_rotenone_500nM_27,NCI,rotenone,27,0,4,NCI|rotenone,train
NCI_rotenone_500nM_28,NCI,rotenone,28,0,4,NCI|rotenone,train
NCI_rotenone_500nM_29,NCI,rotenone,29,0,4,NCI|rotenone,train
NCI_rotenone_500nM_30,NCI,rotenone,30,0,4,NCI|rotenone,test
NCI_rotenone_500nM_31,NCI,rotenone,31,0,4,NCI|rotenone,train
NCI_rotenone_500nM_32,NCI,rotenone,32,0,4,NCI|rotenone,train
NCI_rotenone_500nM_33,NCI,rotenone,33,0,4,NCI|rotenone,test
NCI_rotenone_500nM_34,NCI,rotenone,34,0,4,NCI|rotenone,train
NCI_rotenone_500nM_35,NCI,rotenone,35,0,4,NCI|rotenone,train
NCI_rotenone_500nM_36,NCI,rotenone,36,0,4,NCI|rotenone,train
NCI_rotenone_500nM_37,NCI,rotenone,37,0,4,NCI|rotenone,train
NCI_rotenone_500nM_38,NCI,rotenone,38,0,4,NCI|rotenone,train
NCI_rotenone_500nM_39,NCI,rotenone,39,0,4,NCI|rotenone,train
NCI_rotenone_500nM_40,NCI,rotenone,40,0,4,NCI|rotenone,train
NCI_rotenone_500nM_41,NCI,rotenone,41,0,4,NCI|rotenone,val
NCI_rotenone_500nM_42,NCI,rotenone,42,0,4,NCI|rotenone,train
NCI_rotenone_500nM_43,NCI,rotenone,43,0,4,NCI|rotenone,val
NCI_rotenone_500nM_44,NCI,rotenone,44,0,4,NCI|rotenone,train
NCI_rotenone_500nM_45,NCI,rotenone,45,0,4,NCI|rotenone,val
NCI_rotenone_500nM_46,NCI,rotenone,46,0,4,NCI|rotenone,train
NCI_rotenone_500nM_47,NCI,rotenone,47,0,4,NCI|rotenone,test
NCI_rotenone_500nM_48,NCI,rotenone,48,0,4,NCI|rotenone,train
NCI_rotenone_500nM_49,NCI,rotenone,49,0,4,NCI|rotenone,train
NCI_rotenone_500nM_50,NCI,rotenone,50,0,4,NCI|rotenone,train
SNU_01,SNU,control,1,1,0,SNU|control,train
SNU_02,SNU,control,2,1,0,SNU|control,train
SNU_03,SNU,control,3,1,0,SNU|control,train
SNU_04,SNU,control,4,1,0,SNU|control,train
SNU_05,SNU,control,5,1,0,SNU|control,train
SNU_06,SNU,control,6,1,0,SNU|control,val
SNU_07,SNU,control,7,1,0,SNU|control,test
SNU_08,SNU,control,8,1,0,SNU|control,test
SNU_09,SNU,control,9,1,0,SNU|control,test
SNU_100,SNU,control,100,1,0,SNU|control,test
SNU_10,SNU,control,10,1,0,SNU|control,train
SNU_11,SNU,control,11,1,0,SNU|control,train
SNU_12,SNU,control,12,1,0,SNU|control,train
SNU_13,SNU,control,13,1,0,SNU|control,train
SNU_14,SNU,control,14,1,0,SNU|control,train
SNU_15,SNU,control,15,1,0,SNU|control,val
SNU_16,SNU,control,16,1,0,SNU|control,train
SNU_17,SNU,control,17,1,0,SNU|control,train
SNU_18,SNU,control,18,1,0,SNU|control,train
SNU_19,SNU,control,19,1,0,SNU|control,train
SNU_20,SNU,control,20,1,0,SNU|control,test
SNU_21,SNU,control,21,1,0,SNU|control,train
SNU_22,SNU,control,22,1,0,SNU|control,train
SNU_23,SNU,control,23,1,0,SNU|control,test
SNU_24,SNU,control,24,1,0,SNU|control,train
SNU_25,SNU,control,25,1,0,SNU|control,train
SNU_26,SNU,control,26,1,0,SNU|control,train
SNU_27,SNU,control,27,1,0,SNU|control,train
SNU_28,SNU,control,28,1,0,SNU|control,train
SNU_29,SNU,control,29,1,0,SNU|control,train
SNU_30,SNU,control,30,1,0,SNU|control,val
SNU_31,SNU,control,31,1,0,SNU|control,val
SNU_32,SNU,control,32,1,0,SNU|control,train
SNU_33,SNU,control,33,1,0,SNU|control,val
SNU_34,SNU,control,34,1,0,SNU|control,train
SNU_35,SNU,control,35,1,0,SNU|control,train
SNU_36,SNU,control,36,1,0,SNU|control,train
SNU_37,SNU,control,37,1,0,SNU|control,train
SNU_38,SNU,control,38,1,0,SNU|control,train
SNU_39,SNU,control,39,1,0,SNU|control,train
SNU_40,SNU,control,40,1,0,SNU|control,test
SNU_41,SNU,control,41,1,0,SNU|control,train
SNU_42,SNU,control,42,1,0,SNU|control,train
SNU_43,SNU,control,43,1,0,SNU|control,train
SNU_44,SNU,control,44,1,0,SNU|control,train
SNU_45,SNU,control,45,1,0,SNU|control,train
SNU_46,SNU,control,46,1,0,SNU|control,train
SNU_47,SNU,control,47,1,0,SNU|control,train
SNU_48,SNU,control,48,1,0,SNU|control,train
SNU_49,SNU,control,49,1,0,SNU|control,train
SNU_50,SNU,control,50,1,0,SNU|control,train
SNU_51,SNU,control,51,1,0,SNU|control,val
SNU_52,SNU,control,52,1,0,SNU|control,train
SNU_53,SNU,control,53,1,0,SNU|control,val
SNU_54,SNU,control,54,1,0,SNU|control,train
SNU_55,SNU,control,55,1,0,SNU|control,train
SNU_56,SNU,control,56,1,0,SNU|control,train
SNU_57,SNU,control,57,1,0,SNU|control,train
SNU_58,SNU,control,58,1,0,SNU|control,train
SNU_59,SNU,control,59,1,0,SNU|control,train
SNU_60,SNU,control,60,1,0,SNU|control,train
SNU_61,SNU,control,61,1,0,SNU|control,test
SNU_62,SNU,control,62,1,0,SNU|control,train
SNU_63,SNU,control,63,1,0,SNU|control,train
SNU_64,SNU,control,64,1,0,SNU|control,test
SNU_65,SNU,control,65,1,0,SNU|control,test
SNU_66,SNU,control,66,1,0,SNU|control,val
SNU_67,SNU,control,67,1,0,SNU|control,test
SNU_68,SNU,control,68,1,0,SNU|control,train
SNU_69,SNU,control,69,1,0,SNU|control,train
SNU_70,SNU,control,70,1,0,SNU|control,train
SNU_71,SNU,control,71,1,0,SNU|control,train
SNU_72,SNU,control,72,1,0,SNU|control,val
SNU_73,SNU,control,73,1,0,SNU|control,train
SNU_74,SNU,control,74,1,0,SNU|control,test
SNU_75,SNU,control,75,1,0,SNU|control,train
SNU_76,SNU,control,76,1,0,SNU|control,test
SNU_77,SNU,control,77,1,0,SNU|control,train
SNU_78,SNU,control,78,1,0,SNU|control,train
SNU_79,SNU,control,79,1,0,SNU|control,train
SNU_80,SNU,control,80,1,0,SNU|control,val
SNU_81,SNU,control,81,1,0,SNU|control,train
SNU_82,SNU,control,82,1,0,SNU|control,train
SNU_83,SNU,control,83,1,0,SNU|control,train
SNU_84,SNU,control,84,1,0,SNU|control,train
SNU_85,SNU,control,85,1,0,SNU|control,val
SNU_86,SNU,control,86,1,0,SNU|control,val
SNU_87,SNU,control,87,1,0,SNU|control,train
SNU_88,SNU,control,88,1,0,SNU|control,val
SNU_89,SNU,control,89,1,0,SNU|control,train
SNU_90,SNU,control,90,1,0,SNU|control,train
SNU_91,SNU,control,91,1,0,SNU|control,train
SNU_92,SNU,control,92,1,0,SNU|control,train
SNU_93,SNU,control,93,1,0,SNU|control,train
SNU_94,SNU,control,94,1,0,SNU|control,train
SNU_95,SNU,control,95,1,0,SNU|control,test
SNU_96,SNU,control,96,1,0,SNU|control,train
SNU_97,SNU,control,97,1,0,SNU|control,test
SNU_98,SNU,control,98,1,0,SNU|control,val
SNU_99,SNU,control,99,1,0,SNU|control,val
SNU_FCCP_10uM_01,SNU,fccp,1,1,2,SNU|fccp,test
SNU_FCCP_10uM_02,SNU,fccp,2,1,2,SNU|fccp,train
SNU_FCCP_10uM_03,SNU,fccp,3,1,2,SNU|fccp,val
SNU_FCCP_10uM_04,SNU,fccp,4,1,2,SNU|fccp,train
SNU_FCCP_10uM_05,SNU,fccp,5,1,2,SNU|fccp,test
SNU_FCCP_10uM_06,SNU,fccp,6,1,2,SNU|fccp,train
SNU_FCCP_10uM_07,SNU,fccp,7,1,2,SNU|fccp,train
SNU_FCCP_10uM_08,SNU,fccp,8,1,2,SNU|fccp,test
SNU_FCCP_10uM_09,SNU,fccp,9,1,2,SNU|fccp,train
SNU_FCCP_10uM_10,SNU,fccp,10,1,2,SNU|fccp,val
SNU_FCCP_10uM_11,SNU,fccp,11,1,2,SNU|fccp,train
SNU_FCCP_10uM_12,SNU,fccp,12,1,2,SNU|fccp,train
SNU_FCCP_10uM_13,SNU,fccp,13,1,2,SNU|fccp,train
SNU_FCCP_10uM_14,SNU,fccp,14,1,2,SNU|fccp,train
SNU_FCCP_10uM_15,SNU,fccp,15,1,2,SNU|fccp,train
SNU_FCCP_10uM_16,SNU,fccp,16,1,2,SNU|fccp,train
SNU_FCCP_10uM_17,SNU,fccp,17,1,2,SNU|fccp,train
SNU_FCCP_10uM_18,SNU,fccp,18,1,2,SNU|fccp,train
SNU_FCCP_10uM_19,SNU,fccp,19,1,2,SNU|fccp,train
SNU_FCCP_10uM_20,SNU,fccp,20,1,2,SNU|fccp,train
SNU_FCCP_10uM_21,SNU,fccp,21,1,2,SNU|fccp,train
SNU_FCCP_10uM_22,SNU,fccp,22,1,2,SNU|fccp,train
SNU_FCCP_10uM_23,SNU,fccp,23,1,2,SNU|fccp,train
SNU_FCCP_10uM_24,SNU,fccp,24,1,2,SNU|fccp,val
SNU_FCCP_10uM_25,SNU,fccp,25,1,2,SNU|fccp,train
SNU_FCCP_10uM_26,SNU,fccp,26,1,2,SNU|fccp,train
SNU_FCCP_10uM_27,SNU,fccp,27,1,2,SNU|fccp,train
SNU_FCCP_10uM_28,SNU,fccp,28,1,2,SNU|fccp,test
SNU_FCCP_10uM_29,SNU,fccp,29,1,2,SNU|fccp,train
SNU_FCCP_10uM_30,SNU,fccp,30,1,2,SNU|fccp,train
SNU_FCCP_10uM_31,SNU,fccp,31,1,2,SNU|fccp,train
SNU_FCCP_10uM_32,SNU,fccp,32,1,2,SNU|fccp,train
SNU_FCCP_10uM_33,SNU,fccp,33,1,2,SNU|fccp,train
SNU_FCCP_10uM_34,SNU,fccp,34,1,2,SNU|fccp,train
SNU_FCCP_10uM_35,SNU,fccp,35,1,2,SNU|fccp,val
SNU_FCCP_10uM_36,SNU,fccp,36,1,2,SNU|fccp,test
SNU_FCCP_10uM_37,SNU,fccp,37,1,2,SNU|fccp,train
SNU_FCCP_10uM_38,SNU,fccp,38,1,2,SNU|fccp,val
SNU_FCCP_10uM_39,SNU,fccp,39,1,2,SNU|fccp,train
SNU_FCCP_10uM_40,SNU,fccp,40,1,2,SNU|fccp,train
SNU_FCCP_10uM_41,SNU,fccp,41,1,2,SNU|fccp,train
SNU_FCCP_10uM_42,SNU,fccp,42,1,2,SNU|fccp,train
SNU_FCCP_10uM_43,SNU,fccp,43,1,2,SNU|fccp,val
SNU_FCCP_10uM_44,SNU,fccp,44,1,2,SNU|fccp,train
SNU_FCCP_10uM_45,SNU,fccp,45,1,2,SNU|fccp,train
SNU_FCCP_10uM_46,SNU,fccp,46,1,2,SNU|fccp,test
SNU_FCCP_10uM_47,SNU,fccp,47,1,2,SNU|fccp,val
SNU_FCCP_10uM_48,SNU,fccp,48,1,2,SNU|fccp,val
SNU_FCCP_10uM_49,SNU,fccp,49,1,2,SNU|fccp,train
SNU_FCCP_10uM_50,SNU,fccp,50,1,2,SNU|fccp,test
SNU_Rotenone_500nM_01,SNU,rotenone,1,1,4,SNU|rotenone,train
SNU_Rotenone_500nM_02,SNU,rotenone,2,1,4,SNU|rotenone,val
SNU_Rotenone_500nM_03,SNU,rotenone,3,1,4,SNU|rotenone,test
SNU_Rotenone_500nM_04,SNU,rotenone,4,1,4,SNU|rotenone,train
SNU_Rotenone_500nM_05,SNU,rotenone,5,1,4,SNU|rotenone,train
SNU_Rotenone_500nM_06,SNU,rotenone,6,1,4,SNU|rotenone,train
SNU_Rotenone_500nM_07,SNU,rotenone,7,1,4,SNU|rotenone,train
SNU_Rotenone_500nM_08,SNU,rotenone,8,1,4,SNU|rotenone,train
SNU_Rotenone_500nM_09,SNU,rotenone,9,1,4,SNU|rotenone,train
SNU_Rotenone_500nM_10,SNU,rotenone,10,1,4,SNU|rotenone,train
SNU_Rotenone_500nM_11,SNU,rotenone,11,1,4,SNU|rotenone,train
SNU_Rotenone_500nM_12,SNU,rotenone,12,1,4,SNU|rotenone,train
SNU_Rotenone_500nM_13,SNU,rotenone,13,1,4,SNU|rotenone,test
SNU_Rotenone_500nM_14,SNU,rotenone,14,1,4,SNU|rotenone,train
SNU_Rotenone_500nM_15,SNU,rotenone,15,1,4,SNU|rotenone,test
SNU_Rotenone_500nM_16,SNU,rotenone,16,1,4,SNU|rotenone,train
SNU_Rotenone_500nM_17,SNU,rotenone,17,1,4,SNU|rotenone,train
SNU_Rotenone_500nM_18,SNU,rotenone,18,1,4,SNU|rotenone,val
SNU_Rotenone_500nM_19,SNU,rotenone,19,1,4,SNU|rotenone,train
SNU_Rotenone_500nM_20,SNU,rotenone,20,1,4,SNU|rotenone,val
SNU_Rotenone_500nM_21,SNU,rotenone,21,1,4,SNU|rotenone,train
SNU_Rotenone_500nM_22,SNU,rotenone,22,1,4,SNU|rotenone,val
SNU_Rotenone_500nM_23,SNU,rotenone,23,1,4,SNU|rotenone,test
SNU_Rotenone_500nM_24,SNU,rotenone,24,1,4,SNU|rotenone,train
SNU_Rotenone_500nM_25,SNU,rotenone,25,1,4,SNU|rotenone,test
SNU_Rotenone_500nM_26,SNU,rotenone,26,1,4,SNU|rotenone,val
SNU_Rotenone_500nM_27,SNU,rotenone,27,1,4,SNU|rotenone,train
SNU_Rotenone_500nM_28,SNU,rotenone,28,1,4,SNU|rotenone,train
SNU_Rotenone_500nM_29,SNU,rotenone,29,1,4,SNU|rotenone,train
SNU_Rotenone_500nM_30,SNU,rotenone,30,1,4,SNU|rotenone,test
SNU_Rotenone_500nM_31,SNU,rotenone,31,1,4,SNU|rotenone,test
SNU_Rotenone_500nM_32,SNU,rotenone,32,1,4,SNU|rotenone,train
SNU_Rotenone_500nM_33,SNU,rotenone,33,1,4,SNU|rotenone,train
SNU_Rotenone_500nM_34,SNU,rotenone,34,1,4,SNU|rotenone,train
SNU_Rotenone_500nM_35,SNU,rotenone,35,1,4,SNU|rotenone,train
SNU_Rotenone_500nM_36,SNU,rotenone,36,1,4,SNU|rotenone,train
SNU_Rotenone_500nM_37,SNU,rotenone,37,1,4,SNU|rotenone,train
SNU_Rotenone_500nM_38,SNU,rotenone,38,1,4,SNU|rotenone,train
SNU_Rotenone_500nM_39,SNU,rotenone,39,1,4,SNU|rotenone,train
SNU_Rotenone_500nM_40,SNU,rotenone,40,1,4,SNU|rotenone,train
SNU_Rotenone_500nM_41,SNU,rotenone,41,1,4,SNU|rotenone,train
SNU_Rotenone_500nM_42,SNU,rotenone,42,1,4,SNU|rotenone,val
SNU_Rotenone_500nM_43,SNU,rotenone,43,1,4,SNU|rotenone,train
SNU_Rotenone_500nM_44,SNU,rotenone,44,1,4,SNU|rotenone,train
SNU_Rotenone_500nM_45,SNU,rotenone,45,1,4,SNU|rotenone,train
SNU_Rotenone_500nM_46,SNU,rotenone,46,1,4,SNU|rotenone,val
SNU_Rotenone_500nM_47,SNU,rotenone,47,1,4,SNU|rotenone,val
SNU_Rotenone_500nM_48,SNU,rotenone,48,1,4,SNU|rotenone,train
SNU_Rotenone_500nM_49,SNU,rotenone,49,1,4,SNU|rotenone,train
SNU_Rotenone_500nM_50,SNU,rotenone,50,1,4,SNU|rotenone,train
SNU_blebbistatin_01,SNU,blebbistatin,1,1,1,SNU|blebbistatin,train
SNU_blebbistatin_02,SNU,blebbistatin,2,1,1,SNU|blebbistatin,train
SNU_blebbistatin_03,SNU,blebbistatin,3,1,1,SNU|blebbistatin,train
SNU_blebbistatin_04,SNU,blebbistatin,4,1,1,SNU|blebbistatin,train
SNU_blebbistatin_05,SNU,blebbistatin,5,1,1,SNU|blebbistatin,val
SNU_blebbistatin_06,SNU,blebbistatin,6,1,1,SNU|blebbistatin,train
SNU_blebbistatin_07,SNU,blebbistatin,7,1,1,SNU|blebbistatin,test
SNU_blebbistatin_08,SNU,blebbistatin,8,1,1,SNU|blebbistatin,train
SNU_blebbistatin_09,SNU,blebbistatin,9,1,1,SNU|blebbistatin,val
SNU_blebbistatin_10,SNU,blebbistatin,10,1,1,SNU|blebbistatin,train
SNU_blebbistatin_11,SNU,blebbistatin,11,1,1,SNU|blebbistatin,train
SNU_blebbistatin_12,SNU,blebbistatin,12,1,1,SNU|blebbistatin,val
SNU_blebbistatin_13,SNU,blebbistatin,13,1,1,SNU|blebbistatin,test
SNU_blebbistatin_14,SNU,blebbistatin,14,1,1,SNU|blebbistatin,train
SNU_blebbistatin_15,SNU,blebbistatin,15,1,1,SNU|blebbistatin,train
SNU_blebbistatin_16,SNU,blebbistatin,16,1,1,SNU|blebbistatin,test
SNU_blebbistatin_17,SNU,blebbistatin,17,1,1,SNU|blebbistatin,train
SNU_blebbistatin_18,SNU,blebbistatin,18,1,1,SNU|blebbistatin,val
SNU_blebbistatin_19,SNU,blebbistatin,19,1,1,SNU|blebbistatin,train
SNU_blebbistatin_20,SNU,blebbistatin,20,1,1,SNU|blebbistatin,train
SNU_blebbistatin_21,SNU,blebbistatin,21,1,1,SNU|blebbistatin,train
SNU_blebbistatin_22,SNU,blebbistatin,22,1,1,SNU|blebbistatin,test
SNU_blebbistatin_23,SNU,blebbistatin,23,1,1,SNU|blebbistatin,train
SNU_blebbistatin_24,SNU,blebbistatin,24,1,1,SNU|blebbistatin,train
SNU_blebbistatin_25,SNU,blebbistatin,25,1,1,SNU|blebbistatin,train
SNU_blebbistatin_26,SNU,blebbistatin,26,1,1,SNU|blebbistatin,train
SNU_blebbistatin_27,SNU,blebbistatin,27,1,1,SNU|blebbistatin,train
SNU_blebbistatin_28,SNU,blebbistatin,28,1,1,SNU|blebbistatin,val
SNU_blebbistatin_29,SNU,blebbistatin,29,1,1,SNU|blebbistatin,val
SNU_blebbistatin_30,SNU,blebbistatin,30,1,1,SNU|blebbistatin,val
SNU_blebbistatin_31,SNU,blebbistatin,31,1,1,SNU|blebbistatin,train
SNU_blebbistatin_32,SNU,blebbistatin,32,1,1,SNU|blebbistatin,train
SNU_blebbistatin_33,SNU,blebbistatin,33,1,1,SNU|blebbistatin,train
SNU_blebbistatin_34,SNU,blebbistatin,34,1,1,SNU|blebbistatin,train
SNU_blebbistatin_35,SNU,blebbistatin,35,1,1,SNU|blebbistatin,test
SNU_blebbistatin_36,SNU,blebbistatin,36,1,1,SNU|blebbistatin,train
SNU_blebbistatin_37,SNU,blebbistatin,37,1,1,SNU|blebbistatin,train
SNU_blebbistatin_38,SNU,blebbistatin,38,1,1,SNU|blebbistatin,train
SNU_blebbistatin_39,SNU,blebbistatin,39,1,1,SNU|blebbistatin,train
SNU_blebbistatin_40,SNU,blebbistatin,40,1,1,SNU|blebbistatin,train
SNU_blebbistatin_41,SNU,blebbistatin,41,1,1,SNU|blebbistatin,train
SNU_blebbistatin_42,SNU,blebbistatin,42,1,1,SNU|blebbistatin,train
SNU_blebbistatin_43,SNU,blebbistatin,43,1,1,SNU|blebbistatin,train
SNU_blebbistatin_44,SNU,blebbistatin,44,1,1,SNU|blebbistatin,train
SNU_blebbistatin_45,SNU,blebbistatin,45,1,1,SNU|blebbistatin,train
SNU_blebbistatin_46,SNU,blebbistatin,46,1,1,SNU|blebbistatin,test
SNU_blebbistatin_47,SNU,blebbistatin,47,1,1,SNU|blebbistatin,test
SNU_blebbistatin_48,SNU,blebbistatin,48,1,1,SNU|blebbistatin,train
SNU_blebbistatin_49,SNU,blebbistatin,49,1,1,SNU|blebbistatin,train
SNU_blebbistatin_50,SNU,blebbistatin,50,1,1,SNU|blebbistatin,val
SNU_staurosporine_01,SNU,staurosporine,1,1,3,SNU|staurosporine,train
SNU_staurosporine_02,SNU,staurosporine,2,1,3,SNU|staurosporine,train
SNU_staurosporine_03,SNU,staurosporine,3,1,3,SNU|staurosporine,train
SNU_staurosporine_04,SNU,staurosporine,4,1,3,SNU|staurosporine,train
SNU_staurosporine_05,SNU,staurosporine,5,1,3,SNU|staurosporine,test
SNU_staurosporine_06,SNU,staurosporine,6,1,3,SNU|staurosporine,train
SNU_staurosporine_07,SNU,staurosporine,7,1,3,SNU|staurosporine,train
SNU_staurosporine_08,SNU,staurosporine,8,1,3,SNU|staurosporine,test
SNU_staurosporine_09,SNU,staurosporine,9,1,3,SNU|staurosporine,train
SNU_staurosporine_10,SNU,staurosporine,10,1,3,SNU|staurosporine,train
SNU_staurosporine_11,SNU,staurosporine,11,1,3,SNU|staurosporine,train
SNU_staurosporine_12,SNU,staurosporine,12,1,3,SNU|staurosporine,train
SNU_staurosporine_13,SNU,staurosporine,13,1,3,SNU|staurosporine,train
SNU_staurosporine_14,SNU,staurosporine,14,1,3,SNU|staurosporine,train
SNU_staurosporine_15,SNU,staurosporine,15,1,3,SNU|staurosporine,train
SNU_staurosporine_16,SNU,staurosporine,16,1,3,SNU|staurosporine,train
SNU_staurosporine_17,SNU,staurosporine,17,1,3,SNU|staurosporine,train
SNU_staurosporine_18,SNU,staurosporine,18,1,3,SNU|staurosporine,train
SNU_staurosporine_19,SNU,staurosporine,19,1,3,SNU|staurosporine,val
SNU_staurosporine_20,SNU,staurosporine,20,1,3,SNU|staurosporine,val
SNU_staurosporine_21,SNU,staurosporine,21,1,3,SNU|staurosporine,test
SNU_staurosporine_22,SNU,staurosporine,22,1,3,SNU|staurosporine,test
SNU_staurosporine_23,SNU,staurosporine,23,1,3,SNU|staurosporine,train
SNU_staurosporine_24,SNU,staurosporine,24,1,3,SNU|staurosporine,train
SNU_staurosporine_25,SNU,staurosporine,25,1,3,SNU|staurosporine,train
SNU_staurosporine_26,SNU,staurosporine,26,1,3,SNU|staurosporine,val
SNU_staurosporine_27,SNU,staurosporine,27,1,3,SNU|staurosporine,val
SNU_staurosporine_28,SNU,staurosporine,28,1,3,SNU|staurosporine,train
SNU_staurosporine_29,SNU,staurosporine,29,1,3,SNU|staurosporine,train
SNU_staurosporine_30,SNU,staurosporine,30,1,3,SNU|staurosporine,train
SNU_staurosporine_31,SNU,staurosporine,31,1,3,SNU|staurosporine,train
SNU_staurosporine_32,SNU,staurosporine,32,1,3,SNU|staurosporine,train
SNU_staurosporine_33,SNU,staurosporine,33,1,3,SNU|staurosporine,val
SNU_staurosporine_34,SNU,staurosporine,34,1,3,SNU|staurosporine,train
SNU_staurosporine_35,SNU,staurosporine,35,1,3,SNU|staurosporine,train
SNU_staurosporine_36,SNU,staurosporine,36,1,3,SNU|staurosporine,val
SNU_staurosporine_37,SNU,staurosporine,37,1,3,SNU|staurosporine,train
SNU_staurosporine_38,SNU,staurosporine,38,1,3,SNU|staurosporine,train
SNU_staurosporine_39,SNU,staurosporine,39,1,3,SNU|staurosporine,train
SNU_staurosporine_40,SNU,staurosporine,40,1,3,SNU|staurosporine,test
SNU_staurosporine_41,SNU,staurosporine,41,1,3,SNU|staurosporine,train
SNU_staurosporine_42,SNU,staurosporine,42,1,3,SNU|staurosporine,train
SNU_staurosporine_43,SNU,staurosporine,43,1,3,SNU|staurosporine,test
SNU_staurosporine_44,SNU,staurosporine,44,1,3,SNU|staurosporine,train
SNU_staurosporine_45,SNU,staurosporine,45,1,3,SNU|staurosporine,val
SNU_staurosporine_46,SNU,staurosporine,46,1,3,SNU|staurosporine,val
SNU_staurosporine_47,SNU,staurosporine,47,1,3,SNU|staurosporine,train
SNU_staurosporine_48,SNU,staurosporine,48,1,3,SNU|staurosporine,train
SNU_staurosporine_49,SNU,staurosporine,49,1,3,SNU|staurosporine,test
SNU_staurosporine_50,SNU,staurosporine,50,1,3,SNU|staurosporine,train
T24_01,T24,control,1,2,0,T24|control,train
T24_02,T24,control,2,2,0,T24|control,train
T24_03,T24,control,3,2,0,T24|control,train
T24_04,T24,control,4,2,0,T24|control,train
T24_05,T24,control,5,2,0,T24|control,val
T24_06,T24,control,6,2,0,T24|control,train
T24_07,T24,control,7,2,0,T24|control,train
T24_08,T24,control,8,2,0,T24|control,train
T24_09,T24,control,9,2,0,T24|control,train
T24_10,T24,control,10,2,0,T24|control,train
T24_11,T24,control,11,2,0,T24|control,test
T24_12,T24,control,12,2,0,T24|control,train
T24_13,T24,control,13,2,0,T24|control,train
T24_14,T24,control,14,2,0,T24|control,train
T24_15,T24,control,15,2,0,T24|control,train
T24_16,T24,control,16,2,0,T24|control,test
T24_17,T24,control,17,2,0,T24|control,test
T24_18,T24,control,18,2,0,T24|control,val
T24_19,T24,control,19,2,0,T24|control,val
T24_20,T24,control,20,2,0,T24|control,train
T24_21,T24,control,21,2,0,T24|control,train
T24_22,T24,control,22,2,0,T24|control,train
T24_23,T24,control,23,2,0,T24|control,train
T24_24,T24,control,24,2,0,T24|control,train
T24_25,T24,control,25,2,0,T24|control,train
T24_26,T24,control,26,2,0,T24|control,train
T24_27,T24,control,27,2,0,T24|control,train
T24_28,T24,control,28,2,0,T24|control,train
T24_29,T24,control,29,2,0,T24|control,test
T24_30,T24,control,30,2,0,T24|control,train
T24_31,T24,control,31,2,0,T24|control,test
T24_32,T24,control,32,2,0,T24|control,val
T24_33,T24,control,33,2,0,T24|control,train
T24_34,T24,control,34,2,0,T24|control,val
T24_35,T24,control,35,2,0,T24|control,train
T24_36,T24,control,36,2,0,T24|control,train
T24_37,T24,control,37,2,0,T24|control,train
T24_38,T24,control,38,2,0,T24|control,train
T24_39,T24,control,39,2,0,T24|control,train
T24_40,T24,control,40,2,0,T24|control,train
T24_41,T24,control,41,2,0,T24|control,test
T24_42,T24,control,42,2,0,T24|control,train
T24_43,T24,control,43,2,0,T24|control,val
T24_44,T24,control,44,2,0,T24|control,train
T24_45,T24,control,45,2,0,T24|control,val
T24_46,T24,control,46,2,0,T24|control,train
T24_47,T24,control,47,2,0,T24|control,val
T24_48,T24,control,48,2,0,T24|control,test
T24_49,T24,control,49,2,0,T24|control,train
T24_50,T24,control,50,2,0,T24|control,train
T24_Blebbistatin_5uM_01,T24,blebbistatin,1,2,1,T24|blebbistatin,train
T24_Blebbistatin_5uM_02,T24,blebbistatin,2,2,1,T24|blebbistatin,test
T24_Blebbistatin_5uM_03,T24,blebbistatin,3,2,1,T24|blebbistatin,test
T24_Blebbistatin_5uM_04,T24,blebbistatin,4,2,1,T24|blebbistatin,train
T24_Blebbistatin_5uM_05,T24,blebbistatin,5,2,1,T24|blebbistatin,val
T24_Blebbistatin_5uM_06,T24,blebbistatin,6,2,1,T24|blebbistatin,train
T24_Blebbistatin_5uM_07,T24,blebbistatin,7,2,1,T24|blebbistatin,train
T24_Blebbistatin_5uM_08,T24,blebbistatin,8,2,1,T24|blebbistatin,train
T24_Blebbistatin_5uM_09,T24,blebbistatin,9,2,1,T24|blebbistatin,train
T24_Blebbistatin_5uM_10,T24,blebbistatin,10,2,1,T24|blebbistatin,test
T24_Blebbistatin_5uM_11,T24,blebbistatin,11,2,1,T24|blebbistatin,train
T24_Blebbistatin_5uM_12,T24,blebbistatin,12,2,1,T24|blebbistatin,train
T24_Blebbistatin_5uM_13,T24,blebbistatin,13,2,1,T24|blebbistatin,test
T24_Blebbistatin_5uM_14,T24,blebbistatin,14,2,1,T24|blebbistatin,train
T24_Blebbistatin_5uM_15,T24,blebbistatin,15,2,1,T24|blebbistatin,test
T24_Blebbistatin_5uM_16,T24,blebbistatin,16,2,1,T24|blebbistatin,val
T24_Blebbistatin_5uM_17,T24,blebbistatin,17,2,1,T24|blebbistatin,train
T24_Blebbistatin_5uM_18,T24,blebbistatin,18,2,1,T24|blebbistatin,train
T24_Blebbistatin_5uM_19,T24,blebbistatin,19,2,1,T24|blebbistatin,train
T24_Blebbistatin_5uM_20,T24,blebbistatin,20,2,1,T24|blebbistatin,test
T24_Blebbistatin_5uM_21,T24,blebbistatin,21,2,1,T24|blebbistatin,train
T24_Blebbistatin_5uM_22,T24,blebbistatin,22,2,1,T24|blebbistatin,train
T24_Blebbistatin_5uM_23,T24,blebbistatin,23,2,1,T24|blebbistatin,train
T24_Blebbistatin_5uM_24,T24,blebbistatin,24,2,1,T24|blebbistatin,train
T24_Blebbistatin_5uM_25,T24,blebbistatin,25,2,1,T24|blebbistatin,train
T24_Blebbistatin_5uM_26,T24,blebbistatin,26,2,1,T24|blebbistatin,train
T24_Blebbistatin_5uM_27,T24,blebbistatin,27,2,1,T24|blebbistatin,val
T24_Blebbistatin_5uM_28,T24,blebbistatin,28,2,1,T24|blebbistatin,train
T24_Blebbistatin_5uM_29,T24,blebbistatin,29,2,1,T24|blebbistatin,train
T24_Blebbistatin_5uM_30,T24,blebbistatin,30,2,1,T24|blebbistatin,val
T24_Blebbistatin_5uM_31,T24,blebbistatin,31,2,1,T24|blebbistatin,val
T24_Blebbistatin_5uM_32,T24,blebbistatin,32,2,1,T24|blebbistatin,train
T24_Blebbistatin_5uM_33,T24,blebbistatin,33,2,1,T24|blebbistatin,train
T24_Blebbistatin_5uM_34,T24,blebbistatin,34,2,1,T24|blebbistatin,train
T24_Blebbistatin_5uM_35,T24,blebbistatin,35,2,1,T24|blebbistatin,train
T24_Blebbistatin_5uM_36,T24,blebbistatin,36,2,1,T24|blebbistatin,train
T24_Blebbistatin_5uM_37,T24,blebbistatin,37,2,1,T24|blebbistatin,val
T24_Blebbistatin_5uM_38,T24,blebbistatin,38,2,1,T24|blebbistatin,train
T24_Blebbistatin_5uM_39,T24,blebbistatin,39,2,1,T24|blebbistatin,train
T24_Blebbistatin_5uM_40,T24,blebbistatin,40,2,1,T24|blebbistatin,val
T24_Blebbistatin_5uM_41,T24,blebbistatin,41,2,1,T24|blebbistatin,train
T24_Blebbistatin_5uM_42,T24,blebbistatin,42,2,1,T24|blebbistatin,train
T24_Blebbistatin_5uM_43,T24,blebbistatin,43,2,1,T24|blebbistatin,train
T24_Blebbistatin_5uM_44,T24,blebbistatin,44,2,1,T24|blebbistatin,test
T24_Blebbistatin_5uM_45,T24,blebbistatin,45,2,1,T24|blebbistatin,train
T24_Blebbistatin_5uM_46,T24,blebbistatin,46,2,1,T24|blebbistatin,train
T24_Blebbistatin_5uM_47,T24,blebbistatin,47,2,1,T24|blebbistatin,val
T24_Blebbistatin_5uM_48,T24,blebbistatin,48,2,1,T24|blebbistatin,train
T24_Blebbistatin_5uM_49,T24,blebbistatin,49,2,1,T24|blebbistatin,train
T24_Blebbistatin_5uM_50,T24,blebbistatin,50,2,1,T24|blebbistatin,train
T24_FCCP_10uM_01,T24,fccp,1,2,2,T24|fccp,train
T24_FCCP_10uM_02,T24,fccp,2,2,2,T24|fccp,test
T24_FCCP_10uM_03,T24,fccp,3,2,2,T24|fccp,train
T24_FCCP_10uM_04,T24,fccp,4,2,2,T24|fccp,train
T24_FCCP_10uM_05,T24,fccp,5,2,2,T24|fccp,train
T24_FCCP_10uM_06,T24,fccp,6,2,2,T24|fccp,train
T24_FCCP_10uM_07,T24,fccp,7,2,2,T24|fccp,train
T24_FCCP_10uM_08,T24,fccp,8,2,2,T24|fccp,train
T24_FCCP_10uM_09,T24,fccp,9,2,2,T24|fccp,val
T24_FCCP_10uM_10,T24,fccp,10,2,2,T24|fccp,train
T24_FCCP_10uM_11,T24,fccp,11,2,2,T24|fccp,val
T24_FCCP_10uM_12,T24,fccp,12,2,2,T24|fccp,train
T24_FCCP_10uM_13,T24,fccp,13,2,2,T24|fccp,train
T24_FCCP_10uM_14,T24,fccp,14,2,2,T24|fccp,train
T24_FCCP_10uM_15,T24,fccp,15,2,2,T24|fccp,test
T24_FCCP_10uM_16,T24,fccp,16,2,2,T24|fccp,train
T24_FCCP_10uM_17,T24,fccp,17,2,2,T24|fccp,train
T24_FCCP_10uM_18,T24,fccp,18,2,2,T24|fccp,test
T24_FCCP_10uM_19,T24,fccp,19,2,2,T24|fccp,train
T24_FCCP_10uM_20,T24,fccp,20,2,2,T24|fccp,train
T24_FCCP_10uM_21,T24,fccp,21,2,2,T24|fccp,train
T24_FCCP_10uM_22,T24,fccp,22,2,2,T24|fccp,val
T24_FCCP_10uM_23,T24,fccp,23,2,2,T24|fccp,train
T24_FCCP_10uM_24,T24,fccp,24,2,2,T24|fccp,train
T24_FCCP_10uM_25,T24,fccp,25,2,2,T24|fccp,test
T24_FCCP_10uM_26,T24,fccp,26,2,2,T24|fccp,val
T24_FCCP_10uM_27,T24,fccp,27,2,2,T24|fccp,train
T24_FCCP_10uM_28,T24,fccp,28,2,2,T24|fccp,test
T24_FCCP_10uM_29,T24,fccp,29,2,2,T24|fccp,train
T24_FCCP_10uM_30,T24,fccp,30,2,2,T24|fccp,val
T24_FCCP_10uM_31,T24,fccp,31,2,2,T24|fccp,train
T24_FCCP_10uM_32,T24,fccp,32,2,2,T24|fccp,test
T24_FCCP_10uM_33,T24,fccp,33,2,2,T24|fccp,train
T24_FCCP_10uM_34,T24,fccp,34,2,2,T24|fccp,train
T24_FCCP_10uM_35,T24,fccp,35,2,2,T24|fccp,val
T24_FCCP_10uM_36,T24,fccp,36,2,2,T24|fccp,train
T24_FCCP_10uM_37,T24,fccp,37,2,2,T24|fccp,train
T24_FCCP_10uM_38,T24,fccp,38,2,2,T24|fccp,train
T24_FCCP_10uM_39,T24,fccp,39,2,2,T24|fccp,train
T24_FCCP_10uM_40,T24,fccp,40,2,2,T24|fccp,train
T24_FCCP_10uM_41,T24,fccp,41,2,2,T24|fccp,train
T24_FCCP_10uM_42,T24,fccp,42,2,2,T24|fccp,val
T24_FCCP_10uM_43,T24,fccp,43,2,2,T24|fccp,train
T24_FCCP_10uM_44,T24,fccp,44,2,2,T24|fccp,train
T24_FCCP_10uM_45,T24,fccp,45,2,2,T24|fccp,val
T24_FCCP_10uM_46,T24,fccp,46,2,2,T24|fccp,train
T24_FCCP_10uM_47,T24,fccp,47,2,2,T24|fccp,train
T24_FCCP_10uM_48,T24,fccp,48,2,2,T24|fccp,train
T24_FCCP_10uM_49,T24,fccp,49,2,2,T24|fccp,train
T24_FCCP_10uM_50,T24,fccp,50,2,2,T24|fccp,test
T24_Staurosporine_100nM_01,T24,staurosporine,1,2,3,T24|staurosporine,train
T24_Staurosporine_100nM_02,T24,staurosporine,2,2,3,T24|staurosporine,train
T24_Staurosporine_100nM_03,T24,staurosporine,3,2,3,T24|staurosporine,train
T24_Staurosporine_100nM_04,T24,staurosporine,4,2,3,T24|staurosporine,train
T24_Staurosporine_100nM_05,T24,staurosporine,5,2,3,T24|staurosporine,train
T24_Staurosporine_100nM_06,T24,staurosporine,6,2,3,T24|staurosporine,train
T24_Staurosporine_100nM_07,T24,staurosporine,7,2,3,T24|staurosporine,train
T24_Staurosporine_100nM_08,T24,staurosporine,8,2,3,T24|staurosporine,train
T24_Staurosporine_100nM_09,T24,staurosporine,9,2,3,T24|staurosporine,train
T24_Staurosporine_100nM_10,T24,staurosporine,10,2,3,T24|staurosporine,test
T24_Staurosporine_100nM_11,T24,staurosporine,11,2,3,T24|staurosporine,train
T24_Staurosporine_100nM_12,T24,staurosporine,12,2,3,T24|staurosporine,test
T24_Staurosporine_100nM_13,T24,staurosporine,13,2,3,T24|staurosporine,train
T24_Staurosporine_100nM_14,T24,staurosporine,14,2,3,T24|staurosporine,train
T24_Staurosporine_100nM_15,T24,staurosporine,15,2,3,T24|staurosporine,train
T24_Staurosporine_100nM_16,T24,staurosporine,16,2,3,T24|staurosporine,train
T24_Staurosporine_100nM_17,T24,staurosporine,17,2,3,T24|staurosporine,train
T24_Staurosporine_100nM_18,T24,staurosporine,18,2,3,T24|staurosporine,val
T24_Staurosporine_100nM_19,T24,staurosporine,19,2,3,T24|staurosporine,train
T24_Staurosporine_100nM_20,T24,staurosporine,20,2,3,T24|staurosporine,train
T24_Staurosporine_100nM_21,T24,staurosporine,21,2,3,T24|staurosporine,train
T24_Staurosporine_100nM_22,T24,staurosporine,22,2,3,T24|staurosporine,train
T24_Staurosporine_100nM_23,T24,staurosporine,23,2,3,T24|staurosporine,train
T24_Staurosporine_100nM_24,T24,staurosporine,24,2,3,T24|staurosporine,train
T24_Staurosporine_100nM_25,T24,staurosporine,25,2,3,T24|staurosporine,train
T24_Staurosporine_100nM_26,T24,staurosporine,26,2,3,T24|staurosporine,train
T24_Staurosporine_100nM_27,T24,staurosporine,27,2,3,T24|staurosporine,train
T24_Staurosporine_100nM_28,T24,staurosporine,28,2,3,T24|staurosporine,test
T24_Staurosporine_100nM_29,T24,staurosporine,29,2,3,T24|staurosporine,train
T24_Staurosporine_100nM_30,T24,staurosporine,30,2,3,T24|staurosporine,test
T24_Staurosporine_100nM_31,T24,staurosporine,31,2,3,T24|staurosporine,val
T24_Staurosporine_100nM_32,T24,staurosporine,32,2,3,T24|staurosporine,train
T24_Staurosporine_100nM_33,T24,staurosporine,33,2,3,T24|staurosporine,train
T24_Staurosporine_100nM_34,T24,staurosporine,34,2,3,T24|staurosporine,test
T24_Staurosporine_100nM_35,T24,staurosporine,35,2,3,T24|staurosporine,val
T24_Staurosporine_100nM_36,T24,staurosporine,36,2,3,T24|staurosporine,train
T24_Staurosporine_100nM_37,T24,staurosporine,37,2,3,T24|staurosporine,train
T24_Staurosporine_100nM_38,T24,staurosporine,38,2,3,T24|staurosporine,train
T24_Staurosporine_100nM_39,T24,staurosporine,39,2,3,T24|staurosporine,train
T24_Staurosporine_100nM_40,T24,staurosporine,40,2,3,T24|staurosporine,val
T24_Staurosporine_100nM_41,T24,staurosporine,41,2,3,T24|staurosporine,test
T24_Staurosporine_100nM_42,T24,staurosporine,42,2,3,T24|staurosporine,val
T24_Staurosporine_100nM_43,T24,staurosporine,43,2,3,T24|staurosporine,val
T24_Staurosporine_100nM_44,T24,staurosporine,44,2,3,T24|staurosporine,train
T24_Staurosporine_100nM_45,T24,staurosporine,45,2,3,T24|staurosporine,train
T24_Staurosporine_100nM_46,T24,staurosporine,46,2,3,T24|staurosporine,test
T24_Staurosporine_100nM_47,T24,staurosporine,47,2,3,T24|staurosporine,train
T24_Staurosporine_100nM_48,T24,staurosporine,48,2,3,T24|staurosporine,val
T24_Staurosporine_100nM_49,T24,staurosporine,49,2,3,T24|staurosporine,val
T24_Staurosporine_100nM_50,T24,staurosporine,50,2,3,T24|staurosporine,train
T24_rotenone_500nM_01,T24,rotenone,1,2,4,T24|rotenone,train
T24_rotenone_500nM_02,T24,rotenone,2,2,4,T24|rotenone,test
T24_rotenone_500nM_03,T24,rotenone,3,2,4,T24|rotenone,train
T24_rotenone_500nM_04,T24,rotenone,4,2,4,T24|rotenone,train
T24_rotenone_500nM_05,T24,rotenone,5,2,4,T24|rotenone,train
T24_rotenone_500nM_06,T24,rotenone,6,2,4,T24|rotenone,train
T24_rotenone_500nM_07,T24,rotenone,7,2,4,T24|rotenone,train
T24_rotenone_500nM_08,T24,rotenone,8,2,4,T24|rotenone,val
T24_rotenone_500nM_09,T24,rotenone,9,2,4,T24|rotenone,test
T24_rotenone_500nM_10,T24,rotenone,10,2,4,T24|rotenone,test
T24_rotenone_500nM_11,T24,rotenone,11,2,4,T24|rotenone,val
T24_rotenone_500nM_12,T24,rotenone,12,2,4,T24|rotenone,train
T24_rotenone_500nM_13,T24,rotenone,13,2,4,T24|rotenone,train
T24_rotenone_500nM_14,T24,rotenone,14,2,4,T24|rotenone,val
T24_rotenone_500nM_15,T24,rotenone,15,2,4,T24|rotenone,train
T24_rotenone_500nM_16,T24,rotenone,16,2,4,T24|rotenone,test
T24_rotenone_500nM_17,T24,rotenone,17,2,4,T24|rotenone,val
T24_rotenone_500nM_18,T24,rotenone,18,2,4,T24|rotenone,train
T24_rotenone_500nM_19,T24,rotenone,19,2,4,T24|rotenone,train
T24_rotenone_500nM_20,T24,rotenone,20,2,4,T24|rotenone,train
T24_rotenone_500nM_21,T24,rotenone,21,2,4,T24|rotenone,train
T24_rotenone_500nM_22,T24,rotenone,22,2,4,T24|rotenone,train
T24_rotenone_500nM_23,T24,rotenone,23,2,4,T24|rotenone,train
T24_rotenone_500nM_24,T24,rotenone,24,2,4,T24|rotenone,val
T24_rotenone_500nM_25,T24,rotenone,25,2,4,T24|rotenone,train
T24_rotenone_500nM_26,T24,rotenone,26,2,4,T24|rotenone,train
T24_rotenone_500nM_27,T24,rotenone,27,2,4,T24|rotenone,train
T24_rotenone_500nM_28,T24,rotenone,28,2,4,T24|rotenone,train
T24_rotenone_500nM_29,T24,rotenone,29,2,4,T24|rotenone,train
T24_rotenone_500nM_30,T24,rotenone,30,2,4,T24|rotenone,val
T24_rotenone_500nM_31,T24,rotenone,31,2,4,T24|rotenone,test
T24_rotenone_500nM_32,T24,rotenone,32,2,4,T24|rotenone,train
T24_rotenone_500nM_33,T24,rotenone,33,2,4,T24|rotenone,train
T24_rotenone_500nM_34,T24,rotenone,34,2,4,T24|rotenone,train
T24_rotenone_500nM_35,T24,rotenone,35,2,4,T24|rotenone,train
T24_rotenone_500nM_36,T24,rotenone,36,2,4,T24|rotenone,train
T24_rotenone_500nM_37,T24,rotenone,37,2,4,T24|rotenone,val
T24_rotenone_500nM_38,T24,rotenone,38,2,4,T24|rotenone,train
T24_rotenone_500nM_39,T24,rotenone,39,2,4,T24|rotenone,train
T24_rotenone_500nM_40,T24,rotenone,40,2,4,T24|rotenone,test
T24_rotenone_500nM_41,T24,rotenone,41,2,4,T24|rotenone,train
T24_rotenone_500nM_42,T24,rotenone,42,2,4,T24|rotenone,train
T24_rotenone_500nM_43,T24,rotenone,43,2,4,T24|rotenone,test
T24_rotenone_500nM_44,T24,rotenone,44,2,4,T24|rotenone,val
T24_rotenone_500nM_45,T24,rotenone,45,2,4,T24|rotenone,train
T24_rotenone_500nM_46,T24,rotenone,46,2,4,T24|rotenone,train
T24_rotenone_500nM_47,T24,rotenone,47,2,4,T24|rotenone,train
T24_rotenone_500nM_48,T24,rotenone,48,2,4,T24|rotenone,train
T24_rotenone_500nM_49,T24,rotenone,49,2,4,T24|rotenone,train
T24_rotenone_500nM_50,T24,rotenone,50,2,4,T24|rotenone,train
