table,printed,key,formula
table_2.tex,560,split.A.train,
table_2.tex,127,split.A.val,
table_2.tex,113,split.A.test,
table_2.tex,521,split.G.train,
table_2.tex,122,split.G.val,
table_2.tex,107,split.G.test,
table_2.tex,3186,split.A.test_cells,
table_2.tex,3055,split.G.test_cells,
table_2.tex,-6,config.crop_offset_dy,
table_2.tex,-2,config.crop_offset_dx,
table_2.tex,9598099,hw.A.mean.params_total,
table_2.tex,9607412,hw.D0.mean.params_total,
table_2.tex,3360403,hw.KA.mean.params_total,
table_2.tex,45.85,hw.A.mean.gmacs,
table_2.tex,47.87,hw.D0.mean.gmacs,
table_2.tex,24.03,hw.KA.mean.gmacs,
table_4.tex,0.1968,classical113.off_axis.phase_mae_rad,
table_4.tex,0.1568,mean.A.phase_mae_rad,
table_4.tex,0.0023,sd.A.phase_mae_rad,
table_4.tex,-0.0400,mean.A.phase_mae_rad - classical113.off_axis.phase_mae_rad,difference
table_4.tex,0.3112,classical113.off_axis.phase_mae_rad_in_cell,
table_4.tex,0.2689,mean.A.phase_mae_rad_in_cell,
table_4.tex,0.0056,sd.A.phase_mae_rad_in_cell,
table_4.tex,-0.0423,mean.A.phase_mae_rad_in_cell - classical113.off_axis.phase_mae_rad_in_cell,difference
table_4.tex,0.7851,classical113.off_axis.phase_pearson_r,
table_4.tex,0.8741,mean.A.phase_pearson_r,
table_4.tex,0.0023,sd.A.phase_pearson_r,
table_4.tex,+0.0890,mean.A.phase_pearson_r - classical113.off_axis.phase_pearson_r,difference
table_4.tex,0.5299,classical113.off_axis.phase_ssim,
table_4.tex,0.6386,mean.A.phase_ssim,
table_4.tex,0.0053,sd.A.phase_ssim,
table_4.tex,+0.1087,mean.A.phase_ssim - classical113.off_axis.phase_ssim,difference
table_4.tex,0.8253,classical113.off_axis.seg_dice,
table_4.tex,0.8337,mean.A.seg_dice,
table_4.tex,0.0013,sd.A.seg_dice,
table_4.tex,+0.0085,mean.A.seg_dice - classical113.off_axis.seg_dice,difference
table_4.tex,0.6387,classical113.off_axis.seg_aji,
table_4.tex,0.6710,mean.A.seg_aji,
table_4.tex,0.0025,sd.A.seg_aji,
table_4.tex,+0.0322,mean.A.seg_aji - classical113.off_axis.seg_aji,difference
table_4.tex,0.3954,classical113.off_axis.seg_boundary_f1,
table_4.tex,0.4687,mean.A.seg_boundary_f1,
table_4.tex,0.0053,sd.A.seg_boundary_f1,
table_4.tex,+0.0733,mean.A.seg_boundary_f1 - classical113.off_axis.seg_boundary_f1,difference
table_4.tex,0.5869,classical113.off_axis.detection_recall,
table_4.tex,0.5931,mean.A.detection_recall,
table_4.tex,0.0027,sd.A.detection_recall,
table_4.tex,+0.0062,mean.A.detection_recall - classical113.off_axis.detection_recall,difference
table_4.tex,0.7910,classical113.off_axis.detection_precision,
table_4.tex,0.8488,mean.A.detection_precision,
table_4.tex,0.0124,sd.A.detection_precision,
table_4.tex,+0.0577,mean.A.detection_precision - classical113.off_axis.detection_precision,difference
table_4.tex,0.1578,classical113.off_axis.area_mape,
table_4.tex,0.1568,mean.A.area_mape,
table_4.tex,0.0027,sd.A.area_mape,
table_4.tex,-0.0010,mean.A.area_mape - classical113.off_axis.area_mape,difference
table_4.tex,0.2203,classical113.off_axis.dry_mass_mape,
table_4.tex,0.1742,mean.A.dry_mass_mape,
table_4.tex,0.0045,sd.A.dry_mass_mape,
table_4.tex,-0.0461,mean.A.dry_mass_mape - classical113.off_axis.dry_mass_mape,difference
table_4.tex,0.8937,classical113.off_axis.dry_mass_cell_pearson_r,
table_4.tex,0.9363,mean.A.dry_mass_cell_pearson_r,
table_4.tex,0.0007,sd.A.dry_mass_cell_pearson_r,
table_4.tex,+0.0427,mean.A.dry_mass_cell_pearson_r - classical113.off_axis.dry_mass_cell_pearson_r,difference
table_4.tex,0.1094,classical113.off_axis.dry_mass_field_total_mape,
table_4.tex,0.1631,mean.A.dry_mass_field_total_mape,
table_4.tex,0.0141,sd.A.dry_mass_field_total_mape,
table_4.tex,+0.0537,mean.A.dry_mass_field_total_mape - classical113.off_axis.dry_mass_field_total_mape,difference
table_4.tex,3186,split.A.test_cells,
table_4.tex,1870,classical113.off_axis.cells_matched,
table_4.tex,1890,mean.A.cells_matched,
table_4.tex,9,sd.A.cells_matched,
table_5.tex,3,n.A.dry_mass_mape,
table_5.tex,0.1742,mean.A.dry_mass_mape,
table_5.tex,0.5102,mean.A.dry_mass_mape_coverage_adjusted,
table_5.tex,0.1631,mean.A.dry_mass_field_total_mape,
table_5.tex,0.1568,mean.A.area_mape,
table_5.tex,0.5931,mean.A.detection_recall,
table_5.tex,0.8488,mean.A.detection_precision,
table_5.tex,0.8337,mean.A.seg_dice,
table_5.tex,0.1568,mean.A.phase_mae_rad,
table_5.tex,3,n.B.dry_mass_mape,
table_5.tex,0.1883,mean.B.dry_mass_mape,
table_5.tex,0.5125,mean.B.dry_mass_mape_coverage_adjusted,
table_5.tex,0.1676,mean.B.dry_mass_field_total_mape,
table_5.tex,0.1679,mean.B.area_mape,
table_5.tex,0.6006,mean.B.detection_recall,
table_5.tex,0.8077,mean.B.detection_precision,
table_5.tex,0.8294,mean.B.seg_dice,
table_5.tex,0.1656,mean.B.phase_mae_rad,
table_5.tex,3,n.B1.dry_mass_mape,
table_5.tex,0.1887,mean.B1.dry_mass_mape,
table_5.tex,0.5222,mean.B1.dry_mass_mape_coverage_adjusted,
table_5.tex,0.1722,mean.B1.dry_mass_field_total_mape,
table_5.tex,0.1597,mean.B1.area_mape,
table_5.tex,0.5889,mean.B1.detection_recall,
table_5.tex,0.8460,mean.B1.detection_precision,
table_5.tex,0.8294,mean.B1.seg_dice,
table_5.tex,0.1644,mean.B1.phase_mae_rad,
table_5.tex,1,n.B2.dry_mass_mape,
table_5.tex,0.1850,mean.B2.dry_mass_mape,
table_5.tex,0.5075,mean.B2.dry_mass_mape_coverage_adjusted,
table_5.tex,0.1696,mean.B2.dry_mass_field_total_mape,
table_5.tex,0.1779,mean.B2.area_mape,
table_5.tex,0.6042,mean.B2.detection_recall,
table_5.tex,0.7958,mean.B2.detection_precision,
table_5.tex,0.8294,mean.B2.seg_dice,
table_5.tex,0.1646,mean.B2.phase_mae_rad,
table_5.tex,1,n.C.dry_mass_mape,
table_5.tex,0.1921,mean.C.dry_mass_mape,
table_5.tex,0.5182,mean.C.dry_mass_mape_coverage_adjusted,
table_5.tex,0.1651,mean.C.dry_mass_field_total_mape,
table_5.tex,0.1652,mean.C.area_mape,
table_5.tex,0.5964,mean.C.detection_recall,
table_5.tex,0.8183,mean.C.detection_precision,
table_5.tex,0.8309,mean.C.seg_dice,
table_5.tex,0.1654,mean.C.phase_mae_rad,
table_5.tex,1,n.W01.dry_mass_mape,
table_5.tex,0.1754,mean.W01.dry_mass_mape,
table_5.tex,0.5158,mean.W01.dry_mass_mape_coverage_adjusted,
table_5.tex,0.1830,mean.W01.dry_mass_field_total_mape,
table_5.tex,0.1504,mean.W01.area_mape,
table_5.tex,0.5873,mean.W01.detection_recall,
table_5.tex,0.8428,mean.W01.detection_precision,
table_5.tex,0.8331,mean.W01.seg_dice,
table_5.tex,0.1567,mean.W01.phase_mae_rad,
table_5.tex,1,n.W03.dry_mass_mape,
table_5.tex,0.1881,mean.W03.dry_mass_mape,
table_5.tex,0.5196,mean.W03.dry_mass_mape_coverage_adjusted,
table_5.tex,0.1953,mean.W03.dry_mass_field_total_mape,
table_5.tex,0.1564,mean.W03.area_mape,
table_5.tex,0.5917,mean.W03.detection_recall,
table_5.tex,0.8389,mean.W03.detection_precision,
table_5.tex,0.8328,mean.W03.seg_dice,
table_5.tex,0.1620,mean.W03.phase_mae_rad,
table_5.tex,3,n.B.dry_mass_mape,
table_5.tex,0.1883,mean.B.dry_mass_mape,
table_5.tex,0.5125,mean.B.dry_mass_mape_coverage_adjusted,
table_5.tex,0.1676,mean.B.dry_mass_field_total_mape,
table_5.tex,0.1679,mean.B.area_mape,
table_5.tex,0.6006,mean.B.detection_recall,
table_5.tex,0.8077,mean.B.detection_precision,
table_5.tex,0.8294,mean.B.seg_dice,
table_5.tex,0.1656,mean.B.phase_mae_rad,
table_5.tex,1,n.W30.dry_mass_mape,
table_5.tex,0.1963,mean.W30.dry_mass_mape,
table_5.tex,0.5197,mean.W30.dry_mass_mape_coverage_adjusted,
table_5.tex,0.1316,mean.W30.dry_mass_field_total_mape,
table_5.tex,0.1729,mean.W30.area_mape,
table_5.tex,0.5976,mean.W30.detection_recall,
table_5.tex,0.7855,mean.W30.detection_precision,
table_5.tex,0.8164,mean.W30.seg_dice,
table_5.tex,0.1813,mean.W30.phase_mae_rad,
table_5.tex,1,n.D0.dry_mass_mape,
table_5.tex,0.1857,mean.D0.dry_mass_mape,
table_5.tex,0.5157,mean.D0.dry_mass_mape_coverage_adjusted,
table_5.tex,0.1528,mean.D0.dry_mass_field_total_mape,
table_5.tex,0.1591,mean.D0.area_mape,
table_5.tex,0.5948,mean.D0.detection_recall,
table_5.tex,0.8282,mean.D0.detection_precision,
table_5.tex,0.8297,mean.D0.seg_dice,
table_5.tex,0.1633,mean.D0.phase_mae_rad,
table_5.tex,1,n.D1.dry_mass_mape,
table_5.tex,0.1855,mean.D1.dry_mass_mape,
table_5.tex,0.5081,mean.D1.dry_mass_mape_coverage_adjusted,
table_5.tex,0.1573,mean.D1.dry_mass_field_total_mape,
table_5.tex,0.1685,mean.D1.area_mape,
table_5.tex,0.6039,mean.D1.detection_recall,
table_5.tex,0.8297,mean.D1.detection_precision,
table_5.tex,0.8318,mean.D1.seg_dice,
table_5.tex,0.1647,mean.D1.phase_mae_rad,
table_5.tex,1,n.D2.dry_mass_mape,
table_5.tex,0.1920,mean.D2.dry_mass_mape,
table_5.tex,0.5212,mean.D2.dry_mass_mape_coverage_adjusted,
table_5.tex,0.1599,mean.D2.dry_mass_field_total_mape,
table_5.tex,0.1583,mean.D2.area_mape,
table_5.tex,0.5926,mean.D2.detection_recall,
table_5.tex,0.8248,mean.D2.detection_precision,
table_5.tex,0.8290,mean.D2.seg_dice,
table_5.tex,0.1636,mean.D2.phase_mae_rad,
table_5.tex,1,n.KA.dry_mass_mape,
table_5.tex,0.1740,mean.KA.dry_mass_mape,
table_5.tex,0.5123,mean.KA.dry_mass_mape_coverage_adjusted,
table_5.tex,0.1738,mean.KA.dry_mass_field_total_mape,
table_5.tex,0.1508,mean.KA.area_mape,
table_5.tex,0.5904,mean.KA.detection_recall,
table_5.tex,0.8496,mean.KA.detection_precision,
table_5.tex,0.8345,mean.KA.seg_dice,
table_5.tex,0.1562,mean.KA.phase_mae_rad,
table_5.tex,1,n.KB.dry_mass_mape,
table_5.tex,0.1887,mean.KB.dry_mass_mape,
table_5.tex,0.5088,mean.KB.dry_mass_mape_coverage_adjusted,
table_5.tex,0.1539,mean.KB.dry_mass_field_total_mape,
table_5.tex,0.1656,mean.KB.area_mape,
table_5.tex,0.6055,mean.KB.detection_recall,
table_5.tex,0.8174,mean.KB.detection_precision,
table_5.tex,0.8306,mean.KB.seg_dice,
table_5.tex,0.1652,mean.KB.phase_mae_rad,
table_5.tex,0.1872,run.W10.s42.dry_mass_mape,
table_5.tex,0.1875,run.B.s42.dry_mass_mape,
table_7.tex,0.1742,mean.A.dry_mass_mape,
table_7.tex,0.0045,sd.A.dry_mass_mape,
table_7.tex,0.1883,mean.B.dry_mass_mape,
table_7.tex,0.0052,sd.B.dry_mass_mape,
table_7.tex,0.1887,mean.B1.dry_mass_mape,
table_7.tex,0.0013,sd.B1.dry_mass_mape,
table_7.tex,0.1631,mean.A.dry_mass_field_total_mape,
table_7.tex,0.0141,sd.A.dry_mass_field_total_mape,
table_7.tex,0.1676,mean.B.dry_mass_field_total_mape,
table_7.tex,0.0084,sd.B.dry_mass_field_total_mape,
table_7.tex,0.1722,mean.B1.dry_mass_field_total_mape,
table_7.tex,0.0107,sd.B1.dry_mass_field_total_mape,
table_7.tex,-0.1560,mean.A.dry_mass_field_total_bias,
table_7.tex,0.0174,sd.A.dry_mass_field_total_bias,
table_7.tex,-0.1496,mean.B.dry_mass_field_total_bias,
table_7.tex,0.0181,sd.B.dry_mass_field_total_bias,
table_7.tex,-0.1667,mean.B1.dry_mass_field_total_bias,
table_7.tex,0.0078,sd.B1.dry_mass_field_total_bias,
table_7.tex,0.1568,mean.A.area_mape,
table_7.tex,0.0027,sd.A.area_mape,
table_7.tex,0.1679,mean.B.area_mape,
table_7.tex,0.0059,sd.B.area_mape,
table_7.tex,0.1597,mean.B1.area_mape,
table_7.tex,0.0014,sd.B1.area_mape,
table_7.tex,0.1568,mean.A.phase_mae_rad,
table_7.tex,0.0023,sd.A.phase_mae_rad,
table_7.tex,0.1656,mean.B.phase_mae_rad,
table_7.tex,0.0032,sd.B.phase_mae_rad,
table_7.tex,0.1644,mean.B1.phase_mae_rad,
table_7.tex,0.0015,sd.B1.phase_mae_rad,
table_7.tex,0.2689,mean.A.phase_mae_rad_in_cell,
table_7.tex,0.0056,sd.A.phase_mae_rad_in_cell,
table_7.tex,0.2876,mean.B.phase_mae_rad_in_cell,
table_7.tex,0.0064,sd.B.phase_mae_rad_in_cell,
table_7.tex,0.2946,mean.B1.phase_mae_rad_in_cell,
table_7.tex,0.0039,sd.B1.phase_mae_rad_in_cell,
table_7.tex,0.8741,mean.A.phase_pearson_r,
table_7.tex,0.0023,sd.A.phase_pearson_r,
table_7.tex,0.8636,mean.B.phase_pearson_r,
table_7.tex,0.0019,sd.B.phase_pearson_r,
table_7.tex,0.8655,mean.B1.phase_pearson_r,
table_7.tex,0.0005,sd.B1.phase_pearson_r,
table_7.tex,0.8337,mean.A.seg_dice,
table_7.tex,0.0013,sd.A.seg_dice,
table_7.tex,0.8294,mean.B.seg_dice,
table_7.tex,0.0032,sd.B.seg_dice,
table_7.tex,0.8294,mean.B1.seg_dice,
table_7.tex,0.0004,sd.B1.seg_dice,
table_7.tex,0.6710,mean.A.seg_aji,
table_7.tex,0.0025,sd.A.seg_aji,
table_7.tex,0.6616,mean.B.seg_aji,
table_7.tex,0.0059,sd.B.seg_aji,
table_7.tex,0.6632,mean.B1.seg_aji,
table_7.tex,0.0009,sd.B1.seg_aji,
table_7.tex,0.4687,mean.A.seg_boundary_f1,
table_7.tex,0.0053,sd.A.seg_boundary_f1,
table_7.tex,0.4518,mean.B.seg_boundary_f1,
table_7.tex,0.0093,sd.B.seg_boundary_f1,
table_7.tex,0.4477,mean.B1.seg_boundary_f1,
table_7.tex,0.0028,sd.B1.seg_boundary_f1,
table_7.tex,0.5931,mean.A.detection_recall,
table_7.tex,0.0027,sd.A.detection_recall,
table_7.tex,0.6006,mean.B.detection_recall,
table_7.tex,0.0034,sd.B.detection_recall,
table_7.tex,0.5889,mean.B1.detection_recall,
table_7.tex,0.0013,sd.B1.detection_recall,
table_7.tex,0.8488,mean.A.detection_precision,
table_7.tex,0.0124,sd.A.detection_precision,
table_7.tex,0.8077,mean.B.detection_precision,
table_7.tex,0.0138,sd.B.detection_precision,
table_7.tex,0.8460,mean.B1.detection_precision,
table_7.tex,0.0100,sd.B1.detection_precision,
table_7.tex,337,mean.A.cells_false_positive,
table_7.tex,32,sd.A.cells_false_positive,
table_7.tex,456,mean.B.cells_false_positive,
table_7.tex,40,sd.B.cells_false_positive,
table_7.tex,342,mean.B1.cells_false_positive,
table_7.tex,27,sd.B1.cells_false_positive,
table_7.tex,+0.0141,cmp.B_vs_A.dry_mass_mape.diff,
table_7.tex,0.0097,cmp.B_vs_A.dry_mass_mape.thr,
table_7.tex,+0.0045,cmp.B_vs_A.dry_mass_field_total_mape.diff,
table_7.tex,0.0232,cmp.B_vs_A.dry_mass_field_total_mape.thr,
table_7.tex,+0.0145,cmp.B1_vs_A.dry_mass_mape.diff,
table_7.tex,0.0066,cmp.B1_vs_A.dry_mass_mape.thr,
table_7.tex,+0.0091,cmp.B1_vs_A.dry_mass_field_total_mape.diff,
table_7.tex,0.0250,cmp.B1_vs_A.dry_mass_field_total_mape.thr,
table_7.tex,+0.0004,cmp.B1_vs_B.dry_mass_mape.diff,
table_7.tex,0.0076,cmp.B1_vs_B.dry_mass_mape.thr,
table_7.tex,+0.0046,cmp.B1_vs_B.dry_mass_field_total_mape.diff,
table_7.tex,0.0193,cmp.B1_vs_B.dry_mass_field_total_mape.thr,
table_7.tex,-0.0033,cmp.B2_vs_B.dry_mass_mape.diff,
table_7.tex,+0.0020,cmp.B2_vs_B.dry_mass_field_total_mape.diff,
table_7.tex,+0.0038,cmp.C_vs_B.dry_mass_mape.diff,
table_7.tex,-0.0025,cmp.C_vs_B.dry_mass_field_total_mape.diff,
table_7.tex,+0.0012,cmp.W01_vs_A.dry_mass_mape.diff,
table_7.tex,+0.0199,cmp.W01_vs_A.dry_mass_field_total_mape.diff,
table_7.tex,+0.0138,cmp.W03_vs_A.dry_mass_mape.diff,
table_7.tex,+0.0322,cmp.W03_vs_A.dry_mass_field_total_mape.diff,
table_7.tex,+0.0221,cmp.W30_vs_A.dry_mass_mape.diff,
table_7.tex,-0.0315,cmp.W30_vs_A.dry_mass_field_total_mape.diff,
table_7.tex,-0.0026,cmp.D0_vs_B.dry_mass_mape.diff,
table_7.tex,-0.0148,cmp.D0_vs_B.dry_mass_field_total_mape.diff,
table_7.tex,-0.0002,cmp.D1_vs_D0.dry_mass_mape.diff,
table_7.tex,+0.0046,cmp.D1_vs_D0.dry_mass_field_total_mape.diff,
table_7.tex,+0.0065,cmp.D2_vs_D1.dry_mass_mape.diff,
table_7.tex,+0.0025,cmp.D2_vs_D1.dry_mass_field_total_mape.diff,
table_7.tex,-0.0002,cmp.KA_vs_A.dry_mass_mape.diff,
table_7.tex,+0.0107,cmp.KA_vs_A.dry_mass_field_total_mape.diff,
table_7.tex,+0.0003,cmp.KB_vs_B.dry_mass_mape.diff,
table_7.tex,-0.0137,cmp.KB_vs_B.dry_mass_field_total_mape.diff,
table_6.tex,0.1568,mean.A.area_mape,
table_6.tex,0.0027,sd.A.area_mape,
table_6.tex,0.1471,run.A.s42.area_mape_ci_lower,
table_6.tex,0.1663,run.A.s42.area_mape_ci_upper,
table_6.tex,0.4999,mean.A.area_mape_coverage_adjusted,
table_6.tex,0.0036,sd.A.area_mape_coverage_adjusted,
table_6.tex,0.8986,mean.A.area_cell_pearson_r,
table_6.tex,0.0011,sd.A.area_cell_pearson_r,
table_6.tex,0.0571,mean.A.circularity_mape,
table_6.tex,0.0027,sd.A.circularity_mape,
table_6.tex,0.0493,run.A.s42.circularity_mape_ci_lower,
table_6.tex,0.0633,run.A.s42.circularity_mape_ci_upper,
table_6.tex,0.4408,mean.A.circularity_mape_coverage_adjusted,
table_6.tex,0.0039,sd.A.circularity_mape_coverage_adjusted,
table_6.tex,0.8861,mean.A.circularity_cell_pearson_r,
table_6.tex,0.0072,sd.A.circularity_cell_pearson_r,
table_6.tex,0.1742,mean.A.dry_mass_mape,
table_6.tex,0.0045,sd.A.dry_mass_mape,
table_6.tex,0.1650,run.A.s42.dry_mass_mape_ci_lower,
table_6.tex,0.1849,run.A.s42.dry_mass_mape_ci_upper,
table_6.tex,0.5102,mean.A.dry_mass_mape_coverage_adjusted,
table_6.tex,0.0041,sd.A.dry_mass_mape_coverage_adjusted,
table_6.tex,0.9363,mean.A.dry_mass_cell_pearson_r,
table_6.tex,0.0007,sd.A.dry_mass_cell_pearson_r,
table_6.tex,-0.162,mean.A.area_loa_lower,
table_6.tex,+0.292,mean.A.area_loa_upper,
table_6.tex,-0.0901,mean.A.area_field_total_bias,
table_6.tex,0.0037,sd.A.area_field_total_bias,
table_6.tex,0.1553,mean.A.area_field_total_mape,
table_6.tex,0.0047,sd.A.area_field_total_mape,
table_6.tex,0.9341,mean.A.area_field_total_pearson_r,
table_6.tex,0.0043,sd.A.area_field_total_pearson_r,
table_6.tex,+0.0649,mean.A.area_relative_bias,
table_6.tex,0.0028,sd.A.area_relative_bias,
table_6.tex,-0.054,mean.A.circularity_loa_lower,
table_6.tex,+0.097,mean.A.circularity_loa_upper,
table_6.tex,+0.0217,mean.A.circularity_relative_bias,
table_6.tex,0.0057,sd.A.circularity_relative_bias,
table_6.tex,-0.247,mean.A.dry_mass_loa_lower,
table_6.tex,+0.172,mean.A.dry_mass_loa_upper,
table_6.tex,-0.1560,mean.A.dry_mass_field_total_bias,
table_6.tex,0.0174,sd.A.dry_mass_field_total_bias,
table_6.tex,0.1631,mean.A.dry_mass_field_total_mape,
table_6.tex,0.0141,sd.A.dry_mass_field_total_mape,
table_6.tex,0.9883,mean.A.dry_mass_field_total_pearson_r,
table_6.tex,0.0007,sd.A.dry_mass_field_total_pearson_r,
table_6.tex,-0.0372,mean.A.dry_mass_relative_bias,
table_6.tex,0.0172,sd.A.dry_mass_relative_bias,
table_8.tex,0.0651,amp.D0.amplitude_mae,
table_8.tex,0.0665,amp.D1.amplitude_mae,
table_8.tex,0.0651,amp.D2.amplitude_mae,
table_8.tex,0.1469,amp.D0.amplitude_unity_mae,
table_8.tex,0.1469,amp.D1.amplitude_unity_mae,
table_8.tex,0.1469,amp.D2.amplitude_unity_mae,
table_8.tex,0.4429,amp.D0.amplitude_mae_over_unity,
table_8.tex,0.4526,amp.D1.amplitude_mae_over_unity,
table_8.tex,0.4436,amp.D2.amplitude_mae_over_unity,
table_8.tex,0.0906,amp.D0.amplitude_mae_in_cell,
table_8.tex,0.0922,amp.D1.amplitude_mae_in_cell,
table_8.tex,0.0898,amp.D2.amplitude_mae_in_cell,
table_8.tex,+0.0339,amp.D0.amplitude_bias,
table_8.tex,+0.0378,amp.D1.amplitude_bias,
table_8.tex,+0.0323,amp.D2.amplitude_bias,
table_8.tex,0.9047,amp.D0.amplitude_pearson_r,
table_8.tex,0.9064,amp.D1.amplitude_pearson_r,
table_8.tex,0.9045,amp.D2.amplitude_pearson_r,
table_8.tex,1.0324,amp.D0.amplitude_pred_mean,
table_8.tex,1.0363,amp.D1.amplitude_pred_mean,
table_8.tex,1.0308,amp.D2.amplitude_pred_mean,
table_8.tex,0.1207,amp.D0.amplitude_pred_sd,
table_8.tex,0.1223,amp.D1.amplitude_pred_sd,
table_8.tex,0.1200,amp.D2.amplitude_pred_sd,
table_8.tex,0.9985,amp.D0.amplitude_reference_mean,
table_8.tex,0.9985,amp.D1.amplitude_reference_mean,
table_8.tex,0.9985,amp.D2.amplitude_reference_mean,
table_8.tex,0.8948,mean.A.forward_residual,
table_8.tex,0.0002,sd.A.forward_residual,
table_8.tex,0.8968,mean.B.forward_residual,
table_8.tex,0.0005,sd.B.forward_residual,
table_8.tex,0.8699,mean.D0.forward_residual,
table_8.tex,0.8702,mean.D1.forward_residual,
table_8.tex,0.8699,mean.D2.forward_residual,
table_8.tex,0.8914,mean.A.forward_residual_reference,
table_8.tex,0.0000,sd.A.forward_residual_reference,
table_8.tex,0.8914,mean.B.forward_residual_reference,
table_8.tex,0.0000,sd.B.forward_residual_reference,
table_8.tex,0.8647,mean.D0.forward_residual_reference,
table_8.tex,0.8643,mean.D1.forward_residual_reference,
table_8.tex,0.8640,mean.D2.forward_residual_reference,
table_8.tex,1.0039,mean.A.forward_residual_ratio,
table_8.tex,0.0002,sd.A.forward_residual_ratio,
table_8.tex,1.0061,mean.B.forward_residual_ratio,
table_8.tex,0.0005,sd.B.forward_residual_ratio,
table_8.tex,1.0061,mean.D0.forward_residual_ratio,
table_8.tex,1.0068,mean.D1.forward_residual_ratio,
table_8.tex,1.0068,mean.D2.forward_residual_ratio,
table_8.tex,0.2689,mean.A.phase_mae_rad_in_cell,
table_8.tex,0.0056,sd.A.phase_mae_rad_in_cell,
table_8.tex,0.2876,mean.B.phase_mae_rad_in_cell,
table_8.tex,0.0064,sd.B.phase_mae_rad_in_cell,
table_8.tex,0.2862,mean.D0.phase_mae_rad_in_cell,
table_8.tex,0.2893,mean.D1.phase_mae_rad_in_cell,
table_8.tex,0.2886,mean.D2.phase_mae_rad_in_cell,
table_8.tex,32,disc.off_axis.images,
table_8.tex,0.9147,disc.off_axis.floor,
table_8.tex,+0.00035,disc.off_axis.margin.scaled_0.9,
table_8.tex,18,disc.off_axis.win.scaled_0.9 x disc.off_axis.images,win rate times fields
table_8.tex,+0.0080,disc.off_axis.margin.scaled_0.5,
table_8.tex,20,disc.off_axis.win.scaled_0.5 x disc.off_axis.images,win rate times fields
table_8.tex,32,disc.gabor.images,
table_8.tex,0.6993,disc.gabor.floor,
table_8.tex,+0.00432,disc.gabor.margin.scaled_0.9,
table_8.tex,30,disc.gabor.win.scaled_0.9 x disc.gabor.images,win rate times fields
table_8.tex,+0.0622,disc.gabor.margin.scaled_0.5,
table_8.tex,32,disc.gabor.win.scaled_0.5 x disc.gabor.images,win rate times fields
table_8.tex,113,probe.global.images,
table_8.tex,0.8914,probe.global.phase_reference,
table_8.tex,+0.00027,probe.global.phase_scaled_0.9.change,
table_8.tex,+0.0070,probe.global.phase_scaled_0.5.change,
table_8.tex,112,probe.per_field.images,
table_8.tex,0.3906,probe.per_field.phase_reference,
table_8.tex,+0.00110,probe.per_field.phase_scaled_0.9.change,
table_8.tex,+0.0359,probe.per_field.phase_scaled_0.5.change,
table_8.tex,0.01,config.discrimination_tolerance,
table_8.tex,405,probe.per_field.missing.99.surface_pv_rad,
table_8.tex,0.8926,probe.global_common.phase_reference,
table_5.tex,-1.424,ep.-5.shift_um,
table_5.tex,0.8452,ep.-5.dice,
table_5.tex,-0.2748,ep.-5.area_signed,
table_5.tex,-0.1966,ep.-5.mass_signed,
table_5.tex,0.717,ep.-5.mass_over_area,
table_5.tex,-1.139,ep.-4.shift_um,
table_5.tex,0.8831,ep.-4.dice,
table_5.tex,-0.2269,ep.-4.area_signed,
table_5.tex,-0.1651,ep.-4.mass_signed,
table_5.tex,0.729,ep.-4.mass_over_area,
table_5.tex,-0.855,ep.-3.shift_um,
table_5.tex,0.9127,ep.-3.dice,
table_5.tex,-0.1818,ep.-3.area_signed,
table_5.tex,-0.1332,ep.-3.mass_signed,
table_5.tex,0.733,ep.-3.mass_over_area,
table_5.tex,-0.570,ep.-2.shift_um,
table_5.tex,0.9453,ep.-2.dice,
table_5.tex,-0.1229,ep.-2.area_signed,
table_5.tex,-0.0902,ep.-2.mass_signed,
table_5.tex,0.747,ep.-2.mass_over_area,
table_5.tex,-0.285,ep.-1.shift_um,
table_5.tex,0.9731,ep.-1.dice,
table_5.tex,-0.0649,ep.-1.area_signed,
table_5.tex,-0.0474,ep.-1.mass_signed,
table_5.tex,0.735,ep.-1.mass_over_area,
table_5.tex,+0.285,ep.1.shift_um,
table_5.tex,0.9741,ep.1.dice,
table_5.tex,+0.0693,ep.1.area_signed,
table_5.tex,+0.0484,ep.1.mass_signed,
table_5.tex,0.703,ep.1.mass_over_area,
table_5.tex,+0.570,ep.2.shift_um,
table_5.tex,0.9493,ep.2.dice,
table_5.tex,+0.1503,ep.2.area_signed,
table_5.tex,+0.0964,ep.2.mass_signed,
table_5.tex,0.678,ep.2.mass_over_area,
table_5.tex,+0.855,ep.3.shift_um,
table_5.tex,0.9255,ep.3.dice,
table_5.tex,+0.2138,ep.3.area_signed,
table_5.tex,+0.1194,ep.3.mass_signed,
table_5.tex,0.575,ep.3.mass_over_area,
table_5.tex,+1.139,ep.4.shift_um,
table_5.tex,0.9056,ep.4.dice,
table_5.tex,+0.2636,ep.4.area_signed,
table_5.tex,+0.1317,ep.4.mass_signed,
table_5.tex,0.518,ep.4.mass_over_area,
table_5.tex,+1.424,ep.5.shift_um,
table_5.tex,0.8808,ep.5.dice,
table_5.tex,+0.3262,ep.5.area_signed,
table_5.tex,+0.1416,ep.5.mass_signed,
table_5.tex,0.450,ep.5.mass_over_area,
table_5.tex,0.036,syn.mean.mass_abs_relative_error_mean,x100
table_5.tex,0.004,syn.sd.mass_abs_relative_error_mean,x100
table_5.tex,0.224,syn.mean.area_abs_relative_error_mean,x100
table_5.tex,0.018,syn.sd.area_abs_relative_error_mean,x100
table_5.tex,-2.592,syn.mean.field_total_mass_error_mean,x100
table_5.tex,0.889,syn.sd.field_total_mass_error_mean,x100
table_7.tex,12.31,hw.A.mean.pytorch_fp32.latency_mean_ms,
table_7.tex,0.12,hw.A.sd.pytorch_fp32.latency_mean_ms,
table_7.tex,1.15,hw.A.mean.pytorch_fp32.latency_p99_over_p50,
table_7.tex,0.03,hw.A.sd.pytorch_fp32.latency_p99_over_p50,
table_7.tex,81.2,hw.A.mean.pytorch_fp32.fps,
table_7.tex,0.8,hw.A.sd.pytorch_fp32.fps,
table_7.tex,36.77,hw.A.mean.pytorch_fp32.weights_mb,
table_7.tex,223.9,hw.A.mean.pytorch_fp32.peak_allocated_mb,
table_7.tex,14.21,hw.A.mean.onnx_fp32.latency_mean_ms,
table_7.tex,0.08,hw.A.sd.onnx_fp32.latency_mean_ms,
table_7.tex,1.08,hw.A.mean.onnx_fp32.latency_p99_over_p50,
table_7.tex,0.06,hw.A.sd.onnx_fp32.latency_p99_over_p50,
table_7.tex,70.4,hw.A.mean.onnx_fp32.fps,
table_7.tex,0.4,hw.A.sd.onnx_fp32.fps,
table_7.tex,9.19,hw.A.mean.pytorch_fp16.latency_mean_ms,
table_7.tex,0.10,hw.A.sd.pytorch_fp16.latency_mean_ms,
table_7.tex,1.11,hw.A.mean.pytorch_fp16.latency_p99_over_p50,
table_7.tex,0.06,hw.A.sd.pytorch_fp16.latency_p99_over_p50,
table_7.tex,108.9,hw.A.mean.pytorch_fp16.fps,
table_7.tex,1.2,hw.A.sd.pytorch_fp16.fps,
table_7.tex,18.38,hw.A.mean.pytorch_fp16.weights_mb,
table_7.tex,112.0,hw.A.mean.pytorch_fp16.peak_allocated_mb,
table_7.tex,8.42,hw.A.mean.onnx_fp16.latency_mean_ms,
table_7.tex,0.07,hw.A.sd.onnx_fp16.latency_mean_ms,
table_7.tex,1.01,hw.A.mean.onnx_fp16.latency_p99_over_p50,
table_7.tex,0.00,hw.A.sd.onnx_fp16.latency_p99_over_p50,
table_7.tex,118.8,hw.A.mean.onnx_fp16.fps,
table_7.tex,0.9,hw.A.sd.onnx_fp16.fps,
table_7.tex,12.97,hw.D0.mean.pytorch_fp32.latency_mean_ms,
table_7.tex,1.13,hw.D0.mean.pytorch_fp32.latency_p99_over_p50,
table_7.tex,77.1,hw.D0.mean.pytorch_fp32.fps,
table_7.tex,36.81,hw.D0.mean.pytorch_fp32.weights_mb,
table_7.tex,223.9,hw.D0.mean.pytorch_fp32.peak_allocated_mb,
table_7.tex,15.45,hw.D0.mean.onnx_fp32.latency_mean_ms,
table_7.tex,1.09,hw.D0.mean.onnx_fp32.latency_p99_over_p50,
table_7.tex,64.7,hw.D0.mean.onnx_fp32.fps,
table_7.tex,11.26,hw.D0.mean.pytorch_fp16.latency_mean_ms,
table_7.tex,1.12,hw.D0.mean.pytorch_fp16.latency_p99_over_p50,
table_7.tex,88.8,hw.D0.mean.pytorch_fp16.fps,
table_7.tex,18.40,hw.D0.mean.pytorch_fp16.weights_mb,
table_7.tex,111.4,hw.D0.mean.pytorch_fp16.peak_allocated_mb,
table_7.tex,9.18,hw.D0.mean.onnx_fp16.latency_mean_ms,
table_7.tex,1.01,hw.D0.mean.onnx_fp16.latency_p99_over_p50,
table_7.tex,109.0,hw.D0.mean.onnx_fp16.fps,
table_7.tex,11.80,hw.KA.mean.pytorch_fp32.latency_mean_ms,
table_7.tex,1.20,hw.KA.mean.pytorch_fp32.latency_p99_over_p50,
table_7.tex,84.7,hw.KA.mean.pytorch_fp32.fps,
table_7.tex,12.97,hw.KA.mean.pytorch_fp32.weights_mb,
table_7.tex,195.7,hw.KA.mean.pytorch_fp32.peak_allocated_mb,
table_7.tex,13.32,hw.KA.mean.onnx_fp32.latency_mean_ms,
table_7.tex,1.10,hw.KA.mean.onnx_fp32.latency_p99_over_p50,
table_7.tex,75.1,hw.KA.mean.onnx_fp32.fps,
table_7.tex,9.21,hw.KA.mean.pytorch_fp16.latency_mean_ms,
table_7.tex,1.16,hw.KA.mean.pytorch_fp16.latency_p99_over_p50,
table_7.tex,108.5,hw.KA.mean.pytorch_fp16.fps,
table_7.tex,6.48,hw.KA.mean.pytorch_fp16.weights_mb,
table_7.tex,98.7,hw.KA.mean.pytorch_fp16.peak_allocated_mb,
table_7.tex,7.97,hw.KA.mean.onnx_fp16.latency_mean_ms,
table_7.tex,1.01,hw.KA.mean.onnx_fp16.latency_p99_over_p50,
table_7.tex,125.4,hw.KA.mean.onnx_fp16.fps,
table_8.tex,0.212,decomp.A.cell.edge.recall_mean,
table_8.tex,0.003,decomp.A.cell.edge.recall_sd,
table_8.tex,0.912,decomp.A.cell.interior.recall_mean,
table_8.tex,0.002,decomp.A.cell.interior.recall_sd,
table_8.tex,0.305,locmean.A.edge.mape,
table_8.tex,0.010,locsd.A.edge.mape,
table_8.tex,0.149,locmean.A.interior.mape,
table_8.tex,0.004,locsd.A.interior.mape,
table_8.tex,337,locmean.A.fp_all,
table_8.tex,32,locsd.A.fp_all,
table_8.tex,136,locmean.A.fp_near,
table_8.tex,16,locsd.A.fp_near,
table_8.tex,0.220,decomp.B.cell.edge.recall_mean,
table_8.tex,0.005,decomp.B.cell.edge.recall_sd,
table_8.tex,0.919,decomp.B.cell.interior.recall_mean,
table_8.tex,0.002,decomp.B.cell.interior.recall_sd,
table_8.tex,0.315,locmean.B.edge.mape,
table_8.tex,0.012,locsd.B.edge.mape,
table_8.tex,0.163,locmean.B.interior.mape,
table_8.tex,0.003,locsd.B.interior.mape,
table_8.tex,456,locmean.B.fp_all,
table_8.tex,40,locsd.B.fp_all,
table_8.tex,203,locmean.B.fp_near,
table_8.tex,22,locsd.B.fp_near,
table_8.tex,0.208,decomp.B1.cell.edge.recall_mean,
table_8.tex,0.000,decomp.B1.cell.edge.recall_sd,
table_8.tex,0.907,decomp.B1.cell.interior.recall_mean,
table_8.tex,0.003,decomp.B1.cell.interior.recall_sd,
table_8.tex,0.299,locmean.B1.edge.mape,
table_8.tex,0.009,locsd.B1.edge.mape,
table_8.tex,0.167,locmean.B1.interior.mape,
table_8.tex,0.003,locsd.B1.interior.mape,
table_8.tex,342,locmean.B1.fp_all,
table_8.tex,27,locsd.B1.fp_all,
table_8.tex,136,locmean.B1.fp_near,
table_8.tex,14,locsd.B1.fp_near,
table_8.tex,0.225,decomp.classical.cell.edge.recall_mean,
table_8.tex,0.890,decomp.classical.cell.interior.recall_mean,
table_8.tex,0.322,locmean.classical.edge.mape,
table_8.tex,0.199,locmean.classical.interior.mape,
table_8.tex,494,loc.classical.fp_all,
table_8.tex,137,loc.classical.fp_near,
table_8.tex,1452,refcells.edge,
table_8.tex,1734,refcells.all - refcells.edge,difference
table_5.tex,+0.922,classical107.off_axis.recovered_phase_contrast_rad,
table_5.tex,-0.084,classical107.gabor.recovered_phase_contrast_rad,
table_5.tex,0.1625,common.G_s42.phase_mae_rad,
table_5.tex,0.1586,common.A_mean.phase_mae_rad,
table_5.tex,0.0024,common.A_sd.phase_mae_rad,
table_5.tex,0.1990,common.classical_off_axis.phase_mae_rad,
table_5.tex,0.3996,common.classical_gabor.phase_mae_rad,
table_5.tex,0.3005,common.G_s42.phase_mae_rad_in_cell,
table_5.tex,0.2726,common.A_mean.phase_mae_rad_in_cell,
table_5.tex,0.0057,common.A_sd.phase_mae_rad_in_cell,
table_5.tex,0.3157,common.classical_off_axis.phase_mae_rad_in_cell,
table_5.tex,1.0448,common.classical_gabor.phase_mae_rad_in_cell,
table_5.tex,0.8667,common.G_s42.phase_pearson_r,
table_5.tex,0.8745,common.A_mean.phase_pearson_r,
table_5.tex,0.0023,common.A_sd.phase_pearson_r,
table_5.tex,0.7849,common.classical_off_axis.phase_pearson_r,
table_5.tex,-0.2075,common.classical_gabor.phase_pearson_r,
table_5.tex,0.6296,common.G_s42.phase_ssim,
table_5.tex,0.6377,common.A_mean.phase_ssim,
table_5.tex,0.0053,common.A_sd.phase_ssim,
table_5.tex,0.5297,common.classical_off_axis.phase_ssim,
table_5.tex,0.0639,common.classical_gabor.phase_ssim,
table_5.tex,0.8148,common.G_s42.seg_dice,
table_5.tex,0.8330,common.A_mean.seg_dice,
table_5.tex,0.0013,common.A_sd.seg_dice,
table_5.tex,0.8240,common.classical_off_axis.seg_dice,
table_5.tex,0.1583,common.classical_gabor.seg_dice,
table_5.tex,0.6399,common.G_s42.seg_aji,
table_5.tex,0.6697,common.A_mean.seg_aji,
table_5.tex,0.0031,common.A_sd.seg_aji,
table_5.tex,0.6355,common.classical_off_axis.seg_aji,
table_5.tex,0.0549,common.classical_gabor.seg_aji,
table_5.tex,0.4165,common.G_s42.seg_boundary_f1,
table_5.tex,0.4706,common.A_mean.seg_boundary_f1,
table_5.tex,0.0052,common.A_sd.seg_boundary_f1,
table_5.tex,0.3943,common.classical_off_axis.seg_boundary_f1,
table_5.tex,0.1087,common.classical_gabor.seg_boundary_f1,
table_5.tex,0.5885,common.G_s42.detection_recall,
table_5.tex,0.5936,common.A_mean.detection_recall,
table_5.tex,0.0031,common.A_sd.detection_recall,
table_5.tex,0.5849,common.classical_off_axis.detection_recall,
table_5.tex,0.0347,common.classical_gabor.detection_recall,
table_5.tex,0.8406,common.G_s42.detection_precision,
table_5.tex,0.8487,common.A_mean.detection_precision,
table_5.tex,0.0140,common.A_sd.detection_precision,
table_5.tex,0.7883,common.classical_off_axis.detection_precision,
table_5.tex,0.0077,common.classical_gabor.detection_precision,
table_5.tex,0.1669,common.G_s42.area_mape,
table_5.tex,0.1552,common.A_mean.area_mape,
table_5.tex,0.0025,common.A_sd.area_mape,
table_5.tex,0.1576,common.classical_off_axis.area_mape,
table_5.tex,0.5315,common.classical_gabor.area_mape,
table_5.tex,0.2129,common.G_s42.dry_mass_mape,
table_5.tex,0.1740,common.A_mean.dry_mass_mape,
table_5.tex,0.0045,common.A_sd.dry_mass_mape,
table_5.tex,0.2204,common.classical_off_axis.dry_mass_mape,
table_5.tex,0.6942,common.classical_gabor.dry_mass_mape,
table_5.tex,0.1356,common.G_s42.dry_mass_field_total_mape,
table_5.tex,0.1657,common.A_mean.dry_mass_field_total_mape,
table_5.tex,0.0145,common.A_sd.dry_mass_field_total_mape,
table_5.tex,0.1101,common.classical_off_axis.dry_mass_field_total_mape,
table_5.tex,0.6602,common.classical_gabor.dry_mass_field_total_mape,
table_5.tex,0.9029,common_run.G.s42.dry_mass_cell_pearson_r,
table_5.tex,0.9374,common_mean.A.dry_mass_cell_pearson_r,
table_5.tex,0.0010,common_sd.A.dry_mass_cell_pearson_r,
table_5.tex,0.8940,classical107.off_axis.dry_mass_cell_pearson_r,
table_5.tex,0.8758,classical107.gabor.dry_mass_cell_pearson_r,
table_5.tex,3055,split.G.test_cells,
table_5.tex,1798,common_run.G.s42.cells_matched,
table_5.tex,1813,common_mean.A.cells_matched,
table_5.tex,10,common_sd.A.cells_matched,
table_5.tex,1787,classical107.off_axis.cells_matched,
table_5.tex,106,classical107.gabor.cells_matched,
table_5.tex,106,classical107.gabor.cells_matched,
table_7.tex,1889,decomp_run.A_s42.cell.all.n + decomp_run.A_s1337.cell.all.n + decomp_run.A_s2024.cell.all.n,mean of matched cells per run
table_7.tex,0.593,decomp.A.cell.all.recall_mean,
table_7.tex,1.002,decomp.A.cell.all.domain_gm_mean,
table_7.tex,0.002,decomp.A.cell.all.domain_gm_sd,
table_7.tex,0.929,decomp.A.cell.all.phase_gm_mean,
table_7.tex,0.016,decomp.A.cell.all.phase_gm_sd,
table_7.tex,0.931,decomp.A.cell.all.total_gm_mean,
table_7.tex,0.014,decomp.A.cell.all.total_gm_sd,
table_7.tex,0.042,decomp.A.cell.all.domain_med_abs_log_mean,
table_7.tex,0.102,decomp.A.cell.all.phase_med_abs_log_mean,
table_7.tex,0.132,decomp.A.cell.all.total_med_abs_log_mean,
table_7.tex,1581,decomp_run.A_s42.cell.interior.n + decomp_run.A_s1337.cell.interior.n + decomp_run.A_s2024.cell.interior.n,mean of matched cells per run
table_7.tex,0.912,decomp.A.cell.interior.recall_mean,
table_7.tex,1.006,decomp.A.cell.interior.domain_gm_mean,
table_7.tex,0.002,decomp.A.cell.interior.domain_gm_sd,
table_7.tex,0.957,decomp.A.cell.interior.phase_gm_mean,
table_7.tex,0.017,decomp.A.cell.interior.phase_gm_sd,
table_7.tex,0.963,decomp.A.cell.interior.total_gm_mean,
table_7.tex,0.015,decomp.A.cell.interior.total_gm_sd,
table_7.tex,0.038,decomp.A.cell.interior.domain_med_abs_log_mean,
table_7.tex,0.090,decomp.A.cell.interior.phase_med_abs_log_mean,
table_7.tex,0.116,decomp.A.cell.interior.total_med_abs_log_mean,
table_7.tex,308,decomp_run.A_s42.cell.edge.n + decomp_run.A_s1337.cell.edge.n + decomp_run.A_s2024.cell.edge.n,mean of matched cells per run
table_7.tex,0.212,decomp.A.cell.edge.recall_mean,
table_7.tex,0.982,decomp.A.cell.edge.domain_gm_mean,
table_7.tex,0.004,decomp.A.cell.edge.domain_gm_sd,
table_7.tex,0.797,decomp.A.cell.edge.phase_gm_mean,
table_7.tex,0.014,decomp.A.cell.edge.phase_gm_sd,
table_7.tex,0.782,decomp.A.cell.edge.total_gm_mean,
table_7.tex,0.014,decomp.A.cell.edge.total_gm_sd,
table_7.tex,0.076,decomp.A.cell.edge.domain_med_abs_log_mean,
table_7.tex,0.267,decomp.A.cell.edge.phase_med_abs_log_mean,
table_7.tex,0.303,decomp.A.cell.edge.total_med_abs_log_mean,
table_7.tex,113,split.A.test,
table_7.tex,0.897,decomp.A.field.all.domain_gm_mean,
table_7.tex,0.002,decomp.A.field.all.domain_gm_sd,
table_7.tex,0.933,decomp.A.field.all.phase_gm_mean,
table_7.tex,0.021,decomp.A.field.all.phase_gm_sd,
table_7.tex,0.838,decomp.A.field.all.total_gm_mean,
table_7.tex,0.017,decomp.A.field.all.total_gm_sd,
table_7.tex,0.105,decomp.A.field.all.domain_med_abs_log_mean,
table_7.tex,0.073,decomp.A.field.all.phase_med_abs_log_mean,
table_7.tex,0.179,decomp.A.field.all.total_med_abs_log_mean,
table_7.tex,1870,decomp_run.classical.cell.all.n,
table_7.tex,0.587,decomp.classical.cell.all.recall_mean,
table_7.tex,0.966,decomp.classical.cell.all.domain_gm_mean,
table_7.tex,1.014,decomp.classical.cell.all.phase_gm_mean,
table_7.tex,0.980,decomp.classical.cell.all.total_gm_mean,
table_7.tex,0.046,decomp.classical.cell.all.domain_med_abs_log_mean,
table_7.tex,0.119,decomp.classical.cell.all.phase_med_abs_log_mean,
table_7.tex,0.169,decomp.classical.cell.all.total_med_abs_log_mean,
table_7.tex,1543,decomp_run.classical.cell.interior.n,
table_7.tex,0.890,decomp.classical.cell.interior.recall_mean,
table_7.tex,0.977,decomp.classical.cell.interior.domain_gm_mean,
table_7.tex,1.028,decomp.classical.cell.interior.phase_gm_mean,
table_7.tex,1.004,decomp.classical.cell.interior.total_gm_mean,
table_7.tex,0.041,decomp.classical.cell.interior.domain_med_abs_log_mean,
table_7.tex,0.106,decomp.classical.cell.interior.phase_med_abs_log_mean,
table_7.tex,0.152,decomp.classical.cell.interior.total_med_abs_log_mean,
table_7.tex,327,decomp_run.classical.cell.edge.n,
table_7.tex,0.225,decomp.classical.cell.edge.recall_mean,
table_7.tex,0.919,decomp.classical.cell.edge.domain_gm_mean,
table_7.tex,0.952,decomp.classical.cell.edge.phase_gm_mean,
table_7.tex,0.875,decomp.classical.cell.edge.total_gm_mean,
table_7.tex,0.095,decomp.classical.cell.edge.domain_med_abs_log_mean,
table_7.tex,0.212,decomp.classical.cell.edge.phase_med_abs_log_mean,
table_7.tex,0.308,decomp.classical.cell.edge.total_med_abs_log_mean,
table_7.tex,113,split.A.test,
table_7.tex,0.857,decomp.classical.field.all.domain_gm_mean,
table_7.tex,1.055,decomp.classical.field.all.phase_gm_mean,
table_7.tex,0.905,decomp.classical.field.all.total_gm_mean,
table_7.tex,0.141,decomp.classical.field.all.domain_med_abs_log_mean,
table_7.tex,0.061,decomp.classical.field.all.phase_med_abs_log_mean,
table_7.tex,0.095,decomp.classical.field.all.total_med_abs_log_mean,
